# Blender 5.0.1
# www.blender.org
mtllib Player.mtl
o Chicken_Blob
v -0.321321 0.321042 0.196141
v -0.139981 0.306651 0.388038
v -0.429492 -0.225165 0.216644
v -0.183232 -0.232748 0.483170
v -0.163524 -0.400315 0.445429
v -0.394910 0.197484 -0.097352
v -0.135485 0.327692 -0.292767
v -0.255860 -0.234359 -0.366479
v -0.383983 -0.390267 -0.124685
v -0.380219 -0.393841 0.206043
v -0.163528 -0.384506 -0.408987
v -0.394745 0.189744 0.207946
v -0.200578 0.182017 -0.326719
v -0.176828 -0.481868 0.221358
v -0.178382 -0.479376 -0.147816
v -0.141205 0.417073 0.207986
v -0.101843 0.440291 -0.058810
v -0.424019 -0.222544 -0.169531
v -0.170894 0.162957 0.435836
v -0.191106 -0.018205 0.473374
v -0.183385 -0.006834 -0.422759
v -0.442327 0.000351 0.214990
v -0.455471 0.012283 -0.104091
v -0.358333 0.264894 0.203246
v -0.154981 0.242360 0.414572
v -0.172447 -0.334809 0.469178
v -0.409003 -0.324431 -0.132847
v -0.405021 -0.327720 0.213046
v -0.172127 -0.319576 -0.433862
v -0.187476 -0.497629 0.024011
v -0.148523 0.446688 0.055340
v -0.162854 -0.444317 0.375097
v -0.133015 0.362625 0.328440
v -0.319771 -0.436493 -0.126256
v -0.316888 -0.439799 0.205519
v -0.233067 0.378649 0.197699
v -0.162857 -0.433355 -0.336635
v -0.256105 0.301914 0.315792
v -0.350263 -0.010167 0.373083
v -0.337211 -0.224970 0.380006
v -0.300258 -0.383568 0.355565
v -0.340078 0.339376 0.052939
v -0.470816 0.006974 0.028219
v -0.406007 -0.404243 0.027204
v -0.459884 -0.226482 0.023628
v -0.333926 -0.379445 -0.231815
v -0.129063 0.381747 -0.227782
v -0.350111 0.271687 -0.063837
v -0.154293 0.262280 -0.305226
v -0.264482 0.326001 -0.170967
v -0.343443 -0.267942 -0.268787
v -0.194724 -0.134625 -0.425291
v -0.313103 0.172810 0.347356
v -0.419421 0.201734 0.043186
v -0.302211 0.190103 -0.244063
v -0.226176 0.100203 -0.359851
v -0.284108 0.246992 0.333081
v -0.317612 -0.322438 0.370876
v -0.380631 0.279438 0.049338
v -0.434206 -0.333563 0.025997
v -0.356092 -0.300196 -0.245984
v -0.336646 -0.453829 0.026719
v -0.236277 0.407464 0.054885
v -0.266603 -0.421635 0.319099
v -0.220502 0.342987 0.284951
v -0.295367 0.268651 -0.194171
v -0.208289 0.372182 -0.155424
v -0.306751 0.145600 -0.260594
v -0.447987 0.104641 0.035530
v -0.421394 0.097518 0.211279
v -0.334209 0.084999 0.360165
v -0.182494 0.075900 0.454756
v -0.394334 0.112018 -0.162903
v -0.470871 -0.101443 0.024836
v -0.441137 -0.106919 0.216569
v -0.189501 -0.121672 0.481419
v -0.347905 -0.114397 0.378756
v -0.466809 -0.115508 -0.106622
v -0.320132 0.334707 -0.034685
v -0.221156 0.396277 -0.049733
v -0.167985 -0.367562 0.457303
v -0.396493 -0.357349 -0.128766
v -0.392620 -0.360781 0.209544
v -0.167828 -0.352041 -0.421424
v -0.308935 -0.353003 0.363220
v -0.420106 -0.368903 0.026600
v -0.354106 -0.342918 -0.219439
v -0.245161 -0.183024 -0.318372
v -0.368219 -0.174378 -0.174246
v -0.192123 -0.016521 -0.359558
v -0.391236 -0.002531 -0.126357
v -0.309254 -0.207599 -0.246881
v -0.200421 -0.110038 -0.361411
v -0.223438 0.061808 -0.313522
v -0.282402 0.095030 -0.240886
v -0.346496 0.070454 -0.169395
v -0.399533 -0.096049 -0.128209
v -0.253174 -0.136263 -0.276696
v -0.332055 -0.130721 -0.184309
v -0.219176 -0.029533 -0.303096
v -0.346809 -0.020565 -0.153612
v -0.294258 -0.152016 -0.230869
v -0.224495 -0.089479 -0.304284
v -0.239249 0.020677 -0.273586
v -0.277046 0.041972 -0.227026
v -0.318130 0.026219 -0.181200
v -0.352128 -0.080511 -0.154799
v -0.285652 -0.055022 -0.228948
v 0.324515 0.321042 0.196141
v 0.143175 0.306651 0.388038
v 0.432686 -0.225165 0.216644
v 0.186426 -0.232748 0.483170
v 0.166718 -0.400315 0.445429
v 0.398104 0.197484 -0.097352
v 0.138679 0.327692 -0.292767
v 0.259054 -0.234359 -0.366479
v 0.387177 -0.390267 -0.124685
v 0.383413 -0.393841 0.206043
v 0.166722 -0.384506 -0.408987
v 0.397939 0.189744 0.207946
v 0.203772 0.182017 -0.326719
v 0.180022 -0.481868 0.221358
v 0.181576 -0.479376 -0.147816
v 0.144399 0.417073 0.207986
v 0.105037 0.440291 -0.058810
v 0.427213 -0.222544 -0.169531
v 0.174088 0.162957 0.435836
v 0.194300 -0.018205 0.473374
v 0.186579 -0.006834 -0.422759
v 0.445522 0.000351 0.214990
v 0.458665 0.012283 -0.104091
v 0.361527 0.264894 0.203246
v 0.158175 0.242360 0.414572
v 0.175641 -0.334809 0.469178
v 0.412197 -0.324431 -0.132847
v 0.408215 -0.327720 0.213046
v 0.175321 -0.319576 -0.433862
v 0.001597 -0.495218 0.230260
v 0.190670 -0.497629 0.024011
v 0.001597 -0.487284 -0.189797
v 0.001597 0.435290 0.215169
v 0.151717 0.446688 0.055340
v 0.166048 -0.444317 0.375097
v 0.136209 0.362625 0.328440
v 0.322965 -0.436493 -0.126256
v 0.320082 -0.439799 0.205519
v 0.236261 0.378649 0.197699
v 0.166051 -0.433355 -0.336635
v 0.001597 0.310282 0.406701
v 0.001597 -0.021605 0.502107
v 0.259299 0.301914 0.315792
v 0.353457 -0.010167 0.373083
v 0.001597 -0.409940 0.468955
v 0.001597 -0.235598 0.512594
v 0.340405 -0.224970 0.380006
v 0.303452 -0.383568 0.355565
v 0.343272 0.339376 0.052939
v 0.474010 0.006974 0.028219
v 0.409202 -0.404243 0.027204
v 0.463078 -0.226482 0.023628
v 0.337120 -0.379445 -0.231815
v 0.001597 0.330344 -0.318132
v 0.001597 -0.030205 -0.469396
v 0.001597 -0.392435 -0.443089
v 0.001597 -0.232248 -0.489197
v 0.132257 0.381747 -0.227782
v 0.353305 0.271687 -0.063837
v 0.157487 0.262280 -0.305226
v 0.001597 0.459720 -0.004677
v 0.267676 0.326001 -0.170967
v 0.346637 -0.267942 -0.268787
v 0.197918 -0.134625 -0.425291
v 0.001597 0.157265 0.460965
v 0.316297 0.172810 0.347356
v 0.422615 0.201734 0.043186
v 0.001597 0.168094 -0.396688
v 0.305405 0.190103 -0.244063
v 0.229370 0.100203 -0.359851
v 0.287302 0.246992 0.333081
v 0.320806 -0.322438 0.370876
v 0.383825 0.279438 0.049338
v 0.437400 -0.333563 0.025997
v 0.359286 -0.300196 -0.245984
v 0.339840 -0.453829 0.026719
v 0.239471 0.407464 0.054885
v 0.269797 -0.421635 0.319099
v 0.223696 0.342987 0.284951
v 0.298561 0.268651 -0.194171
v 0.211483 0.372182 -0.155424
v 0.309945 0.145600 -0.260594
v 0.001597 -0.130899 -0.490645
v 0.001597 0.239658 0.437191
v 0.001597 -0.340884 0.496565
v 0.001597 0.257623 -0.356993
v 0.001597 -0.323133 -0.471273
v 0.001597 -0.511145 0.021946
v 0.001597 0.467879 0.054758
v 0.001597 -0.456730 0.392582
v 0.001597 0.373904 0.341895
v 0.001597 -0.446143 -0.363761
v 0.001597 0.391195 -0.247152
v 0.001597 0.075978 -0.431308
v 0.451181 0.104641 0.035530
v 0.424588 0.097518 0.211279
v 0.337403 0.084999 0.360165
v 0.185687 0.075900 0.454756
v 0.001597 0.070928 0.481804
v 0.397528 0.112018 -0.162903
v 0.474065 -0.101443 0.024836
v 0.444332 -0.106919 0.216569
v 0.001597 -0.123819 0.510805
v 0.192695 -0.121672 0.481419
v 0.351100 -0.114397 0.378756
v 0.470004 -0.115508 -0.106622
v 0.323326 0.334707 -0.034685
v 0.224350 0.396277 -0.049733
v 0.171179 -0.367562 0.457303
v 0.399687 -0.357349 -0.128766
v 0.395814 -0.360781 0.209544
v 0.171022 -0.352041 -0.421424
v 0.001597 -0.375412 0.482760
v 0.312129 -0.353003 0.363220
v 0.423301 -0.368903 0.026600
v 0.357300 -0.342918 -0.219439
v 0.001597 -0.357784 -0.457181
v 0.248355 -0.183024 -0.318372
v 0.371413 -0.174378 -0.174246
v 0.195317 -0.016521 -0.359558
v 0.394430 -0.002531 -0.126357
v 0.312448 -0.207599 -0.246881
v 0.203615 -0.110038 -0.361411
v 0.226632 0.061808 -0.313522
v 0.285596 0.095030 -0.240886
v 0.349690 0.070454 -0.169395
v 0.402727 -0.096049 -0.128209
v 0.256368 -0.136263 -0.276696
v 0.335249 -0.130721 -0.184309
v 0.222370 -0.029533 -0.303096
v 0.350003 -0.020565 -0.153612
v 0.297452 -0.152016 -0.230869
v 0.227689 -0.089479 -0.304284
v 0.242443 0.020677 -0.273586
v 0.280240 0.041972 -0.227026
v 0.321324 0.026219 -0.181200
v 0.355322 -0.080511 -0.154799
v 0.288846 -0.055022 -0.228948
v -0.059290 0.280563 -0.152635
v -0.117097 0.566027 -0.363532
v -0.144069 0.495750 -0.287673
v -0.095776 0.545351 -0.231700
v -0.085563 0.454552 -0.392305
v -0.062404 0.196465 -0.039765
v -0.076051 0.761040 -0.144075
v -0.134813 0.473515 -0.067991
v -0.066863 0.495724 0.016067
v -0.071591 0.461780 -0.199906
v -0.059075 0.256991 0.068778
v -0.070973 0.736381 0.223064
v -0.126407 0.484528 0.162562
v -0.062963 0.473784 0.238021
v -0.067085 0.519587 0.053821
v -0.054807 0.247885 0.198299
v -0.064653 0.607705 0.424328
v -0.115819 0.415171 0.322135
v -0.058024 0.393671 0.380626
v -0.061435 0.461920 0.242001
v 0.052009 0.280563 -0.152635
v -0.027089 0.609930 -0.368455
v 0.067143 0.539653 -0.292595
v 0.010338 0.567403 -0.234172
v 0.019534 0.476402 -0.394755
v 0.055122 0.196465 -0.039765
v 0.068769 0.761040 -0.144075
v 0.127532 0.473515 -0.067991
v 0.059581 0.495724 0.016067
v 0.064309 0.461780 -0.199906
v 0.051793 0.256991 0.068778
v 0.063691 0.736380 0.223064
v 0.119125 0.484528 0.162562
v 0.055681 0.473784 0.238021
v 0.059803 0.519588 0.053821
v 0.047525 0.247885 0.198299
v 0.057371 0.607705 0.424328
v 0.108537 0.415171 0.322135
v 0.050743 0.393671 0.380626
v 0.054154 0.461920 0.242001
v 0.054183 0.303585 -0.298841
v 0.054786 0.410854 -0.114266
v 0.112610 0.365179 -0.179981
v -0.061465 0.303585 -0.298841
v -0.062068 0.410854 -0.114266
v -0.119892 0.365179 -0.179981
v -0.060135 0.339953 -0.096899
v -0.003641 0.276584 -0.165921
v -0.102266 0.305697 -0.146185
v -0.059683 0.259502 -0.235330
v -0.116723 0.579440 -0.296416
v -0.071497 0.585184 -0.375806
v -0.146938 0.540276 -0.333524
v -0.104258 0.519576 -0.404884
v -0.134043 0.524295 -0.250681
v -0.104984 0.330651 -0.236110
v -0.043054 0.559520 -0.227330
v -0.003641 0.291918 -0.331857
v -0.062033 0.279903 0.028884
v -0.016542 0.749238 -0.060967
v -0.109888 0.263305 -0.033695
v -0.066187 0.254170 -0.134490
v -0.072876 0.703059 -0.050744
v -0.003641 0.763855 -0.154879
v -0.126946 0.686343 -0.114251
v -0.075814 0.677876 -0.211329
v -0.115462 0.487219 -0.025777
v -0.121372 0.462429 -0.122169
v -0.003641 0.498677 0.036896
v -0.003641 0.464065 -0.244665
v -0.058752 0.299612 0.157745
v -0.003641 0.263304 0.059461
v -0.103625 0.307562 0.101541
v -0.062373 0.334217 0.018383
v -0.068205 0.659406 0.272247
v -0.003641 0.742224 0.215739
v -0.118497 0.667574 0.215262
v -0.070766 0.693507 0.135309
v -0.108485 0.481140 0.201525
v -0.113638 0.493995 0.115278
v -0.003641 0.469113 0.255651
v -0.003641 0.536415 0.019549
v -0.054539 0.267065 0.278999
v -0.003641 0.254556 0.192136
v -0.095643 0.283036 0.235421
v -0.057537 0.318661 0.174107
v -0.062362 0.537339 0.447598
v -0.003641 0.613659 0.419670
v -0.107950 0.553618 0.403438
v -0.064482 0.588117 0.344552
v -0.099665 0.405809 0.352796
v -0.103929 0.430846 0.286064
v -0.003641 0.386907 0.393834
v -0.003641 0.481308 0.217972
v 0.052854 0.339953 -0.096899
v 0.094984 0.305697 -0.146185
v 0.052402 0.259502 -0.235330
v -0.022481 0.617982 -0.300737
v 0.018375 0.606131 -0.340908
v -0.010684 0.557865 -0.409177
v 0.051402 0.562836 -0.255002
v 0.097702 0.330651 -0.236110
v 0.054751 0.279903 0.028884
v 0.102606 0.263305 -0.033695
v 0.058905 0.254170 -0.134490
v 0.065594 0.703059 -0.050744
v 0.119664 0.686343 -0.114251
v 0.068532 0.677876 -0.211329
v 0.108180 0.487219 -0.025777
v 0.114090 0.462429 -0.122169
v 0.051470 0.299612 0.157745
v 0.096344 0.307562 0.101541
v 0.055092 0.334217 0.018383
v 0.060923 0.659406 0.272247
v 0.111215 0.667574 0.215262
v 0.063484 0.693507 0.135309
v 0.101203 0.481140 0.201525
v 0.106356 0.493995 0.115278
v 0.047258 0.267065 0.278999
v 0.088362 0.283036 0.235421
v 0.050255 0.318661 0.174107
v 0.055080 0.537339 0.447598
v 0.100668 0.553618 0.403438
v 0.057200 0.588117 0.344552
v 0.092383 0.405809 0.352796
v 0.096647 0.430846 0.286064
v -0.105737 0.395727 -0.137138
v -0.127395 0.469305 -0.336830
v -0.003641 0.414562 -0.107823
v -0.032084 0.455561 -0.422235
v 0.098455 0.395727 -0.137138
v 0.056780 0.507594 -0.341122
v 0.046759 0.385118 -0.349779
v 0.044912 0.488319 -0.171202
v 0.103719 0.447126 -0.235094
v -0.068728 0.379655 -0.349166
v -0.071733 0.482806 -0.170584
v -0.128412 0.436150 -0.233863
v -0.092367 0.345435 -0.119334
v -0.091898 0.292675 -0.204339
v -0.137097 0.552102 -0.293286
v -0.129737 0.511145 -0.361938
v -0.098383 0.328445 -0.003408
v -0.102331 0.309762 -0.094862
v -0.109268 0.641801 -0.063010
v -0.112675 0.623362 -0.153225
v -0.092778 0.348662 0.152654
v -0.096220 0.364665 0.072849
v -0.102267 0.615310 0.236943
v -0.105238 0.631090 0.158217
v -0.085638 0.307434 0.285311
v -0.088486 0.333910 0.224437
v -0.093490 0.507835 0.409804
v -0.095948 0.533948 0.349750
v -0.003641 0.341739 -0.095388
v 0.085085 0.345435 -0.119334
v -0.003641 0.249756 -0.263414
v 0.084616 0.292675 -0.204339
v 0.015421 0.603423 -0.299040
v -0.069871 0.600087 -0.297244
v -0.056158 0.531460 -0.428857
v 0.022033 0.562264 -0.367669
v -0.003641 0.282526 0.040063
v 0.091101 0.328445 -0.003408
v -0.003641 0.256490 -0.171341
v 0.095049 0.309762 -0.094862
v 0.101986 0.641801 -0.063010
v -0.003641 0.706174 -0.036661
v -0.003641 0.680294 -0.247599
v 0.105393 0.623362 -0.153225
v -0.003641 0.297923 0.167642
v 0.085496 0.348662 0.152654
v -0.003641 0.348416 -0.009650
v 0.088938 0.364665 0.072849
v 0.094986 0.615310 0.236943
v -0.003641 0.657129 0.284635
v -0.003641 0.707589 0.107774
v 0.097956 0.631090 0.158217
v -0.003641 0.264019 0.286611
v 0.078356 0.307434 0.285311
v -0.003641 0.334869 0.154544
v 0.081204 0.333910 0.224437
v 0.086208 0.507835 0.409804
v -0.003641 0.533396 0.457092
v -0.003641 0.604146 0.325365
v 0.088666 0.533948 0.349750
v -0.114980 0.466197 -0.192483
v -0.112753 0.403643 -0.288249
v -0.013494 0.489129 -0.164659
v -0.010752 0.371157 -0.381411
v 0.088859 0.475832 -0.193563
v 0.089638 0.413215 -0.289323
v -0.616732 0.118809 -0.000007
v -0.558383 0.091236 0.010951
v -0.590842 0.115106 0.040437
v -0.555269 0.118501 -0.032754
v -0.635903 0.162454 0.010989
v -0.578689 0.202225 0.019538
v -0.593573 0.170915 0.051148
v -0.572845 0.173681 -0.034878
v -0.454633 0.147181 -0.034641
v -0.473478 0.150986 0.043308
v -0.462837 0.173232 0.012654
v -0.456347 0.099866 -0.031996
v -0.475217 0.103177 0.045984
v -0.466290 0.078109 0.017974
v -0.592071 -0.069082 -0.009430
v -0.527281 -0.067028 -0.000933
v -0.566047 -0.065914 0.030962
v -0.538980 -0.035610 -0.038979
v -0.629125 -0.041883 0.008399
v -0.597158 0.018367 0.026596
v -0.594361 -0.020367 0.051449
v -0.580542 0.004238 -0.031937
v -0.463918 0.037026 -0.031093
v -0.479469 0.020173 0.045598
v -0.481697 0.048909 0.019861
v -0.443034 -0.005183 -0.037083
v -0.458374 -0.022481 0.039548
v -0.439718 -0.035954 0.007821
v -0.584157 0.262331 -0.012454
v -0.536822 0.219460 0.002712
v -0.560039 0.254704 0.028667
v -0.526195 0.240247 -0.043864
v -0.588970 0.310522 -0.006944
v -0.522253 0.331532 -0.002027
v -0.545496 0.309374 0.032777
v -0.526168 0.297650 -0.052713
v -0.421654 0.236545 -0.047243
v -0.437305 0.253163 0.029486
v -0.420848 0.268122 -0.003391
v -0.437649 0.192518 -0.039141
v -0.453475 0.208679 0.037675
v -0.453012 0.179612 0.012900
v -0.407951 0.090738 0.029863
v -0.404261 0.074762 0.013578
v -0.396419 0.085754 -0.017269
v -0.621494 0.115776 0.019493
v -0.635667 0.138617 0.002973
v -0.588003 0.103020 0.002502
v -0.590132 0.120839 -0.017583
v -0.578736 0.096582 0.025558
v -0.459550 0.083090 -0.006478
v -0.595517 0.141614 0.050623
v -0.455202 0.123032 -0.045683
v -0.403338 0.118667 0.026937
v -0.395085 0.130319 0.007756
v -0.391855 0.113382 -0.020164
v -0.629133 0.162604 0.036842
v -0.617042 0.185322 0.018394
v -0.616326 0.167225 -0.016291
v -0.587225 0.194091 0.041094
v -0.456544 0.166014 -0.011114
v -0.472777 0.084835 0.036936
v -0.545367 0.098674 -0.007211
v -0.474991 0.127205 0.047360
v -0.570344 0.145307 -0.047902
v -0.469739 0.168376 0.032262
v -0.572413 0.195396 -0.007718
v -0.515575 0.170705 -0.041939
v -0.538572 0.172128 0.053454
v -0.525676 0.201937 0.016824
v -0.511042 0.111581 -0.039550
v -0.537757 0.112379 0.052657
v -0.520328 0.083064 0.018416
v -0.393847 0.000813 0.024474
v -0.383663 -0.008943 0.005707
v -0.383059 0.008742 -0.022374
v -0.594126 -0.076775 0.009035
v -0.617976 -0.061278 -0.003787
v -0.559232 -0.069573 -0.008491
v -0.570238 -0.052229 -0.025184
v -0.547196 -0.074109 0.013506
v -0.437019 -0.024924 -0.015087
v -0.582285 -0.046610 0.045567
v -0.453441 0.017417 -0.046356
v -0.403052 0.027625 0.026827
v -0.401973 0.044392 0.010388
v -0.392164 0.035266 -0.020046
v -0.622290 -0.042290 0.034228
v -0.623018 -0.014224 0.020678
v -0.615123 -0.024566 -0.016750
v -0.600058 0.004173 0.045997
v -0.473618 0.049054 -0.004590
v -0.447910 -0.035924 0.027434
v -0.519983 -0.051814 -0.016910
v -0.469448 -0.001742 0.045242
v -0.565443 -0.017299 -0.049775
v -0.484774 0.038609 0.038007
v -0.589405 0.019346 -0.001225
v -0.528951 0.029709 -0.036828
v -0.546401 0.006313 0.056446
v -0.550424 0.043532 0.026281
v -0.497009 -0.019753 -0.044912
v -0.517556 -0.044986 0.044938
v -0.489637 -0.057228 0.006689
v -0.393435 0.174892 0.024317
v -0.395022 0.157123 0.010047
v -0.384657 0.162262 -0.021763
v -0.589331 0.262730 0.007203
v -0.596117 0.287134 -0.012140
v -0.561566 0.238858 -0.007600
v -0.558463 0.254504 -0.029684
v -0.554364 0.232088 0.016245
v -0.445433 0.179992 -0.011872
v -0.556273 0.282177 0.035627
v -0.429707 0.212825 -0.055425
v -0.380584 0.199655 0.018242
v -0.369458 0.206381 -0.002037
v -0.371945 0.186758 -0.027772
v -0.582099 0.311012 0.018870
v -0.563940 0.327114 -0.001897
v -0.569271 0.306527 -0.034271
v -0.532544 0.328443 0.020199
v -0.417398 0.257152 -0.026072
v -0.456866 0.189725 0.030856
v -0.522427 0.220840 -0.015976
v -0.445926 0.231487 0.036253
v -0.532613 0.268809 -0.062320
v -0.428613 0.267457 0.016547
v -0.518751 0.320611 -0.028223
v -0.472637 0.276715 -0.058346
v -0.492714 0.293970 0.035931
v -0.471894 0.314845 -0.003727
v -0.486281 0.219579 -0.049011
v -0.510135 0.237079 0.042102
v -0.502959 0.200818 0.011779
v -0.407789 0.079584 0.024884
v -0.399695 0.076682 -0.001368
v -0.598553 0.104040 0.015426
v -0.573736 0.106843 -0.007484
v -0.406037 0.104880 0.030040
v -0.399729 0.128384 0.019770
v -0.393962 0.098985 -0.026182
v -0.391697 0.125106 -0.006443
v -0.613937 0.181386 0.033738
v -0.631340 0.136907 0.031681
v -0.613626 0.142748 -0.026543
v -0.603965 0.183713 -0.002012
v -0.531761 0.090397 0.040118
v -0.510931 0.090190 -0.009216
v -0.539600 0.141970 0.056835
v -0.514608 0.140624 -0.055989
v -0.534116 0.194801 0.040716
v -0.517934 0.193813 -0.012601
v -0.388630 -0.008061 0.017563
v -0.381090 -0.002965 -0.008477
v -0.568535 -0.075534 0.003956
v -0.548831 -0.058082 -0.017000
v -0.398820 0.013951 0.027282
v -0.404714 0.038788 0.021674
v -0.387455 0.022659 -0.028668
v -0.397050 0.043523 -0.004397
v -0.617869 -0.018387 0.035241
v -0.612312 -0.064864 0.024411
v -0.601584 -0.043031 -0.031144
v -0.611485 -0.006500 0.000861
v -0.502372 -0.059402 0.028888
v -0.485725 -0.042625 -0.018848
v -0.532971 -0.020806 0.054303
v -0.514435 0.006116 -0.056055
v -0.553625 0.029911 0.048171
v -0.540849 0.044392 -0.003845
v -0.396749 0.163818 0.020665
v -0.390307 0.156155 -0.004956
v -0.571114 0.244245 0.004941
v -0.546961 0.237196 -0.017715
v -0.387306 0.187714 0.022883
v -0.374294 0.207086 0.010051
v -0.378421 0.173208 -0.032120
v -0.368025 0.199089 -0.015488
v -0.561957 0.323872 0.013876
v -0.592098 0.286874 0.016687
v -0.574299 0.281574 -0.041570
v -0.552273 0.319700 -0.021764
v -0.511298 0.213269 0.032299
v -0.492244 0.202122 -0.016357
v -0.502822 0.266046 0.042782
v -0.481077 0.246629 -0.068801
v -0.481755 0.312890 0.020708
v -0.467423 0.302048 -0.031902
v 0.619926 0.118809 -0.000007
v 0.561577 0.091236 0.010951
v 0.594036 0.115106 0.040437
v 0.558463 0.118501 -0.032754
v 0.639097 0.162454 0.010989
v 0.581883 0.202225 0.019538
v 0.596767 0.170915 0.051148
v 0.576039 0.173681 -0.034878
v 0.457827 0.147181 -0.034641
v 0.476672 0.150986 0.043308
v 0.466031 0.173232 0.012654
v 0.459541 0.099866 -0.031996
v 0.478411 0.103177 0.045984
v 0.469484 0.078109 0.017974
v 0.595265 -0.069082 -0.009430
v 0.530475 -0.067028 -0.000933
v 0.569241 -0.065914 0.030962
v 0.542174 -0.035610 -0.038979
v 0.632319 -0.041883 0.008399
v 0.600352 0.018367 0.026596
v 0.597555 -0.020367 0.051449
v 0.583736 0.004238 -0.031937
v 0.467112 0.037026 -0.031093
v 0.482663 0.020173 0.045598
v 0.484891 0.048909 0.019861
v 0.446229 -0.005183 -0.037083
v 0.461568 -0.022481 0.039548
v 0.442912 -0.035954 0.007821
v 0.587351 0.262331 -0.012454
v 0.540016 0.219460 0.002712
v 0.563233 0.254704 0.028667
v 0.529389 0.240247 -0.043864
v 0.592164 0.310522 -0.006944
v 0.525447 0.331532 -0.002027
v 0.548690 0.309374 0.032777
v 0.529362 0.297650 -0.052713
v 0.424848 0.236545 -0.047243
v 0.440500 0.253163 0.029486
v 0.424042 0.268122 -0.003391
v 0.440843 0.192518 -0.039141
v 0.456669 0.208679 0.037675
v 0.456206 0.179612 0.012900
v 0.411145 0.090738 0.029863
v 0.407455 0.074762 0.013578
v 0.399613 0.085754 -0.017269
v 0.624688 0.115776 0.019493
v 0.638861 0.138617 0.002973
v 0.591196 0.103020 0.002502
v 0.593326 0.120839 -0.017583
v 0.581930 0.096582 0.025558
v 0.462744 0.083090 -0.006478
v 0.598711 0.141614 0.050623
v 0.458396 0.123032 -0.045683
v 0.406532 0.118667 0.026937
v 0.398279 0.130319 0.007756
v 0.395050 0.113382 -0.020164
v 0.632327 0.162604 0.036842
v 0.620236 0.185322 0.018394
v 0.619520 0.167225 -0.016291
v 0.590419 0.194091 0.041094
v 0.459738 0.166014 -0.011114
v 0.475971 0.084835 0.036936
v 0.548561 0.098674 -0.007211
v 0.478185 0.127205 0.047360
v 0.573538 0.145307 -0.047902
v 0.472934 0.168376 0.032262
v 0.575606 0.195396 -0.007718
v 0.518769 0.170705 -0.041939
v 0.541766 0.172128 0.053454
v 0.528870 0.201937 0.016824
v 0.514236 0.111581 -0.039550
v 0.540951 0.112379 0.052657
v 0.523522 0.083064 0.018416
v 0.397042 0.000813 0.024474
v 0.386857 -0.008943 0.005707
v 0.386253 0.008742 -0.022374
v 0.597320 -0.076775 0.009035
v 0.621170 -0.061278 -0.003787
v 0.562426 -0.069573 -0.008491
v 0.573432 -0.052229 -0.025184
v 0.550390 -0.074109 0.013506
v 0.440213 -0.024924 -0.015087
v 0.585479 -0.046610 0.045567
v 0.456635 0.017417 -0.046356
v 0.406246 0.027625 0.026827
v 0.405167 0.044392 0.010388
v 0.395358 0.035266 -0.020046
v 0.625484 -0.042290 0.034228
v 0.626212 -0.014224 0.020678
v 0.618317 -0.024566 -0.016750
v 0.603252 0.004173 0.045997
v 0.476812 0.049054 -0.004590
v 0.451104 -0.035924 0.027434
v 0.523177 -0.051814 -0.016910
v 0.472642 -0.001742 0.045242
v 0.568637 -0.017299 -0.049775
v 0.487968 0.038609 0.038007
v 0.592599 0.019346 -0.001225
v 0.532145 0.029709 -0.036828
v 0.549595 0.006313 0.056446
v 0.553618 0.043532 0.026281
v 0.500203 -0.019753 -0.044912
v 0.520750 -0.044986 0.044938
v 0.492831 -0.057228 0.006689
v 0.396629 0.174892 0.024317
v 0.398216 0.157123 0.010047
v 0.387851 0.162262 -0.021763
v 0.592525 0.262730 0.007203
v 0.599311 0.287134 -0.012140
v 0.564760 0.238858 -0.007600
v 0.561657 0.254504 -0.029684
v 0.557558 0.232088 0.016245
v 0.448627 0.179992 -0.011872
v 0.559467 0.282177 0.035627
v 0.432901 0.212825 -0.055425
v 0.383778 0.199655 0.018242
v 0.372652 0.206381 -0.002037
v 0.375139 0.186758 -0.027772
v 0.585293 0.311012 0.018870
v 0.567134 0.327114 -0.001897
v 0.572465 0.306527 -0.034271
v 0.535738 0.328443 0.020199
v 0.420592 0.257152 -0.026072
v 0.460060 0.189725 0.030856
v 0.525621 0.220840 -0.015976
v 0.449120 0.231487 0.036253
v 0.535807 0.268809 -0.062320
v 0.431807 0.267457 0.016547
v 0.521945 0.320611 -0.028223
v 0.475831 0.276715 -0.058346
v 0.495908 0.293970 0.035931
v 0.475088 0.314845 -0.003727
v 0.489475 0.219579 -0.049011
v 0.513329 0.237079 0.042102
v 0.506153 0.200818 0.011779
v 0.410983 0.079584 0.024884
v 0.402889 0.076682 -0.001368
v 0.601746 0.104040 0.015426
v 0.576930 0.106843 -0.007484
v 0.409231 0.104880 0.030040
v 0.402923 0.128384 0.019770
v 0.397156 0.098985 -0.026182
v 0.394891 0.125106 -0.006443
v 0.617131 0.181386 0.033738
v 0.634534 0.136907 0.031681
v 0.616820 0.142748 -0.026543
v 0.607159 0.183713 -0.002012
v 0.534955 0.090397 0.040118
v 0.514125 0.090190 -0.009216
v 0.542794 0.141970 0.056835
v 0.517802 0.140624 -0.055989
v 0.537310 0.194801 0.040716
v 0.521128 0.193813 -0.012601
v 0.391824 -0.008061 0.017563
v 0.384284 -0.002965 -0.008477
v 0.571729 -0.075534 0.003956
v 0.552025 -0.058082 -0.017000
v 0.402014 0.013951 0.027282
v 0.407908 0.038788 0.021674
v 0.390649 0.022659 -0.028668
v 0.400244 0.043523 -0.004397
v 0.621063 -0.018387 0.035241
v 0.615506 -0.064864 0.024411
v 0.604778 -0.043031 -0.031144
v 0.614679 -0.006500 0.000861
v 0.505566 -0.059402 0.028888
v 0.488919 -0.042625 -0.018848
v 0.536165 -0.020806 0.054303
v 0.517629 0.006116 -0.056055
v 0.556819 0.029911 0.048171
v 0.544043 0.044392 -0.003845
v 0.399943 0.163818 0.020665
v 0.393501 0.156155 -0.004956
v 0.574308 0.244245 0.004941
v 0.550155 0.237196 -0.017715
v 0.390500 0.187714 0.022883
v 0.377488 0.207086 0.010051
v 0.381615 0.173208 -0.032120
v 0.371219 0.199089 -0.015488
v 0.565151 0.323872 0.013876
v 0.595292 0.286874 0.016687
v 0.577493 0.281574 -0.041570
v 0.555467 0.319700 -0.021764
v 0.514493 0.213269 0.032299
v 0.495438 0.202122 -0.016357
v 0.506016 0.266046 0.042782
v 0.484271 0.246629 -0.068801
v 0.484950 0.312890 0.020708
v 0.470617 0.302048 -0.031902
v -0.052248 -0.238122 -0.483327
v -0.070110 -0.151007 -0.646616
v -0.000618 -0.017221 -0.670376
v -0.073016 -0.075701 -0.650328
v -0.022646 -0.195042 -0.651769
v -0.000491 -0.088670 -0.762077
v -0.002807 0.046290 -0.512133
v -0.154129 -0.108479 -0.479587
v -0.001514 -0.112202 -0.761394
v -0.097347 -0.109506 -0.649251
v -0.000343 -0.136655 -0.757869
v -0.023394 -0.344051 -0.451141
v -0.023394 -0.319164 -0.408453
v -0.070755 -0.441656 -0.629171
v -0.006184 -0.345623 -0.680311
v -0.031724 -0.311895 -0.450685
v -0.047075 -0.403037 -0.526023
v -0.055954 -0.345202 -0.522488
v -0.080184 -0.368508 -0.614069
v -0.031724 -0.255121 -0.569526
v -0.031724 -0.249597 -0.498673
v -0.031724 -0.239461 -0.449017
v -0.006733 -0.245486 -0.621761
v -0.023394 -0.244483 -0.417979
v -0.006733 -0.244483 -0.417979
v -0.023394 -0.245486 -0.621761
v -0.006184 -0.387835 -0.528798
v -0.047075 -0.359922 -0.682827
v -0.005635 -0.412155 -0.629430
v -0.006733 -0.319164 -0.408453
v -0.006733 -0.344051 -0.451141
v -0.126212 -0.053907 -0.481043
v -0.125710 -0.165971 -0.475559
v -0.022328 -0.138459 -0.751109
v -0.036770 -0.111548 -0.753811
v -0.052719 0.020666 -0.496480
v -0.024155 -0.088990 -0.754627
v -0.000369 -0.201508 -0.659918
v -0.025715 -0.031887 -0.660265
v -0.002769 -0.257887 -0.495943
v 0.055442 -0.238122 -0.483327
v 0.073304 -0.151007 -0.646616
v 0.003811 -0.017221 -0.670376
v 0.076210 -0.075701 -0.650328
v 0.025840 -0.195042 -0.651769
v 0.003685 -0.088670 -0.762077
v 0.006001 0.046290 -0.512133
v 0.157323 -0.108479 -0.479587
v 0.004708 -0.112202 -0.761394
v 0.100541 -0.109506 -0.649251
v 0.003537 -0.136655 -0.757869
v 0.026588 -0.344051 -0.451141
v 0.026588 -0.319164 -0.408453
v 0.073949 -0.441656 -0.629171
v 0.009378 -0.345623 -0.680311
v 0.034918 -0.311895 -0.450685
v 0.050269 -0.403037 -0.526023
v 0.059148 -0.345202 -0.522488
v 0.083378 -0.368508 -0.614069
v 0.034918 -0.255121 -0.569526
v 0.034918 -0.249597 -0.498673
v 0.034918 -0.239461 -0.449017
v 0.009927 -0.245486 -0.621761
v 0.026588 -0.244483 -0.417979
v 0.009927 -0.244483 -0.417979
v 0.026588 -0.245486 -0.621761
v 0.009378 -0.387835 -0.528798
v 0.050269 -0.359922 -0.682827
v 0.008829 -0.412155 -0.629430
v 0.009927 -0.319164 -0.408453
v 0.009927 -0.344051 -0.451141
v 0.129406 -0.053907 -0.481043
v 0.128904 -0.165971 -0.475559
v 0.025522 -0.138459 -0.751109
v 0.039964 -0.111548 -0.753811
v 0.055913 0.020666 -0.496480
v 0.027349 -0.088990 -0.754627
v 0.003563 -0.201508 -0.659918
v 0.028909 -0.031887 -0.660265
v 0.005963 -0.257887 -0.495943
v -0.048982 -0.049526 -0.653172
v 0.001597 0.047420 -0.512824
v -0.067149 -0.248167 -0.411956
v -0.003842 0.058519 -0.445863
v -0.015216 -0.164378 -0.725140
v -0.000009 -0.060724 -0.739287
v 0.001597 -0.016574 -0.670822
v -0.093846 -0.009659 -0.485485
v -0.093171 -0.211073 -0.475633
v 0.001597 -0.258759 -0.496500
v -0.044668 -0.181085 -0.646766
v 0.001597 -0.201793 -0.660278
v -0.001565 -0.237485 -0.571505
v -0.039583 0.000206 -0.571947
v -0.182477 -0.108898 -0.407568
v -0.147184 -0.093155 -0.480096
v -0.125759 -0.108526 -0.558012
v -0.146989 -0.124533 -0.478434
v -0.067987 -0.110739 -0.724214
v -0.001261 -0.104637 -0.761772
v 0.001597 -0.112231 -0.761729
v -0.033130 -0.119957 -0.752918
v -0.091307 -0.099374 -0.649699
v -0.090495 -0.121562 -0.648413
v -0.031724 -0.199182 -0.447805
v -0.023394 -0.188311 -0.582755
v -0.006733 -0.198794 -0.422742
v 0.001597 -0.344051 -0.451141
v -0.029641 -0.336012 -0.451027
v -0.064835 -0.408987 -0.680444
v -0.006733 -0.339881 -0.416743
v -0.029641 -0.317347 -0.419011
v 0.001597 -0.244483 -0.417979
v -0.071907 -0.357727 -0.662264
v 0.001597 -0.334132 -0.675679
v -0.031724 -0.199758 -0.485000
v 0.001597 -0.374200 -0.533489
v -0.065849 -0.382544 -0.528443
v -0.037781 -0.316588 -0.489752
v -0.029314 -0.356745 -0.493587
v -0.031724 -0.194129 -0.539943
v 0.001597 -0.387028 -0.629489
v -0.102057 -0.412993 -0.625325
v -0.064835 -0.444237 -0.565525
v -0.074126 -0.371316 -0.560169
v -0.029641 -0.243228 -0.425739
v 0.001597 -0.319164 -0.408453
v -0.029641 -0.247894 -0.608702
v 0.001597 -0.245486 -0.621761
v -0.031724 -0.239484 -0.476950
v -0.031724 -0.258557 -0.525695
v -0.043839 -0.313963 -0.595453
v -0.037781 -0.298418 -0.511463
v -0.031724 -0.277709 -0.450040
v -0.029314 -0.302682 -0.656530
v -0.006733 -0.285998 -0.413216
v -0.006733 -0.188311 -0.582755
v -0.023394 -0.198794 -0.422742
v -0.005772 -0.383738 -0.677363
v -0.023394 -0.339881 -0.416743
v -0.006596 -0.352945 -0.494281
v -0.005772 -0.417860 -0.569059
v -0.006596 -0.299107 -0.655901
v -0.023394 -0.285998 -0.413216
v -0.015063 -0.244483 -0.417979
v -0.015063 -0.245486 -0.621761
v -0.020297 -0.405271 -0.523413
v -0.020297 -0.360690 -0.685572
v -0.025531 -0.444658 -0.629306
v -0.015063 -0.319164 -0.408453
v -0.015063 -0.344051 -0.451141
v -0.152124 -0.045693 -0.409264
v -0.099957 -0.063462 -0.559254
v -0.047158 -0.085814 -0.725155
v 0.001597 -0.088656 -0.762406
v -0.153574 -0.170031 -0.402832
v -0.097878 -0.160200 -0.554687
v -0.044296 -0.142418 -0.721904
v 0.001597 -0.136575 -0.758167
v -0.003977 -0.270502 -0.426806
v -0.065488 0.035311 -0.427438
v 0.000234 -0.163412 -0.731825
v -0.018208 -0.065117 -0.731227
v -0.037397 -0.222329 -0.561123
v -0.001742 0.024297 -0.584829
v -0.033646 -0.104227 -0.754232
v -0.001219 -0.119998 -0.760306
v -0.006809 -0.137185 -0.755881
v -0.011883 -0.112010 -0.759164
v -0.017487 0.038753 -0.507529
v -0.007451 -0.088764 -0.759886
v -0.006921 -0.199606 -0.657521
v -0.007999 -0.021534 -0.667402
v -0.017322 -0.252074 -0.492232
v 0.052176 -0.049526 -0.653172
v 0.070343 -0.248167 -0.411956
v 0.007036 0.058519 -0.445863
v 0.018410 -0.164378 -0.725140
v 0.003203 -0.060724 -0.739287
v 0.097040 -0.009659 -0.485485
v 0.096365 -0.211073 -0.475633
v 0.047862 -0.181085 -0.646766
v 0.004759 -0.237485 -0.571505
v 0.042777 0.000206 -0.571947
v 0.185671 -0.108898 -0.407568
v 0.150378 -0.093155 -0.480096
v 0.128953 -0.108526 -0.558012
v 0.150183 -0.124533 -0.478434
v 0.071181 -0.110739 -0.724214
v 0.004454 -0.104637 -0.761772
v 0.036323 -0.119957 -0.752918
v 0.094501 -0.099374 -0.649699
v 0.093689 -0.121562 -0.648413
v 0.034918 -0.199182 -0.447805
v 0.026588 -0.188311 -0.582755
v 0.009927 -0.198794 -0.422742
v 0.032835 -0.336012 -0.451027
v 0.068029 -0.408987 -0.680444
v 0.009927 -0.339881 -0.416743
v 0.032835 -0.317347 -0.419011
v 0.075101 -0.357727 -0.662264
v 0.034918 -0.199758 -0.485000
v 0.069043 -0.382544 -0.528443
v 0.040975 -0.316588 -0.489752
v 0.032508 -0.356745 -0.493587
v 0.034918 -0.194129 -0.539943
v 0.105251 -0.412993 -0.625325
v 0.068029 -0.444237 -0.565525
v 0.077320 -0.371316 -0.560169
v 0.032835 -0.243228 -0.425739
v 0.032835 -0.247894 -0.608702
v 0.034918 -0.239484 -0.476950
v 0.034918 -0.258557 -0.525695
v 0.047033 -0.313963 -0.595453
v 0.040975 -0.298418 -0.511463
v 0.034918 -0.277709 -0.450040
v 0.032508 -0.302682 -0.656530
v 0.009927 -0.285998 -0.413216
v 0.009927 -0.188311 -0.582755
v 0.026588 -0.198794 -0.422742
v 0.008966 -0.383738 -0.677363
v 0.026588 -0.339881 -0.416743
v 0.009790 -0.352945 -0.494281
v 0.008966 -0.417860 -0.569059
v 0.009790 -0.299107 -0.655901
v 0.026588 -0.285998 -0.413216
v 0.018257 -0.244483 -0.417979
v 0.018257 -0.245486 -0.621761
v 0.023491 -0.405271 -0.523413
v 0.023491 -0.360690 -0.685572
v 0.028725 -0.444658 -0.629306
v 0.018257 -0.319164 -0.408453
v 0.018257 -0.344051 -0.451141
v 0.155318 -0.045693 -0.409264
v 0.103151 -0.063462 -0.559254
v 0.050352 -0.085814 -0.725155
v 0.156768 -0.170031 -0.402832
v 0.101072 -0.160200 -0.554687
v 0.047490 -0.142418 -0.721904
v 0.007171 -0.270502 -0.426806
v 0.068682 0.035311 -0.427438
v 0.002960 -0.163412 -0.731825
v 0.021402 -0.065117 -0.731227
v 0.040591 -0.222329 -0.561123
v 0.004936 0.024297 -0.584829
v 0.036840 -0.104227 -0.754232
v 0.004413 -0.119998 -0.760306
v 0.010003 -0.137185 -0.755881
v 0.015077 -0.112010 -0.759164
v 0.020681 0.038753 -0.507529
v 0.010645 -0.088764 -0.759886
v 0.010115 -0.199606 -0.657521
v 0.011193 -0.021534 -0.667402
v 0.020516 -0.252074 -0.492232
v -0.117554 -0.218450 -0.402905
v -0.115251 0.004479 -0.414495
v -0.033515 -0.163002 -0.702861
v -0.037168 -0.067250 -0.708111
v -0.071927 -0.026695 -0.562901
v -0.068853 -0.199888 -0.554780
v -0.174927 -0.091416 -0.408152
v -0.175213 -0.125862 -0.406224
v -0.062018 -0.120340 -0.723424
v -0.062825 -0.102827 -0.724662
v -0.119344 -0.095579 -0.558470
v -0.118754 -0.123125 -0.557034
v -0.029641 -0.198891 -0.429008
v -0.029641 -0.189766 -0.572052
v -0.084131 -0.394304 -0.660674
v -0.028022 -0.333094 -0.426316
v -0.031724 -0.199520 -0.469635
v -0.038693 -0.345197 -0.493454
v -0.031724 -0.198445 -0.504801
v -0.093005 -0.415870 -0.568298
v -0.029641 -0.283926 -0.422422
v -0.040208 -0.304417 -0.640417
v -0.033238 -0.278742 -0.483808
v -0.042325 -0.316803 -0.544760
v -0.015063 -0.188311 -0.582755
v -0.015063 -0.198794 -0.422742
v -0.024223 -0.410696 -0.683908
v -0.015063 -0.339881 -0.416743
v -0.016372 -0.357304 -0.492934
v -0.024223 -0.447780 -0.562297
v -0.016372 -0.302874 -0.657216
v -0.015063 -0.285998 -0.413216
v -0.022557 -0.263933 -0.422439
v -0.021974 0.051693 -0.440444
v -0.004310 -0.163696 -0.729859
v -0.005362 -0.062016 -0.736916
v -0.012104 -0.233027 -0.568452
v -0.012872 0.017212 -0.581040
v -0.010786 -0.104516 -0.759554
v -0.010604 -0.119986 -0.758134
v 0.120748 -0.218450 -0.402905
v 0.001597 0.025360 -0.585397
v 0.118445 0.004479 -0.414495
v 0.001597 0.059543 -0.446676
v 0.001597 -0.271487 -0.427462
v 0.036709 -0.163002 -0.702861
v 0.040362 -0.067250 -0.708111
v 0.001597 -0.163370 -0.732120
v 0.001597 -0.060530 -0.739643
v 0.075121 -0.026695 -0.562901
v 0.072047 -0.199888 -0.554780
v 0.001597 -0.238154 -0.571963
v 0.178121 -0.091416 -0.408152
v 0.178407 -0.125862 -0.406224
v 0.065212 -0.120340 -0.723424
v 0.066019 -0.102827 -0.724662
v 0.001597 -0.120000 -0.760632
v 0.001597 -0.104655 -0.762104
v 0.122538 -0.095579 -0.558470
v 0.121948 -0.123125 -0.557034
v 0.001597 -0.198794 -0.422742
v 0.001597 -0.188311 -0.582755
v 0.032835 -0.198891 -0.429008
v 0.032835 -0.189766 -0.572052
v 0.001597 -0.363091 -0.671588
v 0.001597 -0.339881 -0.416743
v 0.087325 -0.394304 -0.660674
v 0.031216 -0.333094 -0.426316
v 0.034918 -0.199520 -0.469635
v 0.001597 -0.349536 -0.495453
v 0.041887 -0.345197 -0.493454
v 0.034918 -0.198445 -0.504801
v 0.001597 -0.394534 -0.574938
v 0.096199 -0.415870 -0.568298
v 0.032835 -0.283926 -0.422422
v 0.001597 -0.285998 -0.413216
v 0.043402 -0.304417 -0.640417
v 0.001597 -0.296234 -0.654743
v 0.036432 -0.278742 -0.483808
v 0.045519 -0.316803 -0.544760
v 0.018257 -0.188311 -0.582755
v 0.018257 -0.198794 -0.422742
v 0.027417 -0.410696 -0.683908
v 0.018257 -0.339881 -0.416743
v 0.019566 -0.357304 -0.492934
v 0.027417 -0.447780 -0.562297
v 0.019566 -0.302874 -0.657216
v 0.018257 -0.285998 -0.413216
v 0.025751 -0.263933 -0.422439
v 0.025167 0.051693 -0.440444
v 0.007504 -0.163696 -0.729859
v 0.008556 -0.062016 -0.736916
v 0.015298 -0.233027 -0.568452
v 0.016066 0.017212 -0.581040
v 0.013980 -0.104516 -0.759554
v 0.013798 -0.119986 -0.758134
v -0.428325 -0.074211 -0.288041
v -0.450772 -0.080250 -0.239086
v -0.461130 -0.085028 -0.185153
v -0.458692 -0.088222 -0.129916
v -0.443625 -0.089612 -0.077139
v -0.416956 -0.089106 -0.030420
v -0.380502 -0.086736 0.007058
v -0.336748 -0.082665 0.032741
v -0.288675 -0.077170 0.044878
v -0.348030 -0.078236 -0.360341
v -0.383582 -0.102302 -0.332906
v -0.411727 -0.123675 -0.294018
v -0.430444 -0.140829 -0.246406
v -0.438457 -0.152596 -0.193318
v -0.435219 -0.158173 -0.138368
v -0.420952 -0.157181 -0.085304
v -0.396628 -0.149686 -0.037740
v -0.363905 -0.136200 0.001081
v -0.325012 -0.117641 0.028515
v -0.282599 -0.095274 0.042691
v -0.307190 -0.052913 -0.374690
v -0.335474 -0.092472 -0.363699
v -0.359526 -0.129939 -0.339237
v -0.377707 -0.162761 -0.302972
v -0.388778 -0.188699 -0.257373
v -0.391984 -0.205988 -0.205549
v -0.387107 -0.213449 -0.151031
v -0.374480 -0.210572 -0.097535
v -0.354962 -0.197555 -0.048707
v -0.329884 -0.175285 -0.007873
v -0.300956 -0.145278 0.022183
v -0.270147 -0.109581 0.039413
v -0.318540 -0.100802 -0.367568
v -0.326812 -0.146031 -0.346710
v -0.331443 -0.185517 -0.313540
v -0.332116 -0.216571 -0.270316
v -0.328786 -0.237075 -0.219985
v -0.321680 -0.245632 -0.165976
v -0.311282 -0.241659 -0.111971
v -0.298301 -0.225427 -0.061650
v -0.283620 -0.198042 -0.018441
v -0.268242 -0.161370 0.014711
v -0.253213 -0.117910 0.035545
v -0.299703 -0.101887 -0.371437
v -0.290422 -0.148127 -0.354186
v -0.279979 -0.188482 -0.324112
v -0.269086 -0.220201 -0.283265
v -0.258485 -0.241124 -0.234428
v -0.248899 -0.249824 -0.180929
v -0.240981 -0.245708 -0.126414
v -0.235270 -0.229057 -0.074599
v -0.232156 -0.201006 -0.029014
v -0.231852 -0.163466 0.007234
v -0.234376 -0.118995 0.031675
v -0.281830 -0.095562 -0.374720
v -0.255894 -0.135908 -0.360528
v -0.231150 -0.171201 -0.333081
v -0.209283 -0.199037 -0.294249
v -0.191783 -0.217519 -0.246679
v -0.179844 -0.225386 -0.193612
v -0.174279 -0.222103 -0.138665
v -0.175467 -0.207893 -0.085582
v -0.183327 -0.183726 -0.037982
v -0.197324 -0.151247 0.000893
v -0.216504 -0.112670 0.028393
v -0.267643 -0.082790 -0.376915
v -0.228486 -0.111234 -0.364769
v -0.192389 -0.136308 -0.339079
v -0.161811 -0.156302 -0.301595
v -0.138835 -0.169853 -0.254872
v -0.125028 -0.176039 -0.202095
v -0.121331 -0.174437 -0.146859
v -0.127995 -0.165158 -0.092929
v -0.144567 -0.148832 -0.043980
v -0.169916 -0.126573 -0.003349
v -0.202316 -0.099898 0.026197
v -0.259301 -0.065515 -0.377690
v -0.212371 -0.077863 -0.366265
v -0.169598 -0.089113 -0.341194
v -0.133897 -0.098500 -0.304186
v -0.107702 -0.105384 -0.257762
v -0.092797 -0.109295 -0.205086
v -0.090198 -0.109968 -0.149748
v -0.100082 -0.107356 -0.095520
v -0.121776 -0.101637 -0.046096
v -0.153800 -0.093202 -0.004844
v -0.193974 -0.082624 0.025423
v -0.258074 -0.046368 -0.376925
v -0.210001 -0.040873 -0.364787
v -0.166246 -0.036802 -0.339104
v -0.129792 -0.034432 -0.301626
v -0.103123 -0.033925 -0.254907
v -0.088057 -0.035316 -0.202131
v -0.085619 -0.038510 -0.146893
v -0.095977 -0.043288 -0.092960
v -0.118424 -0.049326 -0.044006
v -0.151430 -0.056212 -0.003367
v -0.192747 -0.063477 0.026188
v -0.239559 -0.070625 0.042643
v -0.264149 -0.028263 -0.374737
v -0.221737 -0.005897 -0.360561
v -0.182844 0.012661 -0.333128
v -0.150120 0.026148 -0.294306
v -0.125796 0.033643 -0.246742
v -0.111529 0.034636 -0.193678
v -0.108292 0.029059 -0.138729
v -0.116305 0.017292 -0.085640
v -0.135021 0.000137 -0.038029
v -0.163167 -0.021236 0.000860
v -0.198822 -0.045372 0.028375
v -0.276601 -0.013957 -0.371459
v -0.245793 0.021740 -0.354230
v -0.216864 0.051747 -0.324173
v -0.191787 0.074018 -0.283340
v -0.172269 0.087034 -0.234511
v -0.159642 0.089911 -0.181015
v -0.154765 0.082450 -0.126497
v -0.157971 0.065162 -0.074673
v -0.169042 0.039223 -0.029075
v -0.187223 0.006402 0.007191
v -0.211275 -0.031065 0.031653
v -0.293535 -0.005628 -0.367591
v -0.278507 0.037832 -0.346757
v -0.263128 0.074504 -0.313606
v -0.248448 0.101889 -0.270397
v -0.235467 0.118121 -0.220075
v -0.225069 0.122094 -0.166070
v -0.217962 0.113537 -0.112061
v -0.214632 0.093033 -0.061730
v -0.215306 0.061980 -0.018507
v -0.219936 0.022493 0.014664
v -0.228208 -0.022736 0.035521
v -0.312372 -0.004543 -0.363722
v -0.314897 0.039928 -0.339281
v -0.314592 0.077468 -0.303033
v -0.311478 0.105520 -0.257448
v -0.305768 0.122170 -0.205632
v -0.297849 0.126286 -0.151117
v -0.288263 0.117586 -0.097619
v -0.277663 0.096663 -0.048781
v -0.266770 0.064944 -0.007934
v -0.256327 0.024589 0.022140
v -0.247046 -0.021651 0.039391
v -0.330245 -0.010868 -0.360439
v -0.349425 0.027709 -0.332939
v -0.363421 0.060188 -0.294064
v -0.371282 0.084355 -0.246464
v -0.372470 0.098565 -0.193381
v -0.366904 0.101848 -0.138434
v -0.354965 0.093981 -0.085368
v -0.337466 0.075500 -0.037797
v -0.315599 0.047664 0.001034
v -0.290854 0.012370 0.028482
v -0.264918 -0.027976 0.042674
v -0.344432 -0.023639 -0.358243
v -0.376832 0.003036 -0.328697
v -0.402182 0.025294 -0.288066
v -0.418754 0.041620 -0.239117
v -0.425418 0.050899 -0.185187
v -0.421720 0.052501 -0.129951
v -0.407913 0.046315 -0.077174
v -0.384938 0.032764 -0.030451
v -0.354359 0.012770 0.007033
v -0.318262 -0.012303 0.032723
v -0.279106 -0.040748 0.044869
v -0.352774 -0.040914 -0.357469
v -0.392948 -0.030336 -0.327202
v -0.424973 -0.021901 -0.285951
v -0.446667 -0.016182 -0.236527
v -0.456551 -0.013570 -0.182298
v -0.453952 -0.014243 -0.126960
v -0.439047 -0.018154 -0.074284
v -0.412851 -0.025038 -0.027860
v -0.377151 -0.034425 0.009148
v -0.334378 -0.045675 0.034219
v -0.287448 -0.058023 0.045643
v -0.354001 -0.060061 -0.358234
v -0.395318 -0.067326 -0.328680
v -0.310476 -0.022242 -0.367735
v -0.285198 -0.024905 -0.372367
v -0.323898 -0.022442 -0.364362
v -0.298407 -0.022498 -0.370124
v -0.314316 -0.082980 -0.370218
v -0.327325 -0.081076 -0.366865
v -0.302498 -0.083603 -0.372651
v -0.289082 -0.083366 -0.374711
v 0.431519 -0.074211 -0.288041
v 0.453966 -0.080250 -0.239086
v 0.464324 -0.085028 -0.185153
v 0.461886 -0.088222 -0.129916
v 0.446819 -0.089612 -0.077139
v 0.420150 -0.089106 -0.030420
v 0.383696 -0.086736 0.007058
v 0.339942 -0.082665 0.032741
v 0.291869 -0.077170 0.044878
v 0.351224 -0.078236 -0.360341
v 0.386776 -0.102302 -0.332906
v 0.414921 -0.123675 -0.294018
v 0.433638 -0.140829 -0.246406
v 0.441651 -0.152596 -0.193318
v 0.438413 -0.158173 -0.138368
v 0.424146 -0.157181 -0.085304
v 0.399822 -0.149686 -0.037740
v 0.367099 -0.136200 0.001081
v 0.328206 -0.117641 0.028515
v 0.285793 -0.095274 0.042691
v 0.310384 -0.052913 -0.374690
v 0.338668 -0.092472 -0.363699
v 0.362720 -0.129939 -0.339237
v 0.380901 -0.162761 -0.302972
v 0.391972 -0.188699 -0.257373
v 0.395178 -0.205988 -0.205549
v 0.390301 -0.213449 -0.151031
v 0.377674 -0.210572 -0.097535
v 0.358156 -0.197555 -0.048707
v 0.333078 -0.175285 -0.007873
v 0.304150 -0.145278 0.022183
v 0.273341 -0.109581 0.039413
v 0.321734 -0.100802 -0.367568
v 0.330006 -0.146031 -0.346710
v 0.334637 -0.185517 -0.313540
v 0.335310 -0.216571 -0.270316
v 0.331980 -0.237075 -0.219985
v 0.324874 -0.245632 -0.165976
v 0.314476 -0.241659 -0.111971
v 0.301495 -0.225427 -0.061650
v 0.286815 -0.198042 -0.018441
v 0.271436 -0.161370 0.014711
v 0.256407 -0.117910 0.035545
v 0.302897 -0.101887 -0.371437
v 0.293616 -0.148127 -0.354186
v 0.283173 -0.188482 -0.324112
v 0.272280 -0.220201 -0.283265
v 0.261679 -0.241124 -0.234428
v 0.252093 -0.249824 -0.180929
v 0.244175 -0.245708 -0.126414
v 0.238464 -0.229057 -0.074599
v 0.235350 -0.201006 -0.029014
v 0.235046 -0.163466 0.007234
v 0.237570 -0.118995 0.031675
v 0.285024 -0.095562 -0.374720
v 0.259088 -0.135908 -0.360528
v 0.234344 -0.171201 -0.333081
v 0.212477 -0.199037 -0.294249
v 0.194977 -0.217519 -0.246679
v 0.183038 -0.225386 -0.193612
v 0.177473 -0.222103 -0.138665
v 0.178661 -0.207893 -0.085582
v 0.186521 -0.183726 -0.037982
v 0.200518 -0.151247 0.000893
v 0.219697 -0.112670 0.028393
v 0.270837 -0.082790 -0.376915
v 0.231680 -0.111234 -0.364769
v 0.195583 -0.136308 -0.339079
v 0.165005 -0.156302 -0.301595
v 0.142029 -0.169853 -0.254872
v 0.128222 -0.176039 -0.202095
v 0.124525 -0.174437 -0.146859
v 0.131189 -0.165158 -0.092929
v 0.147761 -0.148832 -0.043980
v 0.173110 -0.126573 -0.003349
v 0.205510 -0.099898 0.026197
v 0.262495 -0.065515 -0.377690
v 0.215565 -0.077863 -0.366265
v 0.172792 -0.089113 -0.341194
v 0.137091 -0.098500 -0.304186
v 0.110896 -0.105384 -0.257762
v 0.095991 -0.109295 -0.205086
v 0.093392 -0.109968 -0.149748
v 0.103276 -0.107356 -0.095520
v 0.124970 -0.101637 -0.046096
v 0.156994 -0.093202 -0.004844
v 0.197168 -0.082624 0.025423
v 0.261268 -0.046368 -0.376925
v 0.213195 -0.040873 -0.364787
v 0.169440 -0.036802 -0.339104
v 0.132986 -0.034432 -0.301626
v 0.106317 -0.033925 -0.254907
v 0.091251 -0.035316 -0.202131
v 0.088813 -0.038510 -0.146893
v 0.099171 -0.043288 -0.092960
v 0.121618 -0.049326 -0.044006
v 0.154624 -0.056212 -0.003367
v 0.195941 -0.063477 0.026188
v 0.242753 -0.070625 0.042643
v 0.267343 -0.028263 -0.374737
v 0.224931 -0.005897 -0.360561
v 0.186038 0.012661 -0.333128
v 0.153314 0.026148 -0.294306
v 0.128990 0.033643 -0.246742
v 0.114723 0.034636 -0.193678
v 0.111486 0.029059 -0.138729
v 0.119499 0.017292 -0.085640
v 0.138215 0.000137 -0.038029
v 0.166361 -0.021236 0.000860
v 0.202016 -0.045372 0.028375
v 0.279795 -0.013957 -0.371459
v 0.248987 0.021740 -0.354230
v 0.220058 0.051747 -0.324173
v 0.194981 0.074018 -0.283340
v 0.175463 0.087034 -0.234511
v 0.162836 0.089911 -0.181015
v 0.157959 0.082450 -0.126497
v 0.161165 0.065162 -0.074673
v 0.172236 0.039223 -0.029075
v 0.190417 0.006402 0.007191
v 0.214469 -0.031065 0.031653
v 0.296729 -0.005628 -0.367591
v 0.281701 0.037832 -0.346757
v 0.266322 0.074504 -0.313606
v 0.251642 0.101889 -0.270397
v 0.238661 0.118121 -0.220075
v 0.228262 0.122094 -0.166070
v 0.221156 0.113537 -0.112061
v 0.217826 0.093033 -0.061730
v 0.218500 0.061980 -0.018507
v 0.223130 0.022493 0.014664
v 0.231402 -0.022736 0.035521
v 0.315566 -0.004543 -0.363722
v 0.318091 0.039928 -0.339281
v 0.317786 0.077468 -0.303033
v 0.314672 0.105520 -0.257448
v 0.308962 0.122170 -0.205632
v 0.301044 0.126286 -0.151117
v 0.291457 0.117586 -0.097619
v 0.280857 0.096663 -0.048781
v 0.269964 0.064944 -0.007934
v 0.259521 0.024589 0.022140
v 0.250240 -0.021651 0.039391
v 0.333439 -0.010868 -0.360439
v 0.352619 0.027709 -0.332939
v 0.366615 0.060188 -0.294064
v 0.374476 0.084355 -0.246464
v 0.375664 0.098565 -0.193381
v 0.370098 0.101848 -0.138434
v 0.358159 0.093981 -0.085368
v 0.340660 0.075500 -0.037797
v 0.318793 0.047664 0.001034
v 0.294048 0.012370 0.028482
v 0.268112 -0.027976 0.042674
v 0.347626 -0.023639 -0.358243
v 0.380026 0.003036 -0.328697
v 0.405376 0.025294 -0.288066
v 0.421948 0.041620 -0.239117
v 0.428612 0.050899 -0.185187
v 0.424914 0.052501 -0.129951
v 0.411108 0.046315 -0.077174
v 0.388132 0.032764 -0.030451
v 0.357554 0.012770 0.007033
v 0.321456 -0.012303 0.032723
v 0.282300 -0.040748 0.044869
v 0.355969 -0.040914 -0.357469
v 0.396142 -0.030336 -0.327202
v 0.428167 -0.021901 -0.285951
v 0.449861 -0.016182 -0.236527
v 0.459745 -0.013570 -0.182298
v 0.457146 -0.014243 -0.126960
v 0.442241 -0.018154 -0.074284
v 0.416045 -0.025038 -0.027860
v 0.380345 -0.034425 0.009148
v 0.337572 -0.045675 0.034219
v 0.290642 -0.058023 0.045643
v 0.357195 -0.060061 -0.358234
v 0.398512 -0.067326 -0.328680
v 0.313670 -0.022242 -0.367735
v 0.288392 -0.024905 -0.372367
v 0.327092 -0.022442 -0.364362
v 0.301601 -0.022498 -0.370124
v 0.317510 -0.082980 -0.370218
v 0.330520 -0.081076 -0.366865
v 0.305692 -0.083603 -0.372651
v 0.292276 -0.083366 -0.374711
vn -0.6725 0.6755 0.3022
vn -0.4388 0.7749 0.4550
vn -0.4645 0.8385 0.2849
vn -0.7075 0.7067 -0.0052
vn -0.8647 0.5009 -0.0365
vn -0.8103 0.4842 0.3302
vn -0.5415 0.6157 0.5724
vn -0.4352 0.3875 -0.8127
vn -0.0000 0.3886 -0.9214
vn -0.4304 0.4470 -0.7842
vn -0.2859 0.5778 0.7645
vn -0.3172 0.3652 0.8752
vn -0.0000 0.5689 0.8224
vn -0.2646 0.7985 0.5407
vn -0.9435 -0.0469 0.3279
vn -0.9833 -0.1817 0.0072
vn -0.9327 -0.1592 0.3237
vn -0.9983 -0.0300 0.0492
vn -0.9380 0.1037 0.3307
vn -0.9935 0.1123 0.0203
vn -0.9530 -0.3031 -0.0056
vn -0.9015 -0.2943 0.3172
vn -0.7308 -0.1314 0.6698
vn -0.7199 0.1138 0.6846
vn -0.0000 0.3371 0.9415
vn -0.3701 -0.0863 0.9250
vn -0.7126 -0.2746 0.6456
vn -0.3663 -0.2622 0.8928
vn -0.3149 -0.6135 0.7242
vn -0.4075 -0.8407 0.3566
vn -0.2440 -0.8884 0.3889
vn -0.0000 -0.0682 0.9977
vn -0.0000 -0.9227 0.3854
vn -0.0000 -0.6482 0.7614
vn -0.6978 -0.3544 0.6224
vn -0.3610 -0.3612 0.8598
vn -0.7910 0.0469 -0.6101
vn -0.6630 0.3936 -0.6369
vn -0.7334 -0.0187 -0.6795
vn -0.9242 0.3815 -0.0164
vn -0.7934 0.5403 -0.2804
vn -0.8594 0.4079 -0.3084
vn -0.6714 0.5149 -0.5330
vn -0.0000 -0.2625 0.9649
vn -0.6136 0.6498 -0.4485
vn -0.3965 0.5416 -0.7413
vn -0.4668 0.8178 -0.3366
vn -0.3087 0.8350 -0.4554
vn -0.0000 0.4102 -0.9120
vn -0.3641 0.4349 -0.8236
vn -0.3482 -0.0924 -0.9329
vn -0.0000 -0.0729 -0.9973
vn -0.7412 0.1579 -0.6524
vn -0.7686 -0.2708 -0.5796
vn -0.4837 -0.1288 -0.8657
vn -0.1956 0.9558 -0.2196
vn -0.4556 0.8638 -0.2153
vn -0.6869 0.6815 -0.2526
vn -0.7620 -0.5855 -0.2767
vn -0.6659 -0.5464 -0.5079
vn -0.4294 -0.8655 -0.2581
vn -0.4446 -0.8956 -0.0146
vn -0.7905 -0.6124 -0.0090
vn -0.8768 -0.3711 -0.3057
vn -0.9026 -0.3072 -0.3017
vn -0.7628 -0.5846 0.2763
vn -0.4454 -0.8694 0.2141
vn -0.6143 -0.5673 0.5485
vn -0.8790 -0.3624 0.3099
vn -0.9288 -0.3706 -0.0063
vn -0.4027 -0.5847 -0.7042
vn -0.3021 -0.8676 -0.3950
vn -0.4696 -0.3678 -0.8026
vn -0.0000 -0.9125 -0.4091
vn -0.9638 0.2661 -0.0132
vn -0.6691 0.3188 0.6713
vn -0.8748 0.3488 0.3361
vn -0.9110 0.2412 0.3346
vn -0.3612 0.0283 0.9321
vn -0.0000 0.1471 0.9891
vn -0.3491 0.1368 0.9271
vn -0.0000 0.8747 -0.4847
vn -0.0000 0.6216 -0.7833
vn -0.1961 -0.9653 0.1724
vn -0.1855 -0.9825 -0.0138
vn -0.0000 -0.2855 -0.9584
vn -0.0000 -0.3770 -0.9262
vn -0.2205 -0.9557 -0.1951
vn -0.0000 -0.9999 -0.0161
vn -0.0000 -0.9874 0.1584
vn -0.2665 0.9150 0.3028
vn -0.4794 0.8775 0.0128
vn -0.0000 0.9995 0.0304
vn -0.2826 0.9590 0.0201
vn -0.0000 0.9491 0.3149
vn -0.0000 0.9841 -0.1777
vn -0.3322 0.2254 0.9159
vn -0.3255 0.2751 0.9046
vn -0.8346 0.0365 -0.5497
vn -0.6262 0.4341 0.6477
vn -0.9635 0.2279 -0.1406
vn -0.0000 0.2560 0.9667
vn -0.0000 -0.9832 -0.1826
vn -0.0000 0.2354 -0.9719
vn -0.2318 0.2543 -0.9389
vn -0.6935 0.2353 0.6810
vn -0.7306 -0.0201 0.6825
vn -0.9926 -0.0842 -0.0873
vn -0.0000 0.0485 0.9988
vn -0.0000 0.2222 0.9750
vn -0.0000 0.3618 -0.9322
vn -0.7325 0.1279 -0.6686
vn -0.7931 -0.3254 -0.5149
vn -0.0000 -0.6268 -0.7792
vn -0.0000 -0.3705 0.9288
vn -0.9448 0.2685 -0.1876
vn -0.8157 0.4139 -0.4041
vn -0.9345 0.2139 -0.2845
vn -0.8697 -0.4041 -0.2835
vn -0.9611 -0.0613 -0.2694
vn -0.8752 -0.3053 -0.3753
vn -0.7113 -0.4129 -0.5688
vn -0.4301 -0.0968 -0.8976
vn -0.3476 -0.1072 -0.9315
vn -0.6577 0.4798 -0.5807
vn -0.5122 0.3982 -0.7610
vn -0.4239 0.1853 -0.8865
vn -0.3538 0.2126 -0.9109
vn -0.5391 -0.3327 -0.7737
vn -0.9855 -0.0816 -0.1488
vn -0.7575 -0.1117 -0.6432
vn -0.6847 -0.0845 -0.7239
vn -0.8209 -0.0659 -0.5673
vn -0.6332 0.0087 -0.7739
vn -0.7936 0.2208 -0.5670
vn -0.6252 0.1277 -0.7699
vn -0.8404 0.1368 -0.5244
vn -0.8514 0.0293 -0.5237
vn -0.6623 0.2207 -0.7160
vn -0.7267 0.2537 -0.6384
vn -0.7557 0.0799 -0.6500
vn 0.6725 0.6755 0.3022
vn 0.4388 0.7749 0.4550
vn 0.5415 0.6157 0.5724
vn 0.7075 0.7067 -0.0052
vn 0.4645 0.8385 0.2849
vn 0.8647 0.5009 -0.0365
vn 0.8103 0.4842 0.3302
vn 0.4352 0.3875 -0.8127
vn 0.4304 0.4470 -0.7842
vn 0.2859 0.5778 0.7645
vn 0.2646 0.7985 0.5407
vn 0.3172 0.3652 0.8752
vn 0.9435 -0.0469 0.3279
vn 0.9833 -0.1817 0.0072
vn 0.9983 -0.0300 0.0492
vn 0.9380 0.1037 0.3307
vn 0.9935 0.1123 0.0203
vn 0.9327 -0.1592 0.3237
vn 0.9530 -0.3031 -0.0056
vn 0.7308 -0.1314 0.6698
vn 0.9015 -0.2943 0.3172
vn 0.7199 0.1138 0.6846
vn 0.3701 -0.0863 0.9250
vn 0.7126 -0.2746 0.6456
vn 0.3149 -0.6135 0.7242
vn 0.4075 -0.8407 0.3566
vn 0.6143 -0.5673 0.5485
vn 0.3663 -0.2622 0.8928
vn 0.2440 -0.8884 0.3889
vn 0.6978 -0.3544 0.6224
vn 0.3610 -0.3612 0.8598
vn 0.6630 0.3936 -0.6369
vn 0.7910 0.0469 -0.6101
vn 0.7334 -0.0187 -0.6795
vn 0.7934 0.5403 -0.2804
vn 0.9242 0.3815 -0.0164
vn 0.8594 0.4079 -0.3084
vn 0.6714 0.5149 -0.5330
vn 0.6136 0.6498 -0.4485
vn 0.3965 0.5416 -0.7413
vn 0.4668 0.8178 -0.3366
vn 0.3641 0.4349 -0.8236
vn 0.3482 -0.0924 -0.9329
vn 0.7412 0.1579 -0.6524
vn 0.7686 -0.2708 -0.5796
vn 0.7325 0.1279 -0.6686
vn 0.1956 0.9558 -0.2196
vn 0.3087 0.8350 -0.4554
vn 0.4556 0.8638 -0.2153
vn 0.6869 0.6815 -0.2526
vn 0.7620 -0.5855 -0.2767
vn 0.4294 -0.8655 -0.2581
vn 0.6659 -0.5464 -0.5079
vn 0.4446 -0.8956 -0.0146
vn 0.8768 -0.3711 -0.3057
vn 0.9288 -0.3706 -0.0063
vn 0.7628 -0.5846 0.2763
vn 0.7905 -0.6124 -0.0090
vn 0.4454 -0.8694 0.2141
vn 0.8790 -0.3624 0.3099
vn 0.4837 -0.1288 -0.8657
vn 0.4027 -0.5847 -0.7042
vn 0.3021 -0.8676 -0.3950
vn 0.4696 -0.3678 -0.8026
vn 0.7931 -0.3254 -0.5149
vn 0.9638 0.2661 -0.0132
vn 0.6691 0.3188 0.6713
vn 0.8748 0.3488 0.3361
vn 0.9110 0.2412 0.3346
vn 0.3612 0.0283 0.9321
vn 0.3491 0.1368 0.9271
vn 0.1961 -0.9653 0.1724
vn 0.1855 -0.9825 -0.0138
vn 0.2205 -0.9557 -0.1951
vn 0.2665 0.9150 0.3028
vn 0.4794 0.8775 0.0128
vn 0.2826 0.9590 0.0201
vn 0.3322 0.2254 0.9159
vn 0.6935 0.2353 0.6810
vn 0.9026 -0.3072 -0.3017
vn 0.8346 0.0365 -0.5497
vn 0.3255 0.2751 0.9046
vn 0.6262 0.4341 0.6477
vn 0.9635 0.2279 -0.1406
vn 0.9926 -0.0842 -0.0873
vn 0.2318 0.2543 -0.9389
vn 0.7306 -0.0201 0.6825
vn 0.9448 0.2685 -0.1876
vn 0.8157 0.4139 -0.4041
vn 0.8697 -0.4041 -0.2835
vn 0.9611 -0.0613 -0.2694
vn 0.9855 -0.0816 -0.1488
vn 0.7113 -0.4129 -0.5688
vn 0.4301 -0.0968 -0.8976
vn 0.3476 -0.1072 -0.9315
vn 0.6577 0.4798 -0.5807
vn 0.5122 0.3982 -0.7610
vn 0.4239 0.1853 -0.8865
vn 0.3538 0.2126 -0.9109
vn 0.5391 -0.3327 -0.7737
vn 0.9345 0.2139 -0.2845
vn 0.7575 -0.1117 -0.6432
vn 0.8209 -0.0659 -0.5673
vn 0.8752 -0.3053 -0.3753
vn 0.6332 0.0087 -0.7739
vn 0.7936 0.2208 -0.5670
vn 0.6252 0.1277 -0.7699
vn 0.8404 0.1368 -0.5244
vn 0.6623 0.2207 -0.7160
vn 0.8514 0.0293 -0.5237
vn 0.7267 0.2537 -0.6384
vn 0.7557 0.0799 -0.6500
vn 0.6847 -0.0845 -0.7239
vn -0.2142 -0.8634 0.4567
vn -0.0000 -0.2842 0.9588
vn -0.2656 -0.2404 0.9336
vn -0.7551 -0.5448 0.3647
vn -0.7921 -0.6087 -0.0450
vn -0.4670 -0.8787 -0.0988
vn -0.0000 -0.8950 0.4460
vn -0.6409 0.6260 -0.4442
vn -0.3684 0.9048 0.2135
vn -0.3821 0.7726 -0.5071
vn -0.6614 0.0549 -0.7480
vn -0.8803 -0.1371 -0.4541
vn -0.9520 0.2170 -0.2158
vn -0.5772 0.7947 0.1878
vn -0.9935 -0.1100 0.0302
vn -0.8971 -0.3486 -0.2714
vn -0.9889 -0.1183 0.0898
vn -0.8387 0.3399 0.4254
vn -0.8547 0.4557 0.2487
vn -0.8829 -0.3346 -0.3295
vn -0.4310 0.6475 0.6285
vn -0.8002 0.2822 0.5292
vn -0.3449 0.5605 0.7529
vn -0.1444 0.7259 0.6725
vn 0.0307 -0.2744 -0.9611
vn -0.6491 -0.4685 -0.5993
vn -0.6126 -0.4009 -0.6812
vn -0.1363 0.2370 -0.9619
vn 0.9838 -0.1795 -0.0022
vn 0.9130 -0.1603 -0.3751
vn 0.9964 -0.0833 -0.0161
vn -0.5440 -0.1334 0.8284
vn -0.9099 -0.3778 0.1717
vn -0.6211 -0.4963 0.6066
vn -0.7499 -0.3346 -0.5706
vn -0.7915 -0.5355 -0.2946
vn 0.9295 -0.1436 0.3396
vn -0.4278 0.5870 0.6873
vn -0.0000 0.8701 0.4929
vn -0.2104 0.8272 0.5210
vn -0.0000 0.6760 -0.7369
vn -0.6316 0.2907 -0.7187
vn -0.4594 0.5577 -0.6913
vn -0.9406 0.3377 0.0344
vn -0.9954 -0.0199 0.0934
vn -0.9057 -0.2078 -0.3694
vn -0.7915 -0.0326 0.6103
vn -0.8096 0.0871 0.5804
vn -0.7832 0.2092 0.5855
vn -0.8981 -0.0084 -0.4398
vn -0.9194 -0.1068 -0.3784
vn -0.4828 0.1505 0.8627
vn -0.0000 0.0477 0.9989
vn -0.0000 0.1775 0.9841
vn -0.0000 0.6541 0.7564
vn -0.6968 -0.1523 -0.7009
vn -0.0000 -0.3175 -0.9483
vn -0.0000 -0.1859 -0.9826
vn -0.0000 -0.9222 0.3868
vn -0.3738 -0.6885 0.6215
vn -0.0853 -0.8984 0.4307
vn -0.8991 -0.4378 0.0049
vn -0.5936 -0.2356 -0.7695
vn -0.4351 -0.5050 -0.7454
vn -0.0000 -0.5795 -0.8149
vn -0.4218 0.2072 0.8827
vn -0.0000 0.5771 0.8167
vn -0.2164 0.5201 0.8262
vn -0.0000 0.9231 -0.3846
vn -0.5938 0.6012 -0.5348
vn -0.4276 0.8118 -0.3976
vn -0.9380 0.3049 0.1651
vn -0.9950 -0.0631 0.0775
vn -0.8975 -0.0083 -0.4408
vn -0.7637 -0.3315 0.5539
vn -0.7904 -0.2053 0.5771
vn -0.7678 -0.0929 0.6339
vn -0.8816 0.2157 -0.4198
vn -0.9095 0.0926 -0.4052
vn -0.4554 -0.2805 0.8450
vn -0.0000 -0.7493 0.6623
vn -0.0000 -0.3103 0.9506
vn -0.0000 0.2377 0.9713
vn -0.6728 0.2060 -0.7106
vn -0.0000 -0.1899 -0.9818
vn -0.0000 0.3024 -0.9532
vn -0.0000 -0.9836 0.1802
vn -0.3383 -0.8199 0.4618
vn -0.0888 -0.9690 0.2306
vn -0.8893 -0.4471 -0.0968
vn -0.5667 -0.0242 -0.8236
vn -0.4168 -0.3084 -0.8551
vn -0.0000 -0.3656 -0.9308
vn -0.3963 -0.0268 0.9177
vn -0.0000 0.3626 0.9320
vn -0.2143 0.3004 0.9294
vn -0.0000 0.9841 -0.1779
vn -0.5549 0.7274 -0.4037
vn -0.4007 0.8896 -0.2193
vn -0.9326 0.2758 0.2330
vn -0.9946 -0.0819 0.0632
vn -0.8774 0.1170 -0.4653
vn -0.7261 -0.4829 0.4895
vn -0.7595 -0.3600 0.5418
vn -0.7365 -0.2594 0.6247
vn -0.8564 0.3413 -0.3873
vn -0.8904 0.2117 -0.4029
vn -0.4147 -0.4901 0.7667
vn -0.0000 -0.8790 0.4768
vn -0.0000 -0.5353 0.8447
vn -0.0000 -0.0158 0.9999
vn -0.6327 0.3948 -0.6662
vn -0.0000 0.0620 -0.9981
vn -0.0000 0.5287 -0.8488
vn 0.2142 -0.8634 0.4567
vn 0.4670 -0.8787 -0.0988
vn 0.7921 -0.6087 -0.0450
vn 0.7551 -0.5448 0.3647
vn 0.2656 -0.2404 0.9336
vn -0.0066 0.8741 -0.4856
vn -0.0298 0.9725 0.2309
vn 0.5950 0.7475 -0.2953
vn 0.7456 0.3580 -0.5620
vn 0.4025 0.4242 -0.8112
vn 0.9794 0.1847 -0.0821
vn 0.8610 0.1621 -0.4820
vn 0.9001 0.4050 -0.1606
vn 0.5129 0.8248 0.2380
vn 0.6620 0.6855 0.3032
vn 0.7855 0.4840 0.3855
vn 0.3117 0.6263 0.7146
vn 0.1839 0.7520 0.6330
vn -0.0238 0.6254 0.7800
vn 0.6600 -0.0253 -0.7508
vn 0.0443 -0.4714 -0.8808
vn 0.7019 -0.2374 -0.6716
vn -0.9240 -0.2025 -0.3244
vn -0.9744 -0.2246 0.0042
vn -0.9916 -0.1290 -0.0106
vn -0.9311 -0.1883 0.3124
vn 0.7499 -0.3346 -0.5706
vn 0.9099 -0.3778 0.1717
vn 0.7915 -0.5355 -0.2946
vn 0.5440 -0.1334 0.8284
vn 0.6211 -0.4963 0.6066
vn 0.4278 0.5870 0.6873
vn 0.2104 0.8272 0.5210
vn 0.9406 0.3377 0.0344
vn 0.6316 0.2907 -0.7187
vn 0.4594 0.5577 -0.6913
vn 0.9954 -0.0199 0.0934
vn 0.9057 -0.2078 -0.3694
vn 0.9194 -0.1068 -0.3784
vn 0.8981 -0.0084 -0.4398
vn 0.7832 0.2092 0.5855
vn 0.8096 0.0871 0.5804
vn 0.7915 -0.0326 0.6103
vn 0.4828 0.1505 0.8627
vn 0.6968 -0.1523 -0.7009
vn 0.3738 -0.6885 0.6215
vn 0.0853 -0.8984 0.4307
vn 0.5936 -0.2356 -0.7695
vn 0.4351 -0.5050 -0.7454
vn 0.8991 -0.4378 0.0049
vn 0.4218 0.2072 0.8827
vn 0.2164 0.5201 0.8262
vn 0.9380 0.3049 0.1651
vn 0.5938 0.6012 -0.5348
vn 0.4276 0.8118 -0.3976
vn 0.9950 -0.0631 0.0775
vn 0.8975 -0.0083 -0.4408
vn 0.9095 0.0926 -0.4052
vn 0.8816 0.2157 -0.4198
vn 0.7678 -0.0929 0.6339
vn 0.7904 -0.2053 0.5771
vn 0.7637 -0.3315 0.5539
vn 0.4554 -0.2805 0.8450
vn 0.6728 0.2060 -0.7106
vn 0.3383 -0.8199 0.4618
vn 0.0888 -0.9690 0.2306
vn 0.5667 -0.0242 -0.8236
vn 0.4168 -0.3084 -0.8551
vn 0.8893 -0.4471 -0.0968
vn 0.3963 -0.0268 0.9177
vn 0.2143 0.3004 0.9294
vn 0.9326 0.2758 0.2330
vn 0.5549 0.7274 -0.4037
vn 0.4007 0.8896 -0.2193
vn 0.9946 -0.0819 0.0632
vn 0.8774 0.1170 -0.4653
vn 0.8904 0.2117 -0.4029
vn 0.8564 0.3413 -0.3873
vn 0.7365 -0.2594 0.6247
vn 0.7595 -0.3600 0.5418
vn 0.7261 -0.4829 0.4895
vn 0.4147 -0.4901 0.7667
vn 0.6327 0.3948 -0.6662
vn 0.6630 -0.5141 -0.5442
vn -0.0000 -0.9723 -0.2337
vn 0.0192 -0.6989 -0.7150
vn 0.9127 -0.0458 -0.4061
vn 0.9164 -0.2987 -0.2664
vn 0.3305 0.4036 0.8532
vn 0.7264 -0.0794 0.6826
vn 0.8063 0.2281 0.5458
vn 0.0017 0.4031 0.9152
vn 0.9951 -0.0658 0.0743
vn -0.6411 -0.5709 -0.5128
vn -0.9019 -0.3690 -0.2246
vn -0.3197 0.3874 0.8647
vn -0.7264 -0.0794 0.6826
vn -0.7872 0.1791 0.5901
vn -0.9828 -0.1378 0.1230
vn -0.6322 -0.7442 0.2156
vn -0.9274 -0.2465 -0.2815
vn -0.5432 -0.7129 -0.4435
vn -0.5887 -0.1879 -0.7862
vn -0.3267 -0.6864 -0.6497
vn -0.3089 -0.8597 -0.4068
vn -0.4291 -0.9012 0.0605
vn -0.2021 -0.8470 -0.4917
vn -0.1505 -0.9884 -0.0201
vn -0.2086 -0.9567 -0.2032
vn -0.1589 -0.7940 0.5868
vn -0.3330 -0.8908 0.3091
vn -0.2339 -0.7903 -0.5663
vn -0.1053 -0.3440 0.9331
vn -0.3504 -0.5598 0.7509
vn 0.0087 -0.0336 0.9994
vn -0.2845 -0.2251 0.9319
vn -0.2449 -0.6860 -0.6851
vn 0.0043 -0.0230 -0.9997
vn -0.1249 -0.6648 -0.7365
vn -0.2984 -0.0995 -0.9493
vn -0.9322 0.3401 -0.1236
vn -0.7776 -0.3320 0.5340
vn -0.7560 0.2551 0.6028
vn -0.6073 0.7940 -0.0266
vn -0.6090 0.4908 -0.6231
vn 0.2136 0.9747 0.0665
vn -0.1830 0.8778 -0.4427
vn -0.1909 0.9816 0.0072
vn -0.4190 0.7996 -0.4303
vn -0.2473 0.7630 0.5972
vn 0.1685 0.7625 0.6246
vn 0.1031 0.3049 0.9468
vn -0.2565 0.2507 0.9335
vn -0.5505 0.6526 0.5207
vn 0.1318 0.6302 -0.7651
vn -0.2392 0.5967 -0.7660
vn 0.2018 0.8924 -0.4036
vn 0.4480 0.4829 -0.7524
vn 0.2161 -0.0601 -0.9745
vn 0.3871 0.5772 -0.7190
vn 0.4555 0.8193 -0.3483
vn 0.5164 0.7481 -0.4167
vn 0.2892 0.3084 0.9062
vn 0.4864 0.6654 0.5663
vn 0.4125 0.6730 0.6139
vn 0.1987 0.0434 0.9791
vn 0.3438 0.2997 0.8899
vn 0.5452 0.8380 0.0229
vn 0.4756 0.8728 0.1095
vn -0.0154 -0.6879 -0.7256
vn 0.2380 -0.2015 -0.9501
vn 0.0019 -0.7434 -0.6689
vn -0.0836 -0.9176 -0.3885
vn -0.1584 -0.8879 -0.4319
vn 0.0107 -0.7565 0.6539
vn 0.1793 -0.2464 0.9524
vn 0.1170 -0.2530 0.9604
vn 0.2558 0.0482 0.9655
vn -0.0655 -0.9970 0.0418
vn -0.0706 -0.9962 0.0517
vn 0.0430 -0.7762 0.6291
vn -0.1949 -0.9774 0.0817
vn -0.7172 -0.6033 -0.3488
vn -0.1646 -0.8060 -0.5685
vn -0.4693 -0.3011 -0.8301
vn 0.0067 -0.6435 -0.7654
vn 0.1169 -0.8303 -0.5449
vn 0.0502 -0.9950 -0.0862
vn 0.2028 -0.7537 -0.6251
vn 0.3342 -0.9273 -0.1686
vn 0.2611 -0.8998 -0.3495
vn 0.2573 -0.8548 0.4508
vn 0.1401 -0.9767 0.1626
vn 0.1437 -0.7060 -0.6935
vn 0.1105 -0.5084 0.8540
vn -0.0101 -0.7720 0.6355
vn 0.0687 -0.2041 0.9765
vn -0.1007 -0.4910 0.8653
vn 0.0782 -0.5976 -0.7980
vn -0.0308 0.1617 -0.9864
vn 0.1733 -0.5116 -0.8416
vn -0.2598 -0.0561 -0.9640
vn -0.9868 -0.1222 -0.1067
vn -0.4990 -0.7431 0.4458
vn -0.7590 -0.2437 0.6038
vn -0.9110 0.4070 0.0663
vn -0.7897 0.2486 -0.5609
vn -0.2702 0.9384 0.2152
vn -0.5886 0.7455 -0.3127
vn -0.6325 0.7614 0.1422
vn -0.7583 0.5675 -0.3208
vn -0.5590 0.4439 0.7003
vn -0.1865 0.6396 0.7457
vn -0.0101 0.1436 0.9896
vn -0.3027 -0.0719 0.9504
vn -0.7762 0.2145 0.5929
vn -0.2123 0.7327 -0.6467
vn -0.5190 0.5341 -0.6673
vn -0.2588 0.9306 -0.2587
vn 0.1303 0.7528 -0.6452
vn 0.1738 0.2246 -0.9588
vn 0.0352 0.7984 -0.6011
vn -0.0013 0.9784 -0.2066
vn 0.0819 0.9562 -0.2809
vn 0.1519 0.2428 0.9581
vn 0.1425 0.7159 0.6835
vn 0.0750 0.6791 0.7302
vn 0.1992 -0.0451 0.9789
vn 0.2039 0.2643 0.9426
vn 0.0860 0.9827 0.1641
vn 0.0120 0.9674 0.2530
vn 0.2829 -0.4813 -0.8297
vn 0.2620 0.1088 -0.9589
vn 0.3278 -0.5324 -0.7805
vn 0.3469 -0.7763 -0.5263
vn 0.2640 -0.7789 -0.5688
vn 0.3896 -0.7555 0.5268
vn 0.3146 -0.2978 0.9013
vn 0.2634 -0.3336 0.9051
vn 0.2467 -0.0116 0.9690
vn 0.4152 -0.9036 -0.1052
vn 0.4106 -0.9068 -0.0955
vn 0.4257 -0.7533 0.5014
vn -0.8278 -0.4887 0.2755
vn -0.9627 0.0162 -0.2702
vn -0.7380 -0.5576 -0.3801
vn -0.6306 -0.0899 -0.7709
vn -0.5271 -0.6199 -0.5812
vn -0.5597 -0.7617 -0.3265
vn -0.6835 -0.7168 0.1382
vn -0.4555 -0.7905 -0.4093
vn -0.4452 -0.8927 0.0700
vn -0.4923 -0.8628 -0.1154
vn -0.3867 -0.6418 0.6622
vn -0.5868 -0.7107 0.3881
vn -0.4695 -0.7357 -0.4881
vn -0.1893 -0.1862 0.9641
vn -0.4947 -0.3388 0.8003
vn 0.0162 0.0817 0.9965
vn -0.3235 -0.0182 0.9461
vn -0.4502 -0.6479 -0.6145
vn -0.0211 -0.1391 -0.9901
vn -0.3314 -0.6696 -0.6647
vn -0.3310 -0.1135 -0.9368
vn -0.7878 0.5924 -0.1685
vn -0.8338 -0.0156 0.5518
vn -0.6279 0.5388 0.5616
vn -0.3373 0.9350 -0.1096
vn -0.4454 0.5825 -0.6800
vn 0.5014 0.8649 -0.0217
vn 0.0861 0.8436 -0.5300
vn 0.1177 0.9892 -0.0872
vn -0.1646 0.8423 -0.5133
vn 0.0079 0.8580 0.5136
vn 0.4001 0.7356 0.5467
vn 0.2069 0.3647 0.9079
vn -0.1497 0.4209 0.8947
vn -0.3132 0.8389 0.4451
vn 0.3068 0.4724 -0.8262
vn -0.0605 0.5547 -0.8298
vn 0.4608 0.7428 -0.4857
vn 0.5638 0.2348 -0.7918
vn 0.1692 -0.2352 -0.9571
vn 0.5358 0.3479 -0.7693
vn 0.6815 0.6002 -0.4187
vn 0.7169 0.5059 -0.4797
vn 0.3834 0.3073 0.8709
vn 0.6711 0.5435 0.5042
vn 0.6039 0.5779 0.5489
vn 0.2200 0.0943 0.9709
vn 0.4324 0.2809 0.8568
vn 0.7750 0.6301 -0.0474
vn 0.7199 0.6932 0.0343
vn -0.2349 -0.7226 -0.6501
vn 0.1470 -0.3714 -0.9168
vn -0.2343 -0.7733 -0.5891
vn -0.3637 -0.8820 -0.2997
vn -0.4260 -0.8359 -0.3462
vn -0.2109 -0.6509 0.7293
vn 0.1135 -0.1780 0.9775
vn 0.0520 -0.1643 0.9850
vn 0.2755 0.0799 0.9580
vn -0.3662 -0.9208 0.1339
vn -0.3708 -0.9176 0.1436
vn -0.1864 -0.6826 0.7067
vn 0.9274 -0.2465 -0.2815
vn 0.6322 -0.7442 0.2156
vn 0.5432 -0.7129 -0.4435
vn 0.5887 -0.1879 -0.7862
vn 0.3089 -0.8597 -0.4068
vn 0.3267 -0.6864 -0.6497
vn 0.4291 -0.9012 0.0605
vn 0.1505 -0.9884 -0.0201
vn 0.2021 -0.8470 -0.4917
vn 0.2086 -0.9567 -0.2032
vn 0.1589 -0.7940 0.5868
vn 0.3330 -0.8908 0.3091
vn 0.2339 -0.7903 -0.5663
vn 0.1053 -0.3440 0.9331
vn 0.3504 -0.5598 0.7509
vn -0.0087 -0.0336 0.9994
vn 0.2845 -0.2251 0.9319
vn 0.2449 -0.6860 -0.6851
vn -0.0043 -0.0230 -0.9997
vn 0.2984 -0.0995 -0.9493
vn 0.1249 -0.6649 -0.7365
vn 0.9322 0.3401 -0.1236
vn 0.7776 -0.3320 0.5340
vn 0.6073 0.7940 -0.0266
vn 0.7560 0.2551 0.6028
vn 0.6090 0.4908 -0.6231
vn 0.1830 0.8778 -0.4427
vn -0.2136 0.9747 0.0665
vn 0.1909 0.9816 0.0072
vn 0.4190 0.7996 -0.4303
vn 0.2473 0.7630 0.5972
vn -0.1685 0.7625 0.6246
vn -0.1031 0.3049 0.9468
vn 0.2565 0.2507 0.9335
vn 0.5505 0.6526 0.5207
vn -0.1318 0.6302 -0.7651
vn 0.2392 0.5967 -0.7660
vn -0.2018 0.8924 -0.4036
vn -0.2161 -0.0601 -0.9745
vn -0.4480 0.4829 -0.7524
vn -0.3871 0.5772 -0.7190
vn -0.4555 0.8193 -0.3483
vn -0.5164 0.7481 -0.4167
vn -0.2892 0.3084 0.9062
vn -0.4864 0.6654 0.5663
vn -0.3438 0.2997 0.8899
vn -0.4125 0.6730 0.6139
vn -0.1987 0.0434 0.9791
vn -0.5452 0.8380 0.0229
vn -0.4756 0.8728 0.1095
vn 0.0154 -0.6879 -0.7256
vn -0.2380 -0.2015 -0.9501
vn 0.0836 -0.9176 -0.3885
vn -0.0019 -0.7434 -0.6689
vn 0.1584 -0.8879 -0.4319
vn -0.1793 -0.2464 0.9524
vn -0.0107 -0.7565 0.6539
vn -0.1170 -0.2530 0.9604
vn -0.2558 0.0482 0.9655
vn 0.0655 -0.9970 0.0418
vn 0.0706 -0.9962 0.0517
vn -0.0430 -0.7762 0.6291
vn 0.7172 -0.6033 -0.3488
vn 0.1949 -0.9774 0.0817
vn 0.1646 -0.8060 -0.5685
vn 0.4693 -0.3011 -0.8301
vn -0.1169 -0.8303 -0.5449
vn -0.0067 -0.6435 -0.7654
vn -0.0502 -0.9950 -0.0862
vn -0.3342 -0.9273 -0.1686
vn -0.2028 -0.7537 -0.6251
vn -0.2611 -0.8998 -0.3495
vn -0.2573 -0.8548 0.4508
vn -0.1401 -0.9767 0.1626
vn -0.1437 -0.7060 -0.6935
vn -0.1105 -0.5084 0.8540
vn 0.0101 -0.7720 0.6355
vn -0.0687 -0.2041 0.9765
vn 0.1007 -0.4910 0.8653
vn -0.0782 -0.5976 -0.7980
vn 0.0308 0.1617 -0.9864
vn 0.2598 -0.0561 -0.9640
vn -0.1733 -0.5116 -0.8416
vn 0.9868 -0.1222 -0.1067
vn 0.4990 -0.7431 0.4458
vn 0.9110 0.4070 0.0663
vn 0.7590 -0.2437 0.6038
vn 0.7897 0.2486 -0.5609
vn 0.5886 0.7455 -0.3127
vn 0.2702 0.9384 0.2152
vn 0.6325 0.7614 0.1422
vn 0.7583 0.5675 -0.3208
vn 0.5590 0.4439 0.7003
vn 0.1865 0.6396 0.7457
vn 0.0101 0.1436 0.9896
vn 0.3027 -0.0719 0.9504
vn 0.7762 0.2145 0.5929
vn 0.2123 0.7327 -0.6467
vn 0.5190 0.5341 -0.6673
vn 0.2588 0.9306 -0.2587
vn -0.1738 0.2246 -0.9588
vn -0.1303 0.7528 -0.6452
vn -0.0352 0.7984 -0.6011
vn 0.0013 0.9784 -0.2066
vn -0.0819 0.9562 -0.2809
vn -0.1519 0.2428 0.9581
vn -0.1425 0.7159 0.6835
vn -0.2039 0.2643 0.9426
vn -0.0750 0.6791 0.7302
vn -0.1992 -0.0451 0.9789
vn -0.0860 0.9827 0.1641
vn -0.0120 0.9674 0.2530
vn -0.2829 -0.4813 -0.8297
vn -0.2620 0.1088 -0.9589
vn -0.3469 -0.7763 -0.5263
vn -0.3278 -0.5324 -0.7805
vn -0.2640 -0.7789 -0.5688
vn -0.3146 -0.2978 0.9013
vn -0.3896 -0.7555 0.5268
vn -0.2634 -0.3336 0.9051
vn -0.2467 -0.0116 0.9690
vn -0.4152 -0.9036 -0.1052
vn -0.4106 -0.9068 -0.0955
vn -0.4257 -0.7533 0.5014
vn 0.9627 0.0162 -0.2702
vn 0.8278 -0.4887 0.2755
vn 0.7380 -0.5576 -0.3801
vn 0.6306 -0.0899 -0.7709
vn 0.5597 -0.7617 -0.3265
vn 0.5271 -0.6199 -0.5812
vn 0.6835 -0.7168 0.1382
vn 0.4452 -0.8927 0.0700
vn 0.4555 -0.7905 -0.4093
vn 0.4923 -0.8628 -0.1154
vn 0.3867 -0.6418 0.6622
vn 0.5868 -0.7107 0.3881
vn 0.4695 -0.7357 -0.4881
vn 0.1893 -0.1862 0.9641
vn 0.4947 -0.3388 0.8003
vn -0.0162 0.0817 0.9965
vn 0.3235 -0.0182 0.9461
vn 0.4502 -0.6479 -0.6145
vn 0.0211 -0.1391 -0.9901
vn 0.3310 -0.1135 -0.9368
vn 0.3314 -0.6696 -0.6647
vn 0.7878 0.5924 -0.1685
vn 0.8338 -0.0156 0.5518
vn 0.3373 0.9350 -0.1096
vn 0.6279 0.5388 0.5616
vn 0.4454 0.5825 -0.6800
vn -0.0861 0.8436 -0.5300
vn -0.5014 0.8649 -0.0217
vn -0.1177 0.9892 -0.0872
vn 0.1646 0.8423 -0.5133
vn -0.0079 0.8580 0.5136
vn -0.4001 0.7356 0.5467
vn -0.2069 0.3647 0.9079
vn 0.1497 0.4209 0.8947
vn 0.3132 0.8389 0.4451
vn -0.3068 0.4724 -0.8262
vn 0.0605 0.5547 -0.8298
vn -0.4608 0.7428 -0.4857
vn -0.1692 -0.2352 -0.9571
vn -0.5638 0.2348 -0.7918
vn -0.5358 0.3479 -0.7693
vn -0.6815 0.6002 -0.4187
vn -0.7169 0.5059 -0.4797
vn -0.3834 0.3073 0.8709
vn -0.6711 0.5435 0.5042
vn -0.4324 0.2809 0.8568
vn -0.6039 0.5779 0.5489
vn -0.2200 0.0943 0.9709
vn -0.7750 0.6301 -0.0474
vn -0.7199 0.6932 0.0343
vn 0.2349 -0.7226 -0.6501
vn -0.1470 -0.3714 -0.9168
vn 0.3637 -0.8820 -0.2997
vn 0.2343 -0.7733 -0.5891
vn 0.4260 -0.8359 -0.3462
vn -0.1135 -0.1780 0.9775
vn 0.2109 -0.6509 0.7293
vn -0.0520 -0.1643 0.9850
vn -0.2755 0.0799 0.9580
vn 0.3662 -0.9208 0.1339
vn 0.3708 -0.9176 0.1436
vn 0.1864 -0.6826 0.7067
vn -0.4869 -0.8404 -0.2382
vn -0.3742 -0.9075 -0.1909
vn -0.4745 -0.8494 -0.2311
vn -0.6693 -0.6844 -0.2893
vn -0.6791 -0.6704 -0.2988
vn -0.5142 -0.8084 -0.2864
vn -0.4086 -0.8872 -0.2142
vn -0.7499 -0.5850 -0.3089
vn -0.7947 -0.5278 -0.2999
vn -0.8045 -0.5175 -0.2916
vn -0.7082 -0.5243 -0.4729
vn -0.6519 -0.6120 -0.4479
vn -0.6045 -0.7074 -0.3664
vn -0.6429 -0.6902 -0.3321
vn -0.5717 0.7222 -0.3895
vn -0.4611 0.8248 -0.3272
vn -0.4555 0.7777 -0.4334
vn -0.0000 0.9303 -0.3668
vn -0.0000 0.8724 -0.4888
vn -0.3207 0.7158 -0.6204
vn -0.4276 0.6967 -0.5760
vn -0.7965 0.5224 -0.3045
vn -0.7920 0.5245 -0.3125
vn -0.7348 0.5971 -0.3219
vn -0.7064 0.6287 -0.3251
vn -0.6725 0.6531 -0.3482
vn -0.6222 0.6877 -0.3742
vn -0.6424 0.6144 -0.4582
vn -0.7040 0.5098 -0.4944
vn -0.4690 -0.8098 -0.3524
vn -0.4394 -0.8510 -0.2876
vn -0.3583 -0.7867 -0.5028
vn -0.3784 -0.8450 -0.3778
vn -0.1766 -0.0208 -0.9841
vn -0.2971 0.3641 -0.8827
vn -0.2157 0.3265 -0.9203
vn -0.0000 0.7461 -0.6658
vn -0.0000 0.3247 -0.9458
vn -0.0000 -0.0318 -0.9995
vn -0.5018 0.8328 -0.2338
vn -0.3213 0.9279 -0.1891
vn -0.3903 0.8927 -0.2253
vn -0.0000 0.9828 -0.1845
vn -0.0000 0.9709 -0.2394
vn -0.5800 0.7546 -0.3068
vn -0.9344 -0.0120 -0.3560
vn -0.8577 0.3872 -0.3382
vn -0.8516 0.4085 -0.3284
vn -0.9462 -0.0068 -0.3236
vn -0.8442 -0.4264 -0.3249
vn -0.8457 -0.4137 -0.3370
vn -0.9300 -0.0300 -0.3663
vn -0.1647 -0.0927 -0.9820
vn -0.2351 0.0160 -0.9718
vn -0.0000 -0.0945 -0.9955
vn -0.1726 -0.1501 -0.9735
vn -0.2270 -0.1738 -0.9583
vn -0.2173 -0.0887 -0.9721
vn -0.9428 -0.0047 -0.3333
vn -0.8419 0.4498 -0.2981
vn -0.8519 -0.0175 -0.5233
vn -0.8415 -0.4556 -0.2904
vn -0.2240 -0.4589 -0.8598
vn -0.1739 -0.4423 -0.8798
vn -0.0000 -0.4366 -0.8997
vn -0.0000 -0.7916 -0.6111
vn -0.1526 -0.7913 -0.5921
vn -0.4290 -0.8725 0.2336
vn 0.2242 -0.8022 0.5534
vn 0.0181 -0.9817 0.1893
vn -0.6446 -0.7297 0.2283
vn -0.9422 -0.2928 0.1628
vn -0.9216 -0.3459 0.1759
vn -0.8398 -0.2381 0.4879
vn -0.3746 -0.6618 0.6494
vn -0.0000 -0.1203 0.9927
vn -0.4829 0.1064 0.8692
vn -0.5023 -0.1234 0.8558
vn -0.9466 -0.0893 0.3097
vn -0.0000 -0.3715 0.9284
vn -0.4562 -0.4082 -0.7907
vn -0.0724 -0.9543 -0.2901
vn -0.4110 -0.8703 -0.2715
vn -0.3979 -0.8429 0.3622
vn -0.9036 -0.2415 0.3537
vn -0.6679 -0.6929 -0.2717
vn -0.8680 0.0239 -0.4959
vn 0.2704 0.1861 -0.9446
vn -0.0580 0.4841 -0.8731
vn -0.0678 0.5025 -0.8619
vn -0.0000 0.3640 -0.9314
vn 0.8112 -0.1441 -0.5667
vn 0.7730 -0.2517 -0.5823
vn 0.1085 0.1370 -0.9846
vn -0.9948 -0.0267 0.0980
vn -0.9434 0.0331 0.3299
vn -0.9984 0.0057 0.0570
vn -0.9953 0.0652 0.0712
vn -0.9705 0.0964 0.2209
vn -0.3311 -0.5241 0.7846
vn -0.1125 -0.9133 0.3914
vn 0.3757 -0.6059 0.7012
vn -0.7832 -0.0898 0.6152
vn -0.9785 0.1938 0.0701
vn -0.9178 0.2795 0.2821
vn -0.9404 0.3396 0.0158
vn -0.9019 0.3857 0.1946
vn -0.9262 0.3755 0.0354
vn -0.8900 0.4550 0.0282
vn -0.8600 0.4277 -0.2784
vn -0.7930 0.4240 -0.4375
vn -0.8978 0.4404 0.0041
vn -0.9961 0.0887 -0.0044
vn -0.9996 0.0122 -0.0252
vn -0.9941 0.1081 -0.0105
vn -0.9667 0.1336 -0.2183
vn -0.9517 0.2251 -0.2088
vn -0.9999 0.0098 0.0021
vn -1.0000 -0.0000 -0.0000
vn -0.9991 0.0424 -0.0024
vn -0.9989 0.0007 0.0460
vn -0.9109 0.0259 0.4118
vn -0.9984 -0.0017 0.0567
vn -0.9279 0.0317 0.3716
vn -0.0022 0.5474 -0.8369
vn -0.0000 0.5636 -0.8261
vn -0.0015 0.5522 -0.8337
vn -0.0000 0.5543 -0.8323
vn -0.0000 0.5169 -0.8560
vn -0.0000 0.1088 0.9941
vn -0.4052 0.0843 0.9104
vn -0.4443 0.0920 0.8911
vn -0.0000 0.1037 0.9946
vn -0.0000 0.1281 0.9918
vn -0.8491 0.2832 -0.4459
vn -0.5072 0.4996 -0.7023
vn -0.4360 0.4943 -0.7520
vn 0.8139 -0.4276 0.3934
vn 0.9517 -0.2958 0.0825
vn 0.8493 -0.4221 0.3172
vn 0.4149 -0.8250 0.3837
vn 0.8982 -0.4162 0.1413
vn -0.3504 0.2909 -0.8903
vn 0.3592 -0.5308 -0.7676
vn 0.9539 -0.2775 -0.1139
vn 0.8979 -0.4155 -0.1458
vn 0.8426 -0.5192 -0.1428
vn -0.0000 -0.9877 0.1561
vn -0.0000 -0.9869 0.1612
vn -0.0000 -0.9927 0.1203
vn -0.8120 0.4734 -0.3415
vn -0.8048 0.4907 -0.3340
vn -0.6908 0.6402 -0.3361
vn -0.6929 0.6437 -0.3249
vn -0.7993 -0.5076 -0.3215
vn -0.6754 -0.6744 -0.2985
vn -0.8012 -0.4983 -0.3314
vn -0.4725 -0.3388 -0.8136
vn -0.4114 -0.5118 -0.7542
vn -0.1925 -0.8003 -0.5678
vn -0.5348 -0.0644 -0.8425
vn -0.4874 0.2397 -0.8396
vn -0.5147 0.8083 -0.2858
vn -0.5545 0.7839 -0.2792
vn -0.4217 0.8792 -0.2218
vn -0.6125 0.7239 -0.3174
vn -0.4316 0.4587 -0.7767
vn -0.4828 0.7077 -0.5158
vn -0.2932 -0.8662 -0.4046
vn -0.0000 -0.9462 -0.3236
vn -0.3408 -0.8898 -0.3034
vn -0.0000 -0.9040 -0.4276
vn -0.5998 0.7104 -0.3682
vn -0.3142 -0.9247 -0.2149
vn -0.0000 -0.9832 -0.1827
vn -0.2891 -0.9400 -0.1810
vn -0.0000 -0.9745 -0.2243
vn 0.4869 -0.8404 -0.2382
vn 0.3742 -0.9075 -0.1909
vn 0.4086 -0.8872 -0.2142
vn 0.5142 -0.8084 -0.2864
vn 0.6791 -0.6704 -0.2988
vn 0.6693 -0.6844 -0.2893
vn 0.4745 -0.8494 -0.2311
vn 0.7499 -0.5850 -0.3089
vn 0.6429 -0.6902 -0.3321
vn 0.6045 -0.7074 -0.3664
vn 0.6519 -0.6120 -0.4479
vn 0.7082 -0.5243 -0.4729
vn 0.8045 -0.5175 -0.2916
vn 0.7947 -0.5278 -0.2999
vn 0.4611 0.8248 -0.3272
vn 0.5717 0.7222 -0.3895
vn 0.4555 0.7777 -0.4334
vn 0.4276 0.6967 -0.5760
vn 0.3207 0.7158 -0.6204
vn 0.7920 0.5245 -0.3125
vn 0.7965 0.5224 -0.3045
vn 0.7348 0.5971 -0.3219
vn 0.7040 0.5098 -0.4944
vn 0.6424 0.6144 -0.4582
vn 0.6222 0.6877 -0.3742
vn 0.6725 0.6531 -0.3482
vn 0.7064 0.6287 -0.3251
vn 0.4690 -0.8098 -0.3524
vn 0.4394 -0.8510 -0.2876
vn 0.3784 -0.8450 -0.3778
vn 0.3583 -0.7867 -0.5028
vn 0.2971 0.3641 -0.8827
vn 0.1766 -0.0208 -0.9841
vn 0.2157 0.3265 -0.9203
vn 0.3213 0.9279 -0.1891
vn 0.5018 0.8328 -0.2338
vn 0.3903 0.8927 -0.2253
vn 0.5800 0.7546 -0.3068
vn 0.9344 -0.0120 -0.3560
vn 0.8577 0.3872 -0.3382
vn 0.9300 -0.0300 -0.3663
vn 0.8457 -0.4137 -0.3370
vn 0.8442 -0.4264 -0.3249
vn 0.9462 -0.0068 -0.3236
vn 0.8516 0.4085 -0.3284
vn 0.1647 -0.0927 -0.9820
vn 0.2351 0.0160 -0.9718
vn 0.2173 -0.0886 -0.9721
vn 0.2270 -0.1738 -0.9583
vn 0.1726 -0.1501 -0.9735
vn 0.9428 -0.0047 -0.3333
vn 0.8419 0.4498 -0.2981
vn 0.8415 -0.4556 -0.2904
vn 0.8519 -0.0175 -0.5233
vn 0.2240 -0.4589 -0.8598
vn 0.1739 -0.4423 -0.8798
vn 0.1526 -0.7913 -0.5921
vn 0.4290 -0.8725 0.2336
vn -0.2242 -0.8022 0.5534
vn 0.3746 -0.6618 0.6494
vn 0.8398 -0.2381 0.4879
vn 0.9216 -0.3459 0.1759
vn 0.9422 -0.2929 0.1628
vn 0.6446 -0.7297 0.2283
vn -0.0181 -0.9817 0.1893
vn 0.4829 0.1064 0.8692
vn 0.5023 -0.1234 0.8558
vn 0.9466 -0.0893 0.3097
vn 0.0724 -0.9543 -0.2901
vn 0.4562 -0.4082 -0.7907
vn 0.4110 -0.8703 -0.2715
vn 0.8680 0.0239 -0.4959
vn 0.6679 -0.6929 -0.2717
vn 0.9036 -0.2415 0.3537
vn 0.3979 -0.8429 0.3622
vn -0.2704 0.1861 -0.9446
vn 0.0580 0.4841 -0.8731
vn -0.1085 0.1370 -0.9846
vn -0.7730 -0.2517 -0.5823
vn -0.8112 -0.1441 -0.5667
vn 0.0678 0.5025 -0.8619
vn 0.9948 -0.0267 0.0980
vn 0.9434 0.0331 0.3299
vn 0.9705 0.0964 0.2209
vn 0.9953 0.0652 0.0712
vn 0.9984 0.0057 0.0570
vn 0.3311 -0.5241 0.7846
vn 0.1125 -0.9133 0.3914
vn 0.7832 -0.0898 0.6152
vn -0.3757 -0.6059 0.7012
vn 0.9785 0.1938 0.0701
vn 0.9178 0.2795 0.2821
vn 0.9019 0.3857 0.1946
vn 0.9404 0.3396 0.0158
vn 0.9262 0.3755 0.0354
vn 0.8900 0.4550 0.0282
vn 0.8978 0.4404 0.0041
vn 0.7930 0.4240 -0.4375
vn 0.8600 0.4277 -0.2784
vn 0.9996 0.0122 -0.0252
vn 0.9961 0.0887 -0.0044
vn 0.9941 0.1081 -0.0105
vn 0.9517 0.2251 -0.2088
vn 0.9667 0.1336 -0.2183
vn 1.0000 -0.0000 -0.0000
vn 0.9999 0.0098 0.0021
vn 0.9991 0.0424 -0.0024
vn 0.9989 0.0007 0.0460
vn 0.9109 0.0259 0.4118
vn 0.9279 0.0317 0.3716
vn 0.9984 -0.0017 0.0567
vn 0.0022 0.5474 -0.8369
vn 0.0015 0.5522 -0.8337
vn 0.4052 0.0843 0.9104
vn 0.4443 0.0920 0.8911
vn 0.8491 0.2832 -0.4459
vn 0.5072 0.4996 -0.7023
vn 0.4360 0.4943 -0.7520
vn -0.8139 -0.4276 0.3934
vn -0.9517 -0.2958 0.0825
vn -0.8982 -0.4162 0.1413
vn -0.4149 -0.8250 0.3837
vn -0.8493 -0.4221 0.3172
vn 0.3504 0.2909 -0.8903
vn -0.3592 -0.5308 -0.7676
vn -0.9539 -0.2775 -0.1139
vn -0.8979 -0.4155 -0.1458
vn -0.8426 -0.5192 -0.1428
vn 0.8120 0.4734 -0.3415
vn 0.8048 0.4907 -0.3340
vn 0.6929 0.6437 -0.3249
vn 0.6908 0.6402 -0.3361
vn 0.7993 -0.5076 -0.3215
vn 0.6754 -0.6744 -0.2985
vn 0.8012 -0.4983 -0.3314
vn 0.4725 -0.3388 -0.8136
vn 0.4114 -0.5118 -0.7542
vn 0.1925 -0.8003 -0.5678
vn 0.5348 -0.0644 -0.8425
vn 0.4874 0.2397 -0.8396
vn 0.5147 0.8083 -0.2858
vn 0.5545 0.7839 -0.2792
vn 0.6125 0.7239 -0.3174
vn 0.4217 0.8792 -0.2218
vn 0.4316 0.4587 -0.7767
vn 0.4828 0.7077 -0.5158
vn 0.2932 -0.8662 -0.4046
vn 0.3408 -0.8898 -0.3034
vn 0.5998 0.7104 -0.3682
vn 0.3142 -0.9247 -0.2149
vn 0.2891 -0.9400 -0.1810
vn -0.9895 -0.1227 -0.0770
vn -0.8407 -0.4238 -0.3370
vn -0.8707 -0.4789 -0.1116
vn 0.1981 -0.0518 0.9788
vn -0.1071 -0.0924 0.9899
vn -0.0691 -0.2042 0.9765
vn -0.6932 -0.0332 -0.7200
vn -0.4435 -0.1034 -0.8903
vn -0.6282 -0.2340 -0.7420
vn -0.7932 -0.1500 0.5901
vn -0.5172 -0.4213 0.7450
vn -0.6146 -0.1415 0.7760
vn -0.9784 -0.1394 0.1526
vn -0.8536 -0.5077 0.1168
vn -0.7610 -0.3420 -0.5513
vn -0.8495 -0.0691 -0.5230
vn -0.3102 -0.3278 0.8924
vn -0.3811 -0.1222 0.9164
vn -0.7899 -0.5092 0.3418
vn -0.9138 -0.1489 0.3779
vn -0.9473 -0.0991 -0.3048
vn -0.4783 0.0069 -0.8782
vn -0.1982 0.0517 -0.9788
vn -0.6782 -0.4813 0.5554
vn -0.1671 -0.4875 0.8570
vn -0.5393 -0.7912 0.2883
vn -0.5765 -0.5608 -0.5943
vn -0.6200 -0.6832 -0.3858
vn 0.0080 -0.2916 0.9565
vn -0.2830 -0.0635 -0.9570
vn -0.4468 -0.7391 0.5041
vn -0.6267 -0.7619 -0.1637
vn -0.4927 -0.3948 -0.7755
vn -0.3217 -0.6384 0.6993
vn -0.5993 -0.7980 0.0633
vn -0.3683 -0.1901 -0.9101
vn -0.3057 -0.4911 -0.8157
vn -0.1368 -0.8852 0.4447
vn -0.0603 -0.7606 0.6465
vn -0.2933 -0.9290 -0.2255
vn -0.2545 -0.9671 0.0002
vn -0.3219 -0.6921 -0.6461
vn 0.0245 -0.5775 0.8160
vn -0.2019 -0.9530 0.2259
vn -0.3167 -0.8380 -0.4443
vn 0.1120 -0.3414 0.9332
vn -0.2657 -0.2426 -0.9330
vn 0.2348 -0.5857 0.7758
vn 0.2268 -0.3465 0.9102
vn -0.2329 -0.0888 -0.9684
vn -0.1506 -0.2504 -0.9564
vn 0.2037 -0.8996 0.3863
vn 0.0801 -0.9543 -0.2880
vn -0.0946 -0.5070 -0.8568
vn 0.2260 -0.7715 0.5947
vn 0.1290 -0.9896 -0.0629
vn -0.0342 -0.7143 -0.6990
vn 0.1707 -0.9716 0.1641
vn 0.0251 -0.8634 -0.5038
vn 0.2429 -0.6214 -0.7448
vn 0.4320 -0.5123 0.7423
vn 0.5226 -0.8452 0.1119
vn 0.3535 -0.7528 -0.5552
vn 0.3350 -0.3068 0.8909
vn -0.1252 -0.0737 -0.9894
vn -0.0404 -0.2122 -0.9764
vn 0.5236 -0.7823 0.3374
vn 0.4372 -0.8320 -0.3416
vn 0.1086 -0.4383 -0.8923
vn 0.4944 -0.6717 0.5517
vn 0.4935 -0.8619 -0.1166
vn 0.4205 -0.2285 0.8781
vn 0.2715 -0.2942 -0.9164
vn 0.7059 -0.4776 0.5232
vn 0.7834 -0.6025 -0.1525
vn 0.4654 -0.4257 -0.7760
vn 0.5874 -0.3693 0.7201
vn 0.8013 -0.5932 0.0772
vn 0.6168 -0.5208 -0.5901
vn 0.0476 -0.1335 -0.9899
vn 0.7762 -0.5519 0.3050
vn 0.7225 -0.5791 -0.3778
vn 0.7719 -0.2030 -0.6025
vn 0.6788 -0.1782 0.7123
vn 0.4708 -0.1235 0.8736
vn 0.0995 -0.0264 -0.9947
vn 0.9651 -0.2536 0.0650
vn 0.9246 -0.2428 0.2936
vn 0.8903 -0.2340 -0.3906
vn 0.3677 -0.0968 -0.9249
vn 0.8301 -0.2180 0.5132
vn 0.9539 -0.2507 -0.1652
vn 0.5966 -0.1569 -0.7871
vn 0.3811 0.1222 -0.9164
vn 0.6146 0.1415 -0.7760
vn 0.6932 0.0332 0.7200
vn 0.9895 0.1227 0.0770
vn 0.7932 0.1500 -0.5901
vn 0.4786 -0.0073 0.8780
vn 0.1071 0.0924 -0.9899
vn 0.9473 0.0991 0.3048
vn 0.9138 0.1489 -0.3779
vn 0.8495 0.0691 0.5230
vn 0.9784 0.1394 -0.1526
vn 0.6782 0.4813 -0.5554
vn 0.7899 0.5092 -0.3418
vn 0.4427 0.1029 0.8907
vn 0.0691 0.2042 -0.9765
vn 0.3102 0.3278 -0.8924
vn 0.7610 0.3420 0.5513
vn 0.8536 0.5077 -0.1168
vn 0.5172 0.4213 -0.7450
vn 0.6282 0.2340 0.7420
vn 0.8707 0.4789 0.1116
vn 0.8407 0.4238 0.3370
vn 0.3217 0.6384 -0.6993
vn 0.4468 0.7391 -0.5041
vn 0.3681 0.1907 0.9100
vn -0.1095 0.1672 -0.9798
vn 0.6200 0.6832 0.3858
vn 0.5393 0.7912 -0.2883
vn -0.0080 0.2916 -0.9565
vn 0.1671 0.4875 -0.8570
vn 0.5765 0.5608 0.5943
vn 0.5993 0.7980 -0.0633
vn 0.4927 0.3948 0.7755
vn 0.6267 0.7619 0.1637
vn 0.2019 0.9530 -0.2259
vn 0.2545 0.9671 -0.0002
vn 0.0603 0.7606 -0.6465
vn 0.3219 0.6921 0.6461
vn 0.3057 0.4911 0.8157
vn 0.2933 0.9290 0.2255
vn 0.1368 0.8852 -0.4447
vn 0.2657 0.2426 0.9330
vn -0.1120 0.3414 -0.9332
vn 0.3167 0.8380 0.4443
vn -0.0245 0.5775 -0.8160
vn -0.2037 0.8996 -0.3863
vn -0.1707 0.9716 -0.1641
vn 0.1506 0.2504 0.9564
vn -0.2268 0.3465 -0.9102
vn -0.2348 0.5857 -0.7758
vn 0.0342 0.7143 0.6990
vn -0.1290 0.9896 0.0629
vn -0.2260 0.7715 -0.5948
vn 0.0946 0.5070 0.8568
vn -0.0801 0.9543 0.2880
vn -0.1592 0.1913 -0.9685
vn -0.0251 0.8634 0.5038
vn -0.4935 0.8619 0.1166
vn -0.4372 0.8320 0.3416
vn -0.5236 0.7823 -0.3374
vn -0.1086 0.4383 0.8923
vn 0.0404 0.2122 0.9764
vn -0.2663 0.1752 -0.9478
vn -0.3350 0.3068 -0.8909
vn -0.3535 0.7528 0.5552
vn -0.5226 0.8452 -0.1119
vn -0.4320 0.5123 -0.7423
vn -0.2429 0.6214 0.7448
vn -0.4944 0.6717 -0.5517
vn -0.7834 0.6025 0.1525
vn -0.5874 0.3693 -0.7201
vn -0.7059 0.4775 -0.5232
vn -0.2715 0.2942 0.9164
vn -0.7225 0.5791 0.3778
vn -0.7762 0.5519 -0.3050
vn -0.0476 0.1335 0.9899
vn -0.4205 0.2285 -0.8781
vn -0.6168 0.5208 0.5901
vn -0.8013 0.5932 -0.0772
vn -0.4654 0.4257 0.7760
vn -0.7719 0.2030 0.6025
vn -0.9246 0.2428 -0.2936
vn -0.9651 0.2536 -0.0650
vn -0.0995 0.0264 0.9947
vn -0.6789 0.1782 -0.7123
vn -0.5966 0.1569 0.7871
vn -0.9539 0.2507 0.1652
vn -0.8301 0.2180 -0.5132
vn -0.3677 0.0968 0.9249
vn -0.8903 0.2340 0.3906
vn -0.4708 0.1235 -0.8736
vn -0.2142 0.1941 -0.9573
vn -0.1777 -0.0922 -0.9797
vn 0.9895 -0.1227 -0.0770
vn 0.8407 -0.4238 -0.3370
vn 0.9473 -0.0991 -0.3048
vn -0.1981 -0.0518 0.9788
vn 0.0691 -0.2042 0.9765
vn 0.1071 -0.0924 0.9899
vn 0.6932 -0.0332 -0.7200
vn 0.6282 -0.2340 -0.7420
vn 0.4435 -0.1034 -0.8903
vn 0.5172 -0.4213 0.7450
vn 0.7932 -0.1500 0.5901
vn 0.6146 -0.1415 0.7760
vn 0.8536 -0.5077 0.1168
vn 0.9784 -0.1394 0.1526
vn 0.7610 -0.3420 -0.5513
vn 0.8495 -0.0691 -0.5230
vn 0.3102 -0.3278 0.8924
vn 0.3811 -0.1222 0.9164
vn 0.7899 -0.5092 0.3418
vn 0.9138 -0.1489 0.3779
vn 0.4783 0.0069 -0.8782
vn 0.1982 0.0517 -0.9788
vn 0.1671 -0.4875 0.8570
vn 0.5393 -0.7912 0.2883
vn 0.5765 -0.5608 -0.5943
vn -0.0080 -0.2916 0.9565
vn 0.2830 -0.0635 -0.9570
vn 0.6782 -0.4813 0.5554
vn 0.8707 -0.4789 -0.1116
vn 0.6200 -0.6832 -0.3858
vn 0.4927 -0.3948 -0.7755
vn 0.3217 -0.6384 0.6993
vn 0.5993 -0.7980 0.0633
vn 0.3057 -0.4911 -0.8157
vn 0.3683 -0.1901 -0.9101
vn 0.1368 -0.8852 0.4447
vn 0.4468 -0.7391 0.5041
vn 0.2933 -0.9290 -0.2255
vn 0.6267 -0.7619 -0.1637
vn 0.3219 -0.6921 -0.6461
vn 0.0603 -0.7606 0.6465
vn 0.2019 -0.9530 0.2259
vn 0.3167 -0.8380 -0.4443
vn -0.1120 -0.3414 0.9332
vn 0.2657 -0.2426 -0.9330
vn -0.2348 -0.5857 0.7758
vn -0.0245 -0.5775 0.8160
vn 0.1506 -0.2504 -0.9564
vn 0.2329 -0.0888 -0.9684
vn -0.2037 -0.8996 0.3863
vn -0.0801 -0.9543 -0.2880
vn -0.2268 -0.3465 0.9102
vn 0.0946 -0.5070 -0.8568
vn -0.2260 -0.7715 0.5948
vn -0.1290 -0.9896 -0.0629
vn 0.2545 -0.9671 0.0002
vn 0.0342 -0.7143 -0.6990
vn -0.2429 -0.6214 -0.7448
vn -0.4320 -0.5123 0.7423
vn -0.1707 -0.9716 0.1641
vn -0.4935 -0.8619 -0.1166
vn -0.3535 -0.7528 -0.5552
vn -0.0251 -0.8634 -0.5038
vn -0.3350 -0.3068 0.8909
vn 0.1252 -0.0737 -0.9894
vn 0.1777 -0.0922 -0.9797
vn -0.5226 -0.8452 0.1119
vn 0.0404 -0.2122 -0.9764
vn -0.4944 -0.6717 0.5517
vn -0.4372 -0.8320 -0.3416
vn -0.4205 -0.2285 0.8781
vn -0.2715 -0.2942 -0.9164
vn -0.1086 -0.4383 -0.8923
vn -0.7059 -0.4776 0.5232
vn -0.5236 -0.7823 0.3374
vn -0.7834 -0.6025 -0.1525
vn -0.5874 -0.3693 0.7201
vn -0.8013 -0.5932 0.0772
vn -0.6168 -0.5208 -0.5901
vn -0.0476 -0.1335 -0.9899
vn -0.7719 -0.2030 -0.6025
vn -0.4654 -0.4257 -0.7760
vn -0.6788 -0.1782 0.7123
vn -0.0995 -0.0264 -0.9947
vn -0.7762 -0.5519 0.3050
vn -0.9651 -0.2536 0.0650
vn -0.8903 -0.2340 -0.3906
vn -0.7225 -0.5791 -0.3778
vn -0.4708 -0.1235 0.8736
vn -0.3677 -0.0968 -0.9249
vn -0.9246 -0.2428 0.2936
vn -0.9539 -0.2507 -0.1652
vn -0.5966 -0.1569 -0.7871
vn -0.3811 0.1222 -0.9164
vn -0.6932 0.0332 0.7200
vn -0.8301 -0.2180 0.5132
vn -0.9895 0.1227 0.0770
vn -0.7932 0.1500 -0.5901
vn -0.1071 0.0924 -0.9899
vn -0.9138 0.1489 -0.3779
vn -0.4786 -0.0073 0.8780
vn -0.9473 0.0991 0.3048
vn -0.9784 0.1394 -0.1526
vn -0.6782 0.4813 -0.5554
vn -0.4427 0.1029 0.8907
vn -0.3102 0.3278 -0.8924
vn -0.0691 0.2042 -0.9765
vn -0.7610 0.3420 0.5513
vn -0.8495 0.0691 0.5230
vn -0.7899 0.5092 -0.3418
vn -0.5172 0.4213 -0.7450
vn -0.6146 0.1415 -0.7760
vn -0.6282 0.2340 0.7420
vn -0.8707 0.4789 0.1116
vn -0.8407 0.4238 0.3370
vn -0.3217 0.6384 -0.6993
vn -0.3681 0.1907 0.9100
vn 0.1095 0.1672 -0.9798
vn -0.6200 0.6832 0.3858
vn -0.4468 0.7391 -0.5041
vn 0.0080 0.2916 -0.9565
vn -0.5765 0.5608 0.5943
vn -0.8536 0.5077 -0.1168
vn -0.5393 0.7912 -0.2883
vn -0.1671 0.4875 -0.8570
vn -0.4927 0.3948 0.7755
vn -0.5993 0.7980 -0.0633
vn -0.2019 0.9530 -0.2259
vn -0.0603 0.7606 -0.6465
vn -0.3219 0.6921 0.6461
vn -0.6267 0.7619 0.1637
vn -0.2545 0.9671 -0.0002
vn -0.1368 0.8852 -0.4447
vn -0.3057 0.4911 0.8157
vn 0.1120 0.3414 -0.9332
vn -0.3167 0.8380 0.4443
vn -0.2657 0.2426 0.9330
vn 0.0245 0.5775 -0.8160
vn 0.2037 0.8996 -0.3863
vn -0.1506 0.2504 0.9564
vn 0.2268 0.3465 -0.9102
vn -0.0342 0.7143 0.6990
vn 0.1290 0.9896 0.0629
vn 0.2260 0.7715 -0.5948
vn -0.0946 0.5070 0.8568
vn 0.0801 0.9543 0.2880
vn -0.2933 0.9290 0.2255
vn 0.1592 0.1913 -0.9685
vn 0.0251 0.8634 0.5038
vn 0.4935 0.8619 0.1166
vn 0.5236 0.7823 -0.3374
vn 0.1086 0.4383 0.8923
vn 0.2663 0.1752 -0.9478
vn 0.2142 0.1941 -0.9573
vn 0.4372 0.8320 0.3416
vn 0.5226 0.8452 -0.1119
vn 0.1707 0.9716 -0.1641
vn -0.0404 0.2122 0.9764
vn 0.2348 0.5857 -0.7758
vn 0.3350 0.3068 -0.8909
vn 0.2429 0.6215 0.7448
vn 0.4320 0.5123 -0.7423
vn 0.7834 0.6025 0.1525
vn 0.4944 0.6717 -0.5517
vn 0.5874 0.3693 -0.7201
vn 0.2715 0.2942 0.9164
vn 0.7225 0.5791 0.3778
vn 0.7059 0.4775 -0.5232
vn 0.0476 0.1335 0.9899
vn 0.4205 0.2285 -0.8781
vn 0.6168 0.5208 0.5901
vn 0.3535 0.7528 0.5552
vn 0.7762 0.5519 -0.3050
vn 0.7719 0.2030 0.6025
vn 0.8013 0.5932 -0.0772
vn 0.9246 0.2428 -0.2936
vn 0.0995 0.0264 0.9947
vn 0.6789 0.1782 -0.7123
vn 0.4654 0.4257 0.7760
vn 0.9539 0.2507 0.1652
vn 0.3677 0.0968 0.9249
vn 0.8903 0.2340 0.3906
vn 0.8301 0.2180 -0.5132
vn 0.4708 0.1235 -0.8736
vn 0.9651 0.2536 -0.0650
vn 0.5966 0.1569 0.7871
vn -0.0000 0.8181 0.5751
vn -0.0000 0.0965 -0.9953
vn 0.1929 -0.2025 -0.9601
vn 0.5045 -0.1761 0.8452
vn -0.0000 0.3853 -0.9228
vn -0.0000 0.7569 -0.6535
vn -0.0000 0.8840 -0.4676
vn -0.1929 -0.2127 -0.9579
vn -0.5027 -0.2015 0.8406
vn -0.0701 -0.9341 -0.3500
vn 0.3682 -0.7906 -0.4893
vn -0.3555 -0.8977 -0.2602
vn 0.0701 -0.9341 -0.3500
vn -0.3682 -0.7906 -0.4893
vn 0.3555 -0.8977 -0.2602
vn -0.0000 -0.1434 -0.9897
vn -0.0000 -0.9424 0.3345
vn 0.8568 -0.4983 0.1328
vn -0.8568 -0.4983 0.1328
vt 0.078711 0.452952
vt 0.078711 0.452952
vt 0.078711 0.452952
vt 0.109450 0.453319
vt 0.141171 0.453501
vt 0.017150 0.449381
vt 0.141171 0.453501
vt 0.141171 0.453501
vt 0.047262 0.451898
s 1
usemtl Atlas
f 1/1/1 65/1/2 36/1/3
f 36/1/3 42/1/4 1/1/1
f 1/1/1 59/1/5 24/1/6
f 24/1/6 38/1/7 1/1/1
f 49/1/8 176/1/9 13/1/10
f 2/1/11 65/1/2 38/1/7
f 38/1/7 25/1/12 2/1/11
f 149/1/13 33/1/14 2/1/11
f 75/1/15 45/1/16 3/1/17
f 74/1/18 22/1/19 43/1/20
f 3/1/17 60/1/21 28/1/22
f 28/1/22 40/1/23 3/1/17
f 75/1/15 39/1/24 22/1/19
f 2/1/11 192/1/25 149/1/13
f 4/1/26 58/1/27 26/1/28
f 5/2/29 64/1/30 32/1/31
f 26/1/28 154/1/32 4/1/26
f 5/2/29 198/3/33 153/3/34
f 26/1/28 85/1/35 81/1/36
f 73/1/37 55/1/38 68/1/39
f 54/1/40 48/1/41 6/1/42
f 6/1/42 66/1/43 55/1/38
f 81/1/36 193/1/44 26/1/28
f 49/1/8 50/1/45 7/1/46
f 7/1/46 67/1/47 47/1/48
f 7/1/46 194/1/49 49/1/8
f 176/1/9 56/1/50 13/1/10
f 52/1/51 165/1/52 8/1/53
f 61/1/54 8/1/53 29/1/55
f 17/1/56 67/1/47 80/1/57
f 80/1/57 50/1/45 79/1/58
f 48/1/41 50/1/45 66/1/43
f 79/1/58 59/1/5 42/1/4
f 9/1/59 46/1/60 34/1/61
f 9/1/59 62/1/62 44/1/63
f 82/1/64 60/1/21 27/1/65
f 10/1/66 62/1/62 35/1/67
f 35/1/67 41/1/68 10/1/66
f 85/1/35 28/1/22 83/1/69
f 83/1/69 60/1/21 86/1/70
f 165/1/52 29/1/55 8/1/53
f 11/2/71 37/3/72 46/1/60
f 84/1/73 61/1/54 29/1/55
f 11/2/71 200/1/74 37/3/72
f 69/1/75 6/1/42 73/1/37
f 53/1/76 24/1/6 12/1/77
f 24/1/6 54/1/40 12/1/77
f 54/1/40 70/1/78 12/1/77
f 13/1/10 68/1/39 55/1/38
f 55/1/38 49/1/8 13/1/10
f 76/1/79 150/1/80 20/1/81
f 7/1/46 201/1/82 162/1/83
f 14/2/84 64/1/30 35/1/67
f 35/1/67 30/3/85 14/2/84
f 84/1/73 195/1/86 225/1/87
f 30/3/85 34/1/61 15/3/88
f 15/3/88 46/1/60 37/3/72
f 15/3/88 196/2/89 30/3/85
f 138/3/90 32/1/31 14/2/84
f 16/1/91 63/1/92 36/1/3
f 16/1/91 65/1/2 33/1/14
f 16/1/91 197/1/93 31/1/94
f 33/1/14 141/1/95 16/1/91
f 31/1/94 169/1/96 17/1/56
f 80/1/57 31/1/94 17/1/56
f 76/1/79 40/1/23 4/1/26
f 53/1/76 72/1/97 19/1/98
f 27/1/65 45/1/16 18/1/99
f 17/1/56 201/1/82 47/1/48
f 70/1/78 53/1/76 12/1/77
f 19/1/98 57/1/100 53/1/76
f 23/1/101 74/1/18 43/1/20
f 173/1/102 25/1/12 19/1/98
f 69/1/75 22/1/19 70/1/78
f 72/1/97 39/1/24 20/1/81
f 37/3/72 140/2/103 15/3/88
f 163/1/104 52/1/51 21/1/105
f 71/1/106 22/1/19 39/1/24
f 69/1/75 23/1/101 43/1/20
f 77/1/107 3/1/17 40/1/23
f 78/1/108 45/1/16 74/1/18
f 4/1/26 211/1/109 76/1/79
f 19/1/98 207/1/110 173/1/102
f 20/1/81 207/1/110 72/1/97
f 77/1/107 20/1/81 39/1/24
f 21/1/105 202/1/111 163/1/104
f 61/1/54 18/1/99 51/1/112
f 27/1/65 87/1/113 82/1/64
f 79/1/58 63/1/92 80/1/57
f 14/2/84 196/2/89 138/3/90
f 9/1/59 87/1/113 46/1/60
f 11/1/71 225/1/87 164/1/114
f 46/1/60 84/1/73 11/1/71
f 10/1/66 86/1/70 44/1/63
f 41/1/68 83/1/69 10/1/66
f 9/1/59 86/1/70 82/1/64
f 5/1/29 221/1/115 81/1/36
f 81/1/36 41/1/68 5/1/29
f 52/1/116 88/1/117 93/1/118
f 56/1/119 90/1/120 94/1/121
f 56/1/119 95/1/122 68/1/39
f 73/1/37 91/1/123 23/3/124
f 8/1/53 92/1/125 88/1/117
f 51/3/112 89/3/126 92/1/125
f 23/3/124 97/1/127 78/1/128
f 68/2/39 96/2/129 73/1/37
f 78/1/128 89/3/126 18/3/99
f 21/1/130 93/1/118 90/1/120
f 96/2/129 105/1/131 106/3/132
f 95/1/122 104/1/133 105/1/131
f 96/2/129 101/2/134 91/1/123
f 92/1/125 98/1/135 88/1/117
f 91/1/123 107/1/136 97/1/127
f 90/1/120 103/1/137 100/1/138
f 93/1/118 98/1/135 103/1/137
f 97/1/127 99/1/139 89/3/126
f 94/1/121 100/1/138 104/1/133
f 89/3/126 102/1/140 92/1/125
f 105/1/131 104/1/133 108/1/141
f 101/1/134 106/1/132 108/1/141
f 98/1/135 102/1/140 108/1/141
f 107/1/136 101/1/134 108/1/141
f 100/1/138 103/1/137 108/1/141
f 103/1/137 98/1/135 108/1/141
f 99/1/139 107/1/136 108/1/141
f 104/1/133 100/1/138 108/1/141
f 102/1/140 99/1/139 108/1/141
f 106/1/132 105/1/131 108/1/141
f 109/1/142 187/1/143 151/1/144
f 157/1/145 147/1/146 109/1/142
f 109/2/142 181/1/147 157/1/145
f 151/1/144 132/2/148 109/2/142
f 176/1/9 168/1/149 121/1/150
f 110/1/151 187/1/143 144/1/152
f 133/1/153 151/1/144 110/1/151
f 144/1/152 149/1/13 110/1/151
f 210/1/154 160/2/155 209/1/156
f 130/2/157 209/1/156 158/1/158
f 111/1/159 182/1/160 160/2/155
f 155/1/161 136/2/162 111/1/159
f 152/1/163 210/1/154 130/2/157
f 110/1/151 192/1/25 133/1/153
f 112/1/164 180/1/165 155/1/161
f 113/2/166 186/1/167 156/3/168
f 154/1/32 134/1/169 112/1/164
f 113/2/166 198/3/33 143/2/170
f 222/1/171 134/1/169 217/1/172
f 177/3/173 208/1/174 190/1/175
f 167/1/176 175/3/177 114/2/178
f 114/2/178 188/1/179 167/1/176
f 217/1/172 193/1/44 221/1/115
f 170/1/180 168/1/149 115/1/181
f 115/1/181 189/1/182 170/1/180
f 115/1/181 194/1/49 162/1/83
f 178/1/183 176/1/9 121/1/150
f 165/1/52 172/1/184 116/1/185
f 183/1/186 116/1/185 171/1/187
f 125/1/188 189/1/182 166/1/189
f 170/1/180 216/1/190 215/1/191
f 167/1/176 170/1/180 215/1/191
f 215/1/191 181/1/147 167/1/176
f 117/1/192 145/1/193 161/1/194
f 117/1/192 184/1/195 145/1/193
f 218/1/196 182/1/160 223/3/197
f 118/2/198 184/1/195 159/1/199
f 156/3/168 146/1/200 118/2/198
f 136/2/162 222/1/171 219/2/201
f 219/2/201 182/1/160 136/2/162
f 137/1/202 165/1/52 116/1/185
f 119/1/203 161/1/194 148/1/204
f 220/1/205 183/1/186 224/1/206
f 119/1/203 200/1/74 164/1/114
f 114/2/178 203/1/207 208/1/174
f 132/2/148 174/1/208 120/3/209
f 175/3/177 132/2/148 120/3/209
f 175/3/177 204/3/210 203/1/207
f 121/1/150 190/1/175 178/1/183
f 168/1/149 177/1/173 121/1/150
f 150/1/80 212/1/211 128/1/212
f 115/1/181 201/1/82 166/1/189
f 122/1/213 186/1/167 143/2/170
f 139/1/214 146/1/200 122/1/213
f 220/1/205 195/1/86 137/1/202
f 145/1/193 139/1/214 123/1/215
f 123/1/215 161/1/194 145/1/193
f 123/1/215 196/2/89 140/2/103
f 143/2/170 138/3/90 122/1/213
f 124/1/216 185/1/217 142/1/218
f 124/1/216 187/1/143 147/1/146
f 124/1/216 197/1/93 141/1/95
f 141/1/95 144/1/152 124/1/216
f 169/1/96 142/1/218 125/1/188
f 142/1/218 216/1/190 125/1/188
f 155/1/161 212/1/211 112/1/164
f 174/1/208 206/1/219 205/1/220
f 160/2/155 135/1/221 126/1/222
f 125/1/188 201/1/82 169/1/96
f 174/1/208 204/3/210 120/3/209
f 127/1/223 179/1/224 133/1/153
f 131/1/225 209/1/156 214/2/226
f 133/1/153 173/1/102 127/1/223
f 130/2/157 203/1/207 204/3/210
f 206/1/219 152/1/163 205/1/220
f 140/2/103 148/1/204 123/1/215
f 172/1/184 163/1/104 129/1/227
f 205/1/220 130/2/157 204/3/210
f 203/1/207 131/1/225 208/1/174
f 213/1/228 111/1/159 210/1/154
f 160/2/155 214/2/226 209/1/156
f 112/1/164 211/1/109 154/1/32
f 127/1/223 207/1/110 206/1/219
f 128/1/212 207/1/110 150/1/80
f 213/1/228 128/1/212 212/1/211
f 129/1/227 202/1/111 178/1/183
f 183/1/186 126/1/222 135/1/221
f 224/1/206 135/1/221 218/1/196
f 215/1/191 185/1/217 157/1/145
f 122/1/213 196/2/89 139/1/214
f 117/1/192 224/1/206 218/1/196
f 119/1/203 225/1/87 220/1/205
f 220/1/205 161/3/194 119/1/203
f 118/2/198 223/3/197 219/2/201
f 219/2/201 156/1/168 118/2/198
f 117/1/192 223/3/197 159/1/199
f 113/1/166 221/1/115 153/1/34
f 156/1/168 217/1/172 113/1/166
f 172/1/229 226/1/230 116/1/185
f 178/1/231 228/1/232 129/1/233
f 233/1/234 178/1/231 190/1/175
f 229/1/235 208/1/174 131/1/236
f 116/1/185 230/1/237 171/1/187
f 171/3/187 227/3/238 126/2/222
f 235/1/239 131/1/236 214/1/240
f 234/1/241 190/3/175 208/1/174
f 227/3/238 214/1/240 126/2/222
f 129/1/233 231/1/242 172/1/229
f 234/2/241 243/1/243 233/1/234
f 233/1/234 242/1/244 232/1/245
f 239/3/246 234/1/241 229/1/235
f 236/1/247 230/1/237 226/1/230
f 245/2/248 229/1/235 235/1/239
f 228/1/232 241/2/249 231/1/242
f 231/1/242 236/1/247 226/1/230
f 237/3/250 235/1/239 227/3/238
f 232/1/245 238/1/251 228/1/232
f 240/2/252 227/3/238 230/3/237
f 243/1/243 246/1/253 242/1/244
f 239/1/246 246/1/253 244/1/254
f 236/1/247 246/1/253 240/1/252
f 245/1/248 246/1/253 239/1/246
f 238/1/251 246/1/253 241/2/249
f 241/2/249 246/1/253 236/1/247
f 237/1/250 246/1/253 245/1/248
f 242/1/244 246/1/253 238/1/251
f 240/1/252 246/1/253 237/1/250
f 244/1/254 246/1/253 243/1/243
f 247/4/255 401/4/256 293/4/257
f 293/4/257 295/4/258 247/4/255
f 247/4/255 386/4/259 296/4/260
f 296/4/260 294/4/261 247/4/255
f 248/4/262 406/4/263 298/4/264
f 298/4/264 300/4/265 248/4/262
f 248/4/262 388/4/266 299/4/267
f 299/4/267 297/4/268 248/4/262
f 249/4/269 434/4/270 384/4/271
f 384/4/271 301/4/272 249/4/269
f 249/4/269 387/4/273 299/4/267
f 249/4/269 388/4/266 374/4/274
f 250/4/275 433/4/276 383/4/277
f 383/4/277 303/4/278 250/4/275
f 250/4/275 406/4/263 297/4/268
f 250/4/275 387/4/273 301/4/272
f 376/4/279 382/4/280 251/4/281
f 382/4/280 374/4/274 251/4/281
f 251/4/281 388/4/266 300/4/265
f 251/4/281 407/4/282 376/4/279
f 306/4/283 305/4/284 252/4/285
f 305/4/286 307/4/287 252/4/288
f 307/4/287 308/4/289 252/4/290
f 308/4/291 306/4/283 252/4/285
f 309/4/292 310/4/293 253/4/294
f 310/4/295 312/4/296 253/4/297
f 312/4/296 311/4/298 253/4/297
f 311/4/298 309/4/292 253/4/294
f 254/4/299 390/4/300 307/4/287
f 254/4/299 389/4/301 313/4/302
f 254/4/299 391/4/303 311/4/298
f 254/4/299 392/4/304 314/4/305
f 255/4/306 389/4/301 305/4/286
f 255/4/306 409/4/307 315/4/308
f 255/4/306 414/4/309 309/4/292
f 255/4/306 391/4/303 313/4/302
f 256/4/310 411/4/311 308/4/289
f 256/4/310 390/4/300 314/4/305
f 256/4/310 392/4/304 312/4/296
f 312/4/296 316/4/312 256/4/310
f 318/4/313 317/4/314 257/4/315
f 317/4/314 319/4/316 257/4/315
f 319/4/316 320/4/317 257/4/318
f 320/4/317 318/4/319 257/4/318
f 321/4/320 322/4/321 258/4/322
f 322/4/323 324/4/324 258/4/325
f 324/4/324 323/4/326 258/4/325
f 323/4/326 321/4/320 258/4/322
f 259/4/327 394/4/328 319/4/316
f 259/4/327 393/4/329 325/4/330
f 259/4/327 395/4/331 323/4/326
f 259/4/327 396/4/332 326/4/333
f 260/4/334 393/4/329 317/4/314
f 260/4/334 417/4/335 327/4/336
f 260/4/334 422/4/337 321/4/320
f 260/4/334 395/4/331 325/4/330
f 261/4/338 419/4/339 320/4/317
f 261/4/338 394/4/328 326/4/333
f 261/4/338 396/4/332 324/4/324
f 324/4/324 328/4/340 261/4/338
f 330/4/341 329/4/342 262/4/343
f 329/4/342 331/4/344 262/4/343
f 331/4/344 332/4/345 262/4/346
f 332/4/345 330/4/347 262/4/346
f 333/4/348 334/4/349 263/4/350
f 334/4/351 336/4/352 263/4/353
f 336/4/352 335/4/354 263/4/353
f 335/4/354 333/4/348 263/4/350
f 264/4/355 398/4/356 331/4/344
f 264/4/355 397/4/357 337/4/358
f 264/4/355 399/4/359 335/4/354
f 264/4/355 400/4/360 338/4/361
f 265/4/362 397/4/357 329/4/342
f 265/4/362 425/4/363 339/4/364
f 265/4/362 430/4/365 333/4/348
f 265/4/362 399/4/359 337/4/358
f 266/4/366 427/4/367 332/4/345
f 266/4/366 398/4/356 338/4/361
f 266/4/366 400/4/360 336/4/352
f 336/4/352 340/4/368 266/4/366
f 267/4/369 401/4/256 294/4/261
f 294/4/261 343/4/370 267/4/369
f 267/4/369 404/4/371 342/4/372
f 342/4/372 341/4/373 267/4/369
f 268/4/374 406/4/263 344/4/375
f 344/4/375 345/4/376 268/4/374
f 268/4/374 408/4/377 346/4/378
f 346/4/378 298/4/264 268/4/374
f 381/4/379 378/4/380 269/4/381
f 269/4/381 408/4/377 345/4/376
f 269/4/381 405/4/382 347/4/383
f 269/4/381 437/4/384 381/4/379
f 380/4/385 347/4/383 270/4/386
f 270/4/386 405/4/382 344/4/375
f 344/4/375 303/4/278 270/4/386
f 270/4/386 435/4/387 380/4/385
f 271/4/388 436/4/389 376/4/279
f 271/4/388 407/4/282 346/4/378
f 271/4/388 408/4/377 378/4/380
f 378/4/380 379/4/390 271/4/388
f 349/4/391 306/4/392 272/4/393
f 306/4/392 351/4/394 272/4/393
f 351/4/395 350/4/396 272/4/397
f 350/4/396 349/4/398 272/4/399
f 310/4/293 352/4/400 273/4/401
f 352/4/400 353/4/402 273/4/401
f 353/4/402 354/4/403 273/4/404
f 354/4/403 310/4/295 273/4/404
f 274/4/405 412/4/406 356/4/407
f 274/4/405 416/4/408 353/4/402
f 274/4/405 413/4/409 355/4/410
f 274/4/405 410/4/411 350/4/396
f 275/4/412 410/4/411 355/4/410
f 275/4/412 413/4/409 352/4/400
f 275/4/412 414/4/309 315/4/308
f 275/4/412 409/4/307 349/4/398
f 276/4/413 411/4/311 316/4/312
f 316/4/312 354/4/403 276/4/413
f 276/4/413 416/4/408 356/4/407
f 276/4/413 412/4/406 351/4/395
f 357/4/414 318/4/313 277/4/415
f 318/4/319 359/4/416 277/4/417
f 359/4/416 358/4/418 277/4/417
f 358/4/418 357/4/414 277/4/415
f 322/4/321 360/4/419 278/4/420
f 360/4/419 361/4/421 278/4/420
f 361/4/421 362/4/422 278/4/423
f 362/4/422 322/4/323 278/4/423
f 279/4/424 420/4/425 364/4/426
f 279/4/424 424/4/427 361/4/421
f 279/4/424 421/4/428 363/4/429
f 279/4/424 418/4/430 358/4/418
f 280/4/431 418/4/430 363/4/429
f 280/4/431 421/4/428 360/4/419
f 280/4/431 422/4/337 327/4/336
f 280/4/431 417/4/335 357/4/414
f 281/4/432 419/4/339 328/4/340
f 328/4/340 362/4/422 281/4/432
f 281/4/432 424/4/427 364/4/426
f 281/4/432 420/4/425 359/4/416
f 365/4/433 330/4/341 282/4/434
f 330/4/347 367/4/435 282/4/436
f 367/4/435 366/4/437 282/4/436
f 366/4/437 365/4/433 282/4/434
f 334/4/349 368/4/438 283/4/439
f 368/4/438 369/4/440 283/4/439
f 369/4/440 370/4/441 283/4/442
f 370/4/441 334/4/351 283/4/442
f 284/4/443 428/4/444 372/4/445
f 284/4/443 432/4/446 369/4/440
f 284/4/443 429/4/447 371/4/448
f 284/4/443 426/4/449 366/4/437
f 285/4/450 426/4/449 371/4/448
f 285/4/450 429/4/447 368/4/438
f 285/4/450 430/4/365 339/4/364
f 285/4/450 425/4/363 365/4/433
f 286/4/451 427/4/367 340/4/368
f 340/4/368 370/4/441 286/4/451
f 286/4/451 432/4/446 372/4/445
f 286/4/451 428/4/444 367/4/435
f 287/4/452 403/4/453 304/4/454
f 304/4/454 379/4/390 287/4/452
f 287/4/452 438/4/455 348/4/456
f 348/4/456 343/4/370 287/4/452
f 288/4/457 402/4/458 377/4/459
f 288/4/457 437/4/384 380/4/385
f 380/4/385 375/4/460 288/4/457
f 288/4/457 401/4/256 341/4/373
f 289/4/461 404/4/371 348/4/456
f 289/4/461 438/4/455 381/4/379
f 381/4/379 377/4/459 289/4/461
f 289/4/461 402/4/458 342/4/372
f 290/4/462 403/4/453 296/4/260
f 296/4/260 302/4/463 290/4/462
f 290/4/462 434/4/270 382/4/280
f 382/4/280 304/4/454 290/4/462
f 291/4/464 385/4/465 293/4/257
f 291/4/464 401/4/256 375/4/460
f 291/4/464 435/4/387 383/4/277
f 383/4/277 373/4/466 291/4/464
f 292/4/467 386/4/259 295/4/258
f 292/4/467 385/4/465 373/4/466
f 373/4/466 384/4/271 292/4/467
f 292/4/467 434/4/270 302/4/463
f 484/1/468 485/1/469 439/1/470
f 439/1/470 584/1/471 487/1/472
f 487/1/472 486/1/473 439/1/470
f 439/1/470 576/1/474 484/1/468
f 501/1/475 511/1/476 440/1/477
f 440/1/477 586/1/478 488/1/479
f 488/1/479 486/1/473 440/1/477
f 440/1/477 577/1/480 501/1/475
f 488/1/479 510/2/481 441/1/482
f 441/1/482 588/1/483 490/1/484
f 490/1/484 484/1/468 441/1/482
f 441/1/482 576/1/474 488/1/479
f 442/1/485 589/1/486 509/1/487
f 509/1/487 501/1/475 442/1/485
f 442/1/485 577/1/480 487/1/472
f 487/1/472 503/1/488 442/1/485
f 443/1/489 583/1/490 495/1/491
f 495/1/491 496/1/492 443/1/489
f 496/1/492 497/1/493 443/1/489
f 497/1/493 485/1/469 443/1/489
f 508/1/494 505/1/495 444/1/496
f 444/1/496 585/1/497 496/1/492
f 496/1/492 498/1/498 444/1/496
f 444/1/496 590/1/499 508/1/494
f 507/1/500 498/1/498 445/1/501
f 445/1/501 582/1/502 495/1/491
f 495/1/491 490/1/484 445/1/501
f 445/1/501 588/1/483 507/1/500
f 506/1/503 503/1/488 446/1/504
f 446/1/504 584/1/471 497/1/493
f 446/1/504 585/1/497 505/1/495
f 446/1/504 591/1/505 506/1/503
f 494/1/506 491/1/507 447/1/508
f 447/1/508 589/1/486 506/1/503
f 506/1/503 499/1/509 447/1/508
f 447/1/508 581/1/510 494/1/506
f 448/1/511 579/1/512 504/1/513
f 504/1/513 507/1/500 448/1/511
f 448/1/511 588/1/483 502/2/514
f 502/2/514 492/1/515 448/1/511
f 493/1/516 499/1/509 449/1/517
f 449/1/517 591/1/505 508/1/494
f 508/1/494 504/1/513 449/1/517
f 449/1/517 579/1/512 493/1/516
f 450/1/518 580/1/519 483/1/520
f 483/1/520 489/1/521 450/1/518
f 450/1/518 587/1/522 509/1/487
f 509/1/487 491/1/507 450/1/518
f 500/1/523 481/1/524 451/1/525
f 451/1/525 578/1/526 502/2/514
f 502/2/514 510/2/481 451/1/525
f 451/1/525 586/1/478 500/1/523
f 489/1/521 482/1/527 452/1/528
f 452/1/528 574/1/529 500/1/523
f 500/1/523 511/1/476 452/1/528
f 452/1/528 587/1/522 489/1/521
f 515/1/530 516/1/531 453/1/532
f 453/1/532 602/2/533 518/2/534
f 518/2/534 517/1/535 453/1/532
f 453/1/532 594/1/536 515/1/530
f 532/1/537 542/1/538 454/1/539
f 454/1/539 604/1/540 519/1/541
f 519/1/541 517/1/535 454/1/539
f 454/1/539 595/1/542 532/3/537
f 519/1/541 541/1/543 455/1/544
f 455/1/544 606/1/545 521/1/546
f 521/1/546 515/1/530 455/1/544
f 455/1/544 594/1/536 519/1/541
f 456/1/547 607/2/548 540/3/549
f 540/3/549 532/3/537 456/1/547
f 456/1/547 595/1/542 518/2/534
f 518/2/534 534/1/550 456/1/547
f 457/1/551 601/1/552 526/1/553
f 526/1/553 527/1/554 457/1/551
f 527/1/554 528/1/555 457/1/551
f 528/1/555 516/1/531 457/1/551
f 539/1/556 536/1/557 458/1/558
f 458/1/558 603/1/559 527/1/554
f 527/1/554 529/1/560 458/1/558
f 458/1/558 608/1/561 539/1/556
f 538/1/562 529/1/560 459/1/563
f 459/1/563 600/1/564 526/1/553
f 526/1/553 521/1/546 459/1/563
f 459/1/563 606/1/545 538/1/562
f 537/2/565 534/1/550 460/3/566
f 460/3/566 602/2/533 528/1/555
f 460/1/566 603/1/559 536/1/557
f 460/1/566 609/1/567 537/1/565
f 525/3/568 522/1/569 461/3/570
f 461/3/570 607/2/548 537/2/565
f 537/1/565 530/1/571 461/1/570
f 461/1/570 599/1/572 525/1/568
f 462/1/573 597/1/574 535/1/575
f 535/1/575 538/1/562 462/1/573
f 462/1/573 606/1/545 533/1/576
f 533/1/576 523/1/577 462/1/573
f 524/1/578 530/1/571 463/1/579
f 463/1/579 609/1/567 539/1/556
f 539/1/556 535/1/575 463/1/579
f 463/1/579 597/1/574 524/1/578
f 464/2/580 598/3/581 514/3/582
f 514/3/582 520/3/583 464/2/580
f 464/2/580 605/3/584 540/3/549
f 540/3/549 522/1/569 464/2/580
f 531/1/585 512/1/586 465/1/587
f 465/1/587 596/1/588 533/1/576
f 533/1/576 541/1/543 465/1/587
f 465/1/587 604/1/540 531/1/585
f 520/1/583 513/1/589 466/1/590
f 466/1/590 592/1/591 531/1/585
f 531/1/585 542/1/538 466/1/590
f 466/1/590 605/1/584 520/1/583
f 546/1/592 547/1/593 467/1/594
f 467/1/594 620/1/595 549/1/596
f 549/1/596 548/1/597 467/1/594
f 467/1/594 612/1/598 546/1/592
f 563/1/599 573/1/600 468/1/601
f 468/1/601 622/1/602 550/1/603
f 550/1/603 548/1/597 468/1/601
f 468/1/601 613/1/604 563/1/599
f 550/3/603 572/3/605 469/1/606
f 469/1/606 624/1/607 552/1/608
f 552/1/608 546/1/592 469/1/606
f 469/1/606 612/1/598 550/1/603
f 470/1/609 625/1/610 571/1/611
f 571/1/611 563/1/599 470/1/609
f 470/1/609 613/1/604 549/1/596
f 549/1/596 565/1/612 470/1/609
f 471/1/613 619/1/614 557/1/615
f 557/1/615 558/1/616 471/1/613
f 558/1/616 559/1/617 471/1/613
f 559/1/617 547/1/593 471/1/613
f 570/1/618 567/1/619 472/1/620
f 472/1/620 621/1/621 558/1/616
f 558/1/616 560/1/622 472/1/620
f 472/1/620 626/1/623 570/1/618
f 569/1/624 560/3/622 473/3/625
f 473/3/625 618/1/626 557/1/615
f 557/1/615 552/1/608 473/3/625
f 473/3/625 624/1/607 569/1/624
f 568/1/627 565/1/612 474/1/628
f 474/1/628 620/1/595 559/1/617
f 474/1/628 621/1/621 567/1/619
f 474/1/628 627/1/629 568/1/627
f 556/1/630 553/1/631 475/1/632
f 475/1/632 625/1/610 568/1/627
f 568/1/627 561/1/633 475/1/632
f 475/1/632 617/1/634 556/1/630
f 476/1/635 615/1/636 566/1/637
f 566/1/637 569/1/624 476/1/635
f 476/1/635 624/1/607 564/1/638
f 564/1/638 554/1/639 476/1/635
f 555/1/640 561/1/633 477/1/641
f 477/1/641 627/1/629 570/1/618
f 570/1/618 566/1/637 477/1/641
f 477/1/641 615/1/636 555/1/640
f 478/1/642 616/1/643 545/1/644
f 545/1/644 551/1/645 478/1/642
f 478/1/642 623/1/646 571/1/611
f 571/1/611 553/1/631 478/1/642
f 562/1/647 543/1/648 479/2/649
f 479/2/649 614/1/650 564/1/638
f 564/1/638 572/3/605 479/2/649
f 479/2/649 622/3/602 562/1/647
f 551/1/645 544/1/651 480/1/652
f 480/1/652 610/1/653 562/1/647
f 562/1/647 573/1/600 480/1/652
f 480/1/652 623/1/646 551/1/645
f 674/1/654 673/1/655 628/1/656
f 628/1/656 773/1/657 674/1/654
f 675/1/658 676/1/659 628/1/656
f 628/1/656 765/1/660 675/1/658
f 700/1/661 690/1/662 629/1/663
f 629/1/663 775/1/664 700/1/661
f 675/1/658 677/1/665 629/1/663
f 629/1/663 766/1/666 675/1/658
f 699/1/667 677/1/665 630/1/668
f 630/1/668 777/1/669 699/1/667
f 673/1/655 679/1/670 630/1/668
f 630/1/668 765/1/660 673/1/655
f 631/1/671 778/1/672 692/1/673
f 690/1/662 698/1/674 631/1/671
f 631/1/671 766/1/666 690/1/662
f 692/1/673 676/1/659 631/1/671
f 632/1/675 772/1/676 674/1/654
f 685/1/677 684/1/678 632/1/675
f 686/1/679 685/1/677 632/1/675
f 674/1/654 686/1/679 632/1/675
f 694/1/680 697/1/681 633/1/682
f 633/1/682 774/1/683 694/1/680
f 687/1/684 685/1/677 633/1/682
f 633/1/682 779/1/685 687/1/684
f 687/1/684 696/1/686 634/1/687
f 634/1/687 771/1/688 687/1/684
f 679/1/670 684/1/678 634/1/687
f 634/1/687 777/1/669 679/1/670
f 692/1/673 695/1/689 635/1/690
f 635/1/690 773/1/657 692/1/673
f 635/1/690 774/1/683 686/1/679
f 635/1/690 780/1/691 694/1/680
f 680/1/692 683/1/693 636/1/694
f 636/1/694 778/1/672 680/1/692
f 688/1/695 695/1/689 636/1/694
f 636/1/694 770/1/696 688/1/695
f 637/1/697 768/1/698 681/1/699
f 696/1/686 693/1/700 637/1/697
f 637/1/697 777/1/669 696/1/686
f 681/1/699 691/1/701 637/1/697
f 688/1/695 682/1/702 638/1/703
f 638/1/703 780/1/691 688/1/695
f 693/1/700 697/1/681 638/1/703
f 638/1/703 768/1/698 693/1/700
f 639/1/704 769/1/705 680/1/692
f 678/1/706 672/1/707 639/1/704
f 639/1/704 776/1/708 678/1/706
f 680/1/692 698/1/674 639/1/704
f 670/1/709 689/1/710 640/1/711
f 640/1/711 767/1/712 670/1/709
f 699/1/667 691/1/701 640/1/711
f 640/1/711 775/1/664 699/1/667
f 671/1/713 678/1/706 641/1/714
f 641/1/714 763/1/715 671/1/713
f 700/1/661 689/1/710 641/1/714
f 641/1/714 776/1/708 700/1/661
f 705/1/716 704/1/717 642/1/718
f 642/1/718 791/1/719 705/1/716
f 706/1/720 707/1/721 642/1/718
f 642/1/718 783/1/722 706/1/720
f 731/1/723 721/1/724 643/1/725
f 643/1/725 793/1/726 731/1/723
f 706/1/720 708/1/727 643/1/725
f 643/1/725 784/1/728 706/1/720
f 730/1/729 708/1/727 644/1/730
f 644/1/730 795/1/731 730/1/729
f 704/1/717 710/1/732 644/1/730
f 644/1/730 783/1/722 704/1/717
f 645/1/733 796/1/734 723/1/735
f 721/1/724 729/1/736 645/1/733
f 645/1/733 784/1/728 721/1/724
f 723/1/735 707/1/721 645/1/733
f 646/1/737 790/1/738 705/1/716
f 716/1/739 715/1/740 646/1/737
f 717/1/741 716/1/739 646/1/737
f 705/1/716 717/1/741 646/1/737
f 725/1/742 728/1/743 647/1/744
f 647/1/744 792/1/745 725/1/742
f 718/1/746 716/1/739 647/1/744
f 647/1/744 797/1/747 718/1/746
f 718/1/746 727/1/748 648/1/749
f 648/1/749 789/1/750 718/1/746
f 710/1/732 715/1/740 648/1/749
f 648/1/749 795/1/731 710/1/732
f 723/1/735 726/1/751 649/1/752
f 649/1/752 791/1/719 723/1/735
f 649/1/752 792/1/745 717/1/741
f 649/1/752 798/1/753 725/1/742
f 711/1/754 714/1/755 650/1/756
f 650/1/756 796/1/734 711/1/754
f 719/1/757 726/1/751 650/1/756
f 650/1/756 788/1/758 719/1/757
f 651/1/759 786/1/760 712/1/761
f 727/1/748 724/1/762 651/1/759
f 651/1/759 795/1/731 727/1/748
f 712/1/761 722/1/763 651/1/759
f 719/1/757 713/1/764 652/1/765
f 652/1/765 798/1/753 719/1/757
f 724/1/762 728/1/743 652/1/765
f 652/1/765 786/1/760 724/1/762
f 653/1/766 787/1/767 711/1/754
f 709/1/768 703/1/769 653/1/766
f 653/1/766 794/1/770 709/1/768
f 711/1/754 729/1/736 653/1/766
f 701/1/771 720/1/772 654/1/773
f 654/1/773 785/1/774 701/1/771
f 730/1/729 722/1/763 654/1/773
f 654/1/773 793/1/726 730/1/729
f 702/1/775 709/1/768 655/1/776
f 655/1/776 781/1/777 702/1/775
f 731/1/723 720/1/772 655/1/776
f 655/1/776 794/1/770 731/1/723
f 736/1/778 735/1/779 656/1/780
f 656/1/780 809/1/781 736/1/778
f 737/1/782 738/1/783 656/1/780
f 656/1/780 801/1/784 737/1/782
f 762/1/785 752/1/786 657/1/787
f 657/1/787 811/1/788 762/1/785
f 737/1/782 739/1/789 657/1/787
f 657/1/787 802/1/790 737/1/782
f 761/1/791 739/1/789 658/1/792
f 658/1/792 813/1/793 761/1/791
f 735/1/779 741/1/794 658/1/792
f 658/1/792 801/1/784 735/1/779
f 659/1/795 814/1/796 754/1/797
f 752/1/786 760/1/798 659/1/795
f 659/1/795 802/1/790 752/1/786
f 754/1/797 738/1/783 659/1/795
f 660/1/799 808/1/800 736/1/778
f 747/1/801 746/1/802 660/1/799
f 748/1/803 747/1/801 660/1/799
f 736/1/778 748/1/803 660/1/799
f 756/1/804 759/1/805 661/1/806
f 661/1/806 810/1/807 756/1/804
f 749/1/808 747/1/801 661/1/806
f 661/1/806 815/1/809 749/1/808
f 749/1/808 758/1/810 662/1/811
f 662/1/811 807/1/812 749/1/808
f 741/1/794 746/1/802 662/1/811
f 662/1/811 813/1/793 741/1/794
f 754/1/797 757/1/813 663/1/814
f 663/1/814 809/1/781 754/1/797
f 663/1/814 810/1/807 748/1/803
f 663/1/814 816/1/815 756/1/804
f 742/1/816 745/1/817 664/1/818
f 664/1/818 814/1/796 742/1/816
f 750/1/819 757/1/813 664/1/818
f 664/1/818 806/1/820 750/1/819
f 665/1/821 804/1/822 743/1/823
f 758/1/810 755/1/824 665/1/821
f 665/1/821 813/1/793 758/1/810
f 743/1/823 753/1/825 665/1/821
f 750/1/819 744/1/826 666/1/827
f 666/1/827 816/1/815 750/1/819
f 755/1/824 759/1/805 666/1/827
f 666/1/827 804/1/822 755/1/824
f 667/1/828 805/1/829 742/1/816
f 740/1/830 734/1/831 667/1/828
f 667/1/828 812/1/832 740/1/830
f 742/1/816 760/1/798 667/1/828
f 732/1/833 751/1/834 668/1/835
f 668/1/835 803/1/836 732/1/833
f 761/1/791 753/1/825 668/1/835
f 668/1/835 811/1/788 761/1/791
f 733/1/837 740/1/830 669/1/838
f 669/1/838 799/1/839 733/1/837
f 762/1/785 751/1/834 669/1/838
f 669/1/838 812/1/832 762/1/785
f 817/5/840 1103/5/841 899/5/842
f 899/5/842 905/5/843 817/5/840
f 817/5/840 1076/5/844 980/5/845
f 980/5/845 990/5/846 817/5/840
f 818/5/847 1076/5/844 973/5/848
f 973/5/848 920/5/849 818/5/847
f 818/5/847 1079/5/850 974/5/851
f 818/5/847 1073/5/852 907/5/853
f 989/5/854 981/5/855 819/5/856
f 819/5/856 1112/5/857 903/5/858
f 903/5/858 902/5/859 819/5/856
f 819/5/856 1106/5/860 989/5/854
f 919/5/861 969/5/862 820/5/863
f 820/5/863 1075/5/864 897/5/865
f 820/5/863 1074/5/866 970/5/867
f 820/5/863 1080/5/868 919/5/861
f 821/5/869 1107/5/870 980/5/845
f 980/5/845 907/5/853 821/5/869
f 821/5/869 1073/5/852 901/5/871
f 901/5/871 988/5/872 821/5/869
f 916/5/873 987/5/874 822/5/875
f 987/5/874 902/5/859 822/5/875
f 822/5/875 1119/5/876 971/5/877
f 822/5/875 1128/5/878 916/5/873
f 986/5/879 900/5/880 823/5/881
f 823/5/881 1114/5/882 898/5/883
f 898/5/883 981/5/855 823/5/881
f 823/5/881 1108/5/884 986/5/879
f 824/6/885 1077/6/886 912/6/887
f 912/6/887 913/6/888 824/6/885
f 913/6/888 914/6/889 824/6/885
f 824/6/885 1078/6/890 911/6/891
f 825/6/892 1109/6/893 916/6/873
f 916/6/873 917/6/894 825/6/892
f 917/6/894 983/6/895 825/6/892
f 825/6/892 1110/6/896 985/6/897
f 826/6/898 1081/6/899 919/6/861
f 919/6/861 915/6/900 826/6/898
f 915/6/900 920/6/849 826/6/898
f 826/6/898 1082/6/901 913/6/888
f 984/5/902 983/5/895 827/5/903
f 983/5/895 975/5/904 827/5/903
f 827/5/903 1118/5/905 978/5/906
f 978/5/906 984/5/902 827/5/903
f 828/4/907 1099/4/908 967/4/909
f 967/4/909 956/4/910 828/4/907
f 828/4/907 1086/4/911 925/4/912
f 828/4/907 1088/4/913 936/4/914
f 966/4/915 960/4/916 829/4/917
f 960/4/916 928/4/918 829/4/917
f 829/4/917 1086/4/911 956/4/910
f 956/4/919 966/4/915 829/4/917
f 926/4/920 965/4/921 830/4/922
f 965/4/921 940/4/923 830/4/922
f 830/4/922 1090/4/924 939/4/925
f 830/4/922 1085/4/926 926/4/920
f 831/4/927 1101/4/928 959/4/929
f 959/4/929 931/4/930 831/4/927
f 831/4/927 1135/4/931 955/4/932
f 955/4/932 964/4/933 831/4/927
f 832/4/934 1091/4/935 950/4/936
f 832/4/934 1093/4/937 935/4/938
f 935/4/938 925/4/912 832/4/934
f 832/4/934 1086/4/911 928/4/918
f 833/4/939 1100/4/940 963/4/941
f 963/4/941 936/4/914 833/4/939
f 936/4/914 934/4/942 833/4/939
f 833/4/939 1090/4/924 940/4/923
f 935/4/938 949/4/943 834/4/944
f 834/4/944 1094/4/945 941/4/946
f 941/4/946 934/4/942 834/4/944
f 834/4/944 1088/4/913 935/4/938
f 941/4/946 948/4/947 835/4/948
f 835/4/948 1092/4/949 930/4/950
f 835/4/948 1085/4/926 939/4/951
f 835/4/948 1090/4/924 941/4/946
f 947/4/952 937/4/953 836/4/954
f 836/4/954 1084/4/955 944/4/956
f 944/4/956 948/4/947 836/4/954
f 836/4/954 1094/4/945 947/4/952
f 946/4/957 932/4/958 837/4/959
f 837/4/959 1089/4/958 947/4/952
f 947/4/952 949/4/943 837/4/959
f 837/4/959 1093/4/937 946/4/957
f 838/4/960 1083/4/961 921/4/962
f 838/4/960 1087/4/958 946/4/957
f 946/4/957 950/4/936 838/4/960
f 950/4/936 942/4/963 838/4/960
f 962/4/964 953/4/965 839/4/966
f 953/4/965 945/4/967 839/4/966
f 839/4/966 1148/4/968 959/4/929
f 959/4/929 962/4/964 839/4/966
f 961/4/969 954/4/970 840/4/971
f 954/4/970 942/4/963 840/4/971
f 840/4/971 1091/4/935 960/4/916
f 960/4/916 961/4/969 840/4/971
f 929/4/969 923/4/972 841/4/969
f 923/4/972 961/4/969 841/4/969
f 961/4/969 952/4/973 841/4/969
f 952/4/973 929/4/969 841/4/969
f 944/4/956 922/4/974 842/4/975
f 922/4/965 962/4/964 842/4/975
f 842/4/975 1101/4/928 951/4/976
f 842/4/975 1092/4/949 944/4/956
f 843/4/977 1143/4/978 933/4/979
f 933/4/979 957/4/980 843/4/977
f 843/4/977 1099/4/908 963/4/941
f 963/4/941 958/4/981 843/4/977
f 844/4/982 1092/4/949 951/4/976
f 951/4/976 964/4/933 844/4/982
f 844/4/982 1097/4/983 926/4/920
f 844/4/982 1085/4/926 930/4/950
f 955/4/932 938/4/984 845/4/985
f 845/4/985 1143/4/978 958/4/981
f 958/4/981 965/4/986 845/4/985
f 845/4/985 1097/4/983 955/4/932
f 846/4/915 1146/4/973 952/4/973
f 952/4/973 966/4/915 846/4/915
f 966/4/915 927/4/919 846/4/915
f 927/4/919 943/4/915 846/4/915
f 957/4/980 924/4/987 847/4/988
f 924/4/987 927/4/989 847/4/988
f 927/4/989 967/4/909 847/4/988
f 967/4/909 957/4/980 847/4/988
f 912/5/887 968/5/990 848/5/991
f 848/5/991 1072/5/992 904/5/993
f 904/5/993 969/5/862 848/5/991
f 848/5/991 1081/5/899 912/5/887
f 849/5/994 1071/5/995 972/5/996
f 972/5/996 914/5/889 849/5/994
f 849/5/994 1082/5/901 973/5/848
f 973/5/848 905/5/843 849/5/994
f 974/5/851 918/5/997 850/5/998
f 850/5/998 1110/5/896 984/5/902
f 850/5/998 1105/5/999 901/5/871
f 901/5/871 974/5/851 850/5/998
f 851/6/1000 1080/6/868 982/6/1001
f 982/6/1001 985/6/897 851/6/1000
f 985/6/897 918/6/997 851/6/1000
f 851/6/1000 1079/6/850 915/6/900
f 904/5/993 977/5/1002 852/5/1003
f 852/5/1003 1104/5/1004 986/5/879
f 986/5/879 910/5/1005 852/5/1003
f 852/5/1003 1075/5/864 904/5/993
f 982/5/1001 970/5/867 853/5/1006
f 970/5/867 979/5/1007 853/5/1006
f 979/5/1007 987/5/874 853/5/1006
f 853/5/1006 1109/5/893 982/5/1001
f 854/5/1008 1122/5/1009 909/5/1010
f 909/5/1010 988/5/872 854/5/1008
f 854/5/1008 1105/5/999 978/5/906
f 978/5/906 908/5/1011 854/5/1008
f 897/5/865 910/5/1005 855/5/1012
f 855/5/1012 1108/5/884 989/5/854
f 989/5/854 979/5/1007 855/5/1012
f 855/5/1012 1074/5/866 897/5/865
f 856/5/1013 1115/5/1014 976/5/1015
f 976/5/1015 990/5/846 856/5/1013
f 856/5/1013 1107/5/870 909/5/1010
f 909/5/1010 906/5/1016 856/5/1013
f 857/5/1017 1159/5/1018 1070/5/1019
f 1070/5/1019 1060/5/1020 857/5/1017
f 857/5/1017 1121/5/1021 997/5/1022
f 997/5/1022 992/5/1023 857/5/1017
f 858/5/1024 1121/5/1021 998/5/1025
f 858/5/1024 1116/5/1026 1055/7/1027
f 858/5/1024 1125/5/1028 1009/7/1029
f 1009/7/1029 1054/5/1030 858/5/1024
f 1061/5/1031 1069/5/1032 859/5/1033
f 859/5/1033 1162/5/1034 995/5/1035
f 995/5/1035 903/5/858 859/5/1033
f 859/5/1033 1112/5/857 1061/5/1031
f 1051/5/1036 1008/8/1037 860/5/1038
f 860/5/1038 1126/7/1039 1052/5/1040
f 860/5/1038 1117/5/1041 991/7/1042
f 860/5/1038 1120/5/1043 1051/5/1036
f 861/5/1044 1163/5/1045 1068/5/1046
f 1068/5/1046 994/5/1047 861/5/1044
f 861/5/1044 1116/5/1026 998/5/1025
f 998/5/1025 1060/5/1020 861/5/1044
f 1067/5/1048 1006/5/1049 862/5/1050
f 862/5/1050 1128/5/878 971/5/877
f 862/5/1050 1119/5/876 995/5/1035
f 995/5/1035 1067/5/1048 862/5/1050
f 993/5/1051 1066/5/1052 863/5/1053
f 863/5/1053 1164/5/1054 1061/5/1031
f 1061/5/1031 898/5/883 863/5/1053
f 863/5/1053 1114/5/882 993/5/1051
f 864/6/1055 1123/6/1056 1001/6/1057
f 864/6/1055 1124/6/1058 1004/6/1059
f 1004/6/1059 1003/6/1060 864/6/1055
f 1003/6/1060 1002/6/1061 864/6/1055
f 865/6/1062 1165/6/1063 1065/6/1064
f 865/6/1062 1166/6/1065 1063/6/1066
f 1063/6/1066 917/6/894 865/6/1062
f 917/6/894 1006/6/1049 865/6/1062
f 866/6/1067 1129/6/1068 1003/6/1060
f 866/6/1067 1130/6/1069 1009/6/1029
f 1009/6/1029 1005/6/1070 866/6/1067
f 1005/6/1070 1008/6/1037 866/6/1067
f 1063/5/1066 1064/5/1071 867/5/1072
f 1064/5/1071 1058/5/1073 867/5/1072
f 867/5/1072 1118/5/905 975/5/904
f 975/5/904 1063/5/1066 867/5/1072
f 868/4/1074 1155/4/1075 1021/4/1076
f 868/4/1074 1141/4/1077 1013/4/1078
f 868/4/1074 1138/4/1079 1038/4/1080
f 1038/4/1080 1049/4/1081 868/4/1074
f 1042/4/1082 1048/4/915 869/4/1083
f 1048/4/915 1038/4/919 869/4/1083
f 869/4/1083 1138/4/1079 1016/4/1084
f 1016/4/1084 1042/4/1082 869/4/1083
f 1047/4/1085 1014/4/1086 870/4/1087
f 870/4/1087 1137/4/1088 1023/4/1089
f 870/4/1087 1144/4/1090 1024/4/1091
f 1024/4/1091 1047/4/1085 870/4/1087
f 871/4/1092 1157/4/1093 1046/4/1094
f 1046/4/1094 1037/4/1095 871/4/1092
f 871/4/1092 1135/4/1096 931/4/930
f 931/4/930 1041/4/1097 871/4/1092
f 872/4/1098 1145/4/1099 1016/4/1084
f 872/4/1098 1138/4/1079 1013/4/1078
f 1013/4/1078 1020/4/1100 872/4/1098
f 872/4/1098 1149/4/1101 1032/4/1102
f 873/4/1103 1156/4/1104 1024/4/1091
f 873/4/1103 1144/4/1090 1019/4/1105
f 1019/4/1105 1021/4/1076 873/4/1103
f 1021/4/1076 1045/4/1106 873/4/1103
f 1031/4/1107 1020/4/1100 874/4/1108
f 874/4/1108 1141/4/1077 1019/4/1105
f 1019/4/1105 1025/4/1109 874/4/1108
f 874/4/1108 1150/4/1110 1031/4/1107
f 1030/4/1111 1025/4/1109 875/4/1112
f 875/4/1112 1144/4/1090 1023/4/1113
f 875/4/1112 1137/4/1088 1017/4/1114
f 875/4/1112 1147/4/1115 1030/4/1111
f 1022/4/1116 1029/4/1117 876/4/1118
f 876/4/1118 1150/4/1110 1030/4/1111
f 1030/4/1111 1027/4/1119 876/4/1118
f 876/4/1118 1134/4/1120 1022/4/1116
f 1018/4/1121 1028/4/1122 877/4/1123
f 877/4/1123 1149/4/1101 1031/4/1107
f 1031/4/1107 1029/4/1117 877/4/1123
f 877/4/1123 1142/4/1121 1018/4/1121
f 878/4/1124 1133/4/1125 1026/4/1126
f 1026/4/1126 1032/4/1102 878/4/1124
f 1032/4/1102 1028/4/1122 878/4/1124
f 878/4/1124 1139/4/1121 1010/4/1127
f 1035/4/965 1044/4/1128 879/4/1129
f 1044/4/1128 1041/4/1097 879/4/1129
f 879/4/1129 1148/4/968 945/4/967
f 945/4/967 1035/4/965 879/4/1129
f 1036/4/1130 1043/4/969 880/4/1131
f 1043/4/969 1042/4/1082 880/4/1131
f 880/4/1131 1145/4/1099 1026/4/1126
f 1026/4/1126 1036/4/1130 880/4/1131
f 1012/4/972 929/4/969 881/4/969
f 929/4/969 1034/4/973 881/4/969
f 1034/4/973 1043/4/969 881/4/969
f 1043/4/969 1012/4/972 881/4/969
f 1011/4/1132 1027/4/1119 882/4/1133
f 882/4/1133 1147/4/1115 1033/4/1134
f 882/4/1133 1157/4/1093 1044/4/1128
f 1044/4/1128 1011/4/965 882/4/1133
f 883/4/1135 1143/4/1136 1040/4/1137
f 1040/4/1137 1045/4/1106 883/4/1135
f 883/4/1135 1155/4/1075 1039/4/1138
f 1039/4/1138 933/4/1139 883/4/1135
f 884/4/1140 1147/4/1115 1017/4/1114
f 884/4/1140 1137/4/1088 1014/4/1086
f 884/4/1140 1153/4/1141 1046/4/1094
f 1046/4/1094 1033/4/1134 884/4/1140
f 938/4/1142 1037/4/1095 885/4/1143
f 885/4/1143 1153/4/1141 1047/4/1144
f 1047/4/1144 1040/4/1137 885/4/1143
f 885/4/1143 1143/4/1136 938/4/1142
f 1034/4/973 943/4/915 886/4/915
f 943/4/915 1015/4/919 886/4/915
f 1015/4/919 1048/4/915 886/4/915
f 1048/4/915 1034/4/973 886/4/915
f 924/4/987 1039/4/1138 887/4/988
f 1039/4/1138 1049/4/1081 887/4/988
f 1049/4/1081 1015/4/989 887/4/988
f 1015/4/989 924/4/987 887/4/988
f 1050/8/1145 1002/5/1061 888/8/1146
f 888/8/1146 1129/5/1068 1051/5/1036
f 1051/5/1036 996/5/1147 888/8/1146
f 888/8/1146 1113/8/1148 1050/8/1145
f 889/5/1149 1111/5/1150 997/5/1022
f 997/5/1022 1054/5/1030 889/5/1149
f 889/5/1149 1130/5/1069 1004/8/1059
f 1004/8/1059 1053/5/1151 889/5/1149
f 1007/5/1152 1055/7/1027 890/5/1153
f 1055/5/1027 994/5/1047 890/5/1153
f 890/5/1153 1161/5/1154 1064/5/1071
f 890/5/1153 1166/5/1065 1007/5/1152
f 891/6/1155 1126/6/1039 1005/6/1070
f 891/6/1155 1125/6/1028 1007/6/1152
f 1007/6/1152 1065/6/1064 891/6/1155
f 1065/6/1064 1062/6/1156 891/6/1155
f 1057/5/1157 996/5/1147 892/5/1158
f 892/5/1158 1120/5/1043 1000/5/1159
f 1000/5/1159 1066/5/1052 892/5/1158
f 892/5/1158 1160/5/1160 1057/5/1157
f 1052/5/1040 1062/5/1156 893/5/1161
f 893/5/1161 1165/5/1063 1067/5/1048
f 1067/5/1048 1059/5/1162 893/5/1161
f 1059/5/1162 1052/5/1040 893/5/1161
f 894/5/1163 1122/5/1009 908/5/1011
f 908/5/1011 1058/5/1073 894/5/1163
f 894/5/1163 1161/5/1154 1068/5/1046
f 1068/5/1046 999/5/1164 894/5/1163
f 1000/8/1159 991/7/1042 895/5/1165
f 895/5/1165 1117/5/1041 1059/5/1162
f 1059/5/1162 1069/5/1032 895/5/1165
f 895/5/1165 1164/5/1054 1000/5/1159
f 896/5/1166 1115/5/1014 906/5/1016
f 906/5/1016 999/5/1164 896/5/1166
f 896/5/1166 1163/5/1045 1070/5/1019
f 1070/5/1019 1056/5/1167 896/5/1166
f 1169/9/1168 1179/9/1169 1180/9/1170
f 1265/9/1171 1175/9/1172 1186/9/1173
f 1344/9/1174 1176/9/1175 1177/9/1176
f 1172/9/1177 1184/9/1178 1173/9/1179
f 1170/9/1180 1180/9/1170 1181/9/1181
f 1344/9/1174 1178/9/1182 1167/9/1183
f 1173/9/1179 1185/9/1184 1174/9/1185
f 1170/9/1180 1182/9/1186 1171/9/1187
f 1168/9/1188 1178/9/1182 1179/9/1169
f 1175/9/1172 1185/9/1184 1186/9/1173
f 1343/6/1189 1187/6/1190 1176/6/1175
f 1172/9/1177 1182/9/1186 1183/9/1191
f 1184/9/1178 1197/9/1192 1185/9/1184
f 1181/9/1181 1194/9/1193 1182/9/1186
f 1179/9/1169 1190/9/1194 1191/9/1195
f 1185/9/1184 1198/9/1196 1186/9/1173
f 1176/6/1175 1187/6/1190 1350/6/1197
f 1183/9/1191 1194/9/1193 1195/9/1198
f 1180/9/1170 1191/9/1195 1192/9/1199
f 1265/9/1171 1186/9/1173 1198/9/1196
f 1176/9/1175 1189/9/1200 1177/9/1176
f 1183/9/1191 1196/9/1201 1184/9/1178
f 1180/9/1170 1193/9/1202 1181/9/1181
f 1178/9/1182 1189/9/1200 1190/9/1194
f 1188/9/1203 1200/9/1204 1189/9/1200
f 1196/9/1201 1206/9/1205 1207/9/1206
f 1193/9/1202 1203/9/1207 1204/9/1208
f 1189/9/1200 1201/9/1209 1190/9/1194
f 1197/9/1192 1207/9/1206 1208/9/1210
f 1193/9/1202 1205/9/1211 1194/9/1193
f 1190/9/1194 1202/9/1212 1191/9/1195
f 1197/9/1192 1209/9/1213 1198/9/1196
f 1350/9/1197 1199/9/1214 1188/9/1203
f 1194/9/1193 1206/9/1205 1195/9/1198
f 1191/9/1195 1203/9/1207 1192/9/1199
f 1265/9/1171 1198/9/1196 1209/9/1213
f 1209/9/1213 1219/9/1215 1220/9/1216
f 1349/9/1217 1210/9/1218 1199/9/1214
f 1205/9/1211 1217/9/1219 1206/9/1205
f 1202/9/1212 1214/9/1220 1203/9/1207
f 1265/9/1171 1209/9/1213 1220/9/1216
f 1199/9/1214 1211/9/1221 1200/9/1204
f 1206/9/1205 1218/9/1222 1207/9/1206
f 1204/9/1208 1214/9/1220 1215/9/1223
f 1201/9/1209 1211/9/1221 1212/9/1224
f 1207/9/1206 1219/9/1215 1208/9/1210
f 1205/9/1211 1215/9/1223 1216/9/1225
f 1202/9/1212 1212/9/1224 1213/9/1226
f 1211/9/1221 1223/9/1227 1212/9/1224
f 1218/9/1222 1230/9/1228 1219/9/1215
f 1215/9/1223 1227/9/1229 1216/9/1225
f 1212/9/1224 1224/9/1230 1213/9/1226
f 1219/9/1215 1231/9/1231 1220/9/1216
f 1210/9/1218 1352/9/1232 1221/9/1233
f 1217/9/1219 1227/9/1229 1228/9/1234
f 1214/9/1220 1224/9/1230 1225/9/1235
f 1265/9/1171 1220/9/1216 1231/9/1231
f 1211/9/1221 1221/9/1233 1222/9/1236
f 1217/9/1219 1229/9/1237 1218/9/1222
f 1215/9/1223 1225/9/1235 1226/9/1238
f 1265/9/1171 1231/9/1231 1242/9/1239
f 1221/9/1233 1233/9/1240 1222/9/1236
f 1228/9/1234 1240/9/1241 1229/9/1237
f 1225/9/1235 1237/9/1242 1226/9/1238
f 1223/9/1227 1233/9/1240 1234/9/1243
f 1229/9/1237 1241/9/1244 1230/9/1228
f 1226/9/1238 1238/9/1245 1227/9/1229
f 1223/9/1227 1235/9/1246 1224/9/1230
f 1231/9/1231 1241/9/1244 1242/9/1239
f 1221/9/1233 1352/9/1232 1232/9/1247
f 1228/9/1234 1238/9/1245 1239/9/1248
f 1225/9/1235 1235/9/1246 1236/9/1249
f 1234/9/1243 1246/9/1250 1235/9/1246
f 1242/9/1239 1252/9/1251 1253/9/1252
f 1232/6/1247 1187/6/1190 1243/6/1253
f 1239/9/1248 1249/9/1254 1250/9/1255
f 1235/9/1246 1247/9/1256 1236/9/1249
f 1265/9/1171 1242/9/1239 1253/9/1252
f 1233/9/1240 1232/9/1247 1244/9/1257
f 1240/9/1241 1250/9/1255 1251/9/1258
f 1236/9/1249 1248/9/1259 1237/9/1242
f 1234/9/1243 1244/9/1257 1245/9/1260
f 1240/9/1241 1252/9/1251 1241/9/1244
f 1238/9/1245 1248/9/1259 1249/9/1254
f 1245/9/1260 1255/9/1261 1256/9/1262
f 1251/9/1258 1263/9/1263 1252/9/1251
f 1248/9/1259 1260/9/1264 1249/9/1254
f 1245/9/1260 1257/9/1265 1246/9/1250
f 1253/9/1252 1263/9/1263 1264/9/1266
f 1243/6/1253 1187/6/1190 1254/6/1267
f 1250/9/1255 1260/9/1264 1261/9/1268
f 1246/9/1250 1258/9/1269 1247/9/1256
f 1265/9/1171 1253/9/1252 1264/9/1266
f 1243/6/1253 1255/6/1261 1244/6/1257
f 1251/9/1258 1261/9/1268 1262/9/1270
f 1247/9/1256 1259/9/1271 1248/9/1259
f 1258/9/1269 1269/9/1272 1270/9/1273
f 1265/9/1171 1264/9/1266 1276/9/1274
f 1255/9/1261 1266/9/1275 1267/9/1276
f 1261/9/1268 1274/9/1277 1262/9/1270
f 1259/9/1271 1270/9/1273 1271/9/1278
f 1255/9/1261 1268/9/1279 1256/9/1262
f 1262/9/1270 1275/9/1280 1263/9/1263
f 1259/9/1271 1272/9/1281 1260/9/1264
f 1256/9/1262 1269/9/1272 1257/9/1265
f 1264/9/1266 1275/9/1280 1276/9/1274
f 1254/6/1267 1187/6/1190 1266/6/1275
f 1260/9/1264 1273/9/1282 1261/9/1268
f 1269/9/1272 1279/9/1283 1280/9/1284
f 1275/9/1280 1287/9/1285 1276/9/1274
f 1266/6/1275 1187/6/1190 1346/6/1286
f 1272/9/1281 1284/9/1287 1273/9/1282
f 1270/9/1273 1280/9/1284 1281/9/1288
f 1265/9/1171 1276/9/1274 1287/9/1285
f 1267/9/1276 1277/9/1289 1278/9/1290
f 1273/9/1282 1285/9/1291 1274/9/1277
f 1271/9/1278 1281/9/1288 1282/9/1292
f 1268/9/1279 1278/9/1290 1279/9/1283
f 1274/9/1277 1286/9/1293 1275/9/1280
f 1272/9/1281 1282/9/1292 1283/9/1294
f 1282/9/1292 1292/9/1295 1293/9/1296
f 1278/9/1290 1290/9/1297 1279/9/1283
f 1286/9/1293 1296/9/1298 1297/9/1299
f 1283/9/1294 1293/9/1296 1294/9/1300
f 1279/9/1283 1291/9/1301 1280/9/1284
f 1287/9/1285 1297/9/1299 1298/9/1302
f 1346/9/1286 1288/9/1303 1277/9/1289
f 1283/9/1294 1295/9/1304 1284/9/1287
f 1280/9/1284 1292/9/1295 1281/9/1288
f 1265/9/1171 1287/9/1285 1298/9/1302
f 1277/9/1289 1289/9/1305 1278/9/1290
f 1284/9/1287 1296/9/1298 1285/9/1291
f 1292/9/1295 1302/9/1306 1303/9/1307
f 1265/9/1171 1298/9/1302 1309/9/1308
f 1289/9/1305 1299/9/1309 1300/9/1310
f 1295/9/1304 1307/9/1311 1296/9/1298
f 1292/9/1295 1304/9/1312 1293/9/1296
f 1289/9/1305 1301/9/1313 1290/9/1297
f 1296/9/1298 1308/9/1314 1297/9/1299
f 1293/9/1296 1305/9/1315 1294/9/1300
f 1291/9/1301 1301/9/1313 1302/9/1306
f 1297/9/1299 1309/9/1308 1298/9/1302
f 1348/9/1316 1299/9/1309 1288/9/1303
f 1294/9/1300 1306/9/1317 1295/9/1304
f 1305/9/1315 1315/9/1318 1316/9/1319
f 1301/9/1313 1313/9/1320 1302/9/1306
f 1309/9/1308 1319/9/1321 1320/9/1322
f 1299/9/1309 1347/9/1323 1310/9/1324
f 1306/9/1317 1316/9/1319 1317/9/1325
f 1302/9/1306 1314/9/1326 1303/9/1307
f 1265/9/1171 1309/9/1308 1320/9/1322
f 1300/9/1310 1310/9/1324 1311/9/1327
f 1307/9/1311 1317/9/1325 1318/9/1328
f 1303/9/1307 1315/9/1318 1304/9/1312
f 1301/9/1313 1311/9/1327 1312/9/1329
f 1308/9/1314 1318/9/1328 1319/9/1321
f 1314/9/1326 1326/9/1330 1315/9/1318
f 1312/9/1329 1322/9/1331 1323/9/1332
f 1318/9/1328 1330/9/1333 1319/9/1321
f 1315/9/1318 1327/9/1334 1316/9/1319
f 1312/9/1329 1324/9/1335 1313/9/1320
f 1319/9/1321 1331/9/1336 1320/9/1322
f 1310/9/1324 1347/9/1323 1321/9/1337
f 1316/9/1319 1328/9/1338 1317/9/1325
f 1314/9/1326 1324/9/1335 1325/9/1339
f 1265/9/1171 1320/9/1322 1331/9/1336
f 1311/9/1327 1321/9/1337 1322/9/1331
f 1318/9/1328 1328/9/1338 1329/9/1340
f 1327/9/1334 1339/9/1341 1328/9/1338
f 1325/9/1339 1335/9/1342 1336/9/1343
f 1265/9/1171 1331/9/1336 1342/9/1344
f 1322/9/1331 1321/9/1337 1333/9/1345
f 1329/9/1340 1339/9/1341 1340/9/1346
f 1325/9/1339 1337/9/1347 1326/9/1330
f 1323/9/1332 1333/9/1345 1334/9/1348
f 1329/9/1340 1341/9/1349 1330/9/1333
f 1327/9/1334 1337/9/1347 1338/9/1350
f 1323/9/1332 1335/9/1342 1324/9/1335
f 1331/9/1336 1341/9/1349 1342/9/1344
f 1337/9/1347 1171/9/1187 1338/9/1350
f 1335/9/1342 1167/9/1183 1168/9/1188
f 1342/9/1344 1174/9/1185 1175/9/1172
f 1332/6/1351 1187/6/1190 1343/6/1189
f 1339/9/1341 1171/9/1187 1172/9/1177
f 1335/9/1342 1169/9/1168 1336/9/1343
f 1265/9/1171 1342/9/1344 1175/9/1172
f 1332/6/1351 1344/6/1174 1333/6/1345
f 1339/9/1341 1173/9/1179 1340/9/1346
f 1337/9/1347 1169/9/1168 1170/9/1180
f 1333/9/1345 1167/9/1183 1334/9/1348
f 1340/9/1346 1174/9/1185 1341/9/1349
f 1345/6/1352 1348/6/1316 1187/6/1190
f 1266/6/1275 1255/6/1261 1254/6/1267
f 1348/6/1316 1346/6/1286 1187/6/1190
f 1321/6/1337 1187/6/1190 1332/6/1351
f 1347/6/1323 1345/6/1352 1187/6/1190
f 1333/6/1345 1321/6/1337 1332/6/1351
f 1346/9/1286 1277/9/1289 1266/9/1275
f 1321/6/1337 1347/6/1323 1187/6/1190
f 1350/9/1197 1188/9/1203 1176/9/1175
f 1176/6/1175 1344/6/1174 1343/6/1189
f 1351/6/1353 1349/6/1217 1187/6/1190
f 1244/6/1257 1232/6/1247 1243/6/1253
f 1232/6/1247 1352/6/1232 1187/6/1190
f 1349/6/1217 1350/6/1197 1187/6/1190
f 1352/6/1232 1351/6/1353 1187/6/1190
f 1355/9/1354 1365/9/1355 1354/9/1356
f 1451/9/1357 1372/9/1358 1361/9/1359
f 1530/9/1360 1363/9/1361 1362/9/1362
f 1370/9/1363 1358/9/1364 1359/9/1365
f 1367/9/1366 1355/9/1354 1356/9/1367
f 1364/9/1368 1530/9/1360 1353/9/1369
f 1371/9/1370 1359/9/1365 1360/9/1371
f 1368/9/1372 1356/9/1367 1357/9/1373
f 1354/9/1356 1364/9/1368 1353/9/1369
f 1361/9/1359 1371/9/1370 1360/9/1371
f 1529/6/1374 1362/6/1362 1373/6/1375
f 1358/9/1364 1368/9/1372 1357/9/1373
f 1383/9/1376 1370/9/1363 1371/9/1370
f 1380/9/1377 1367/9/1366 1368/9/1372
f 1365/9/1355 1376/9/1378 1364/9/1368
f 1384/9/1379 1371/9/1370 1372/9/1358
f 1362/6/1362 1536/6/1380 1373/6/1375
f 1369/9/1381 1380/9/1377 1368/9/1372
f 1366/9/1382 1377/9/1383 1365/9/1355
f 1451/9/1357 1384/9/1379 1372/9/1358
f 1375/9/1384 1362/9/1362 1363/9/1361
f 1382/9/1385 1369/9/1381 1370/9/1363
f 1379/9/1386 1366/9/1382 1367/9/1366
f 1364/9/1368 1375/9/1384 1363/9/1361
f 1386/9/1387 1374/9/1388 1375/9/1384
f 1382/9/1385 1392/9/1389 1381/9/1390
f 1379/9/1386 1389/9/1391 1378/9/1392
f 1387/9/1393 1375/9/1384 1376/9/1378
f 1383/9/1376 1393/9/1394 1382/9/1385
f 1391/9/1395 1379/9/1386 1380/9/1377
f 1388/9/1396 1376/9/1378 1377/9/1383
f 1395/9/1397 1383/9/1376 1384/9/1379
f 1385/9/1398 1536/9/1380 1374/9/1388
f 1392/9/1389 1380/9/1377 1381/9/1390
f 1389/9/1391 1377/9/1383 1378/9/1392
f 1451/9/1357 1395/9/1397 1384/9/1379
f 1395/9/1397 1405/9/1399 1394/9/1400
f 1396/9/1401 1535/9/1402 1385/9/1398
f 1403/9/1403 1391/9/1395 1392/9/1389
f 1400/9/1404 1388/9/1396 1389/9/1391
f 1451/9/1357 1406/9/1405 1395/9/1397
f 1397/9/1406 1385/9/1398 1386/9/1387
f 1404/9/1407 1392/9/1389 1393/9/1394
f 1401/9/1408 1389/9/1391 1390/9/1409
f 1387/9/1393 1397/9/1406 1386/9/1387
f 1394/9/1400 1404/9/1407 1393/9/1394
f 1391/9/1395 1401/9/1408 1390/9/1409
f 1388/9/1396 1398/9/1410 1387/9/1393
f 1409/9/1411 1397/9/1406 1398/9/1410
f 1416/9/1412 1404/9/1407 1405/9/1399
f 1402/9/1413 1412/9/1414 1401/9/1408
f 1410/9/1415 1398/9/1410 1399/9/1416
f 1417/9/1417 1405/9/1399 1406/9/1405
f 1396/9/1401 1538/9/1418 1537/9/1419
f 1403/9/1403 1413/9/1420 1402/9/1413
f 1400/9/1404 1410/9/1415 1399/9/1416
f 1451/9/1357 1417/9/1417 1406/9/1405
f 1397/9/1406 1407/9/1421 1396/9/1401
f 1415/9/1422 1403/9/1403 1404/9/1407
f 1401/9/1408 1411/9/1423 1400/9/1404
f 1451/9/1357 1428/9/1424 1417/9/1417
f 1419/9/1425 1407/9/1421 1408/9/1426
f 1426/9/1427 1414/9/1428 1415/9/1422
f 1423/9/1429 1411/9/1423 1412/9/1414
f 1409/9/1411 1419/9/1425 1408/9/1426
f 1427/9/1430 1415/9/1422 1416/9/1412
f 1424/9/1431 1412/9/1414 1413/9/1420
f 1421/9/1432 1409/9/1411 1410/9/1415
f 1417/9/1417 1427/9/1430 1416/9/1412
f 1407/9/1421 1418/9/1433 1538/9/1418
f 1414/9/1428 1424/9/1431 1413/9/1420
f 1411/9/1423 1421/9/1432 1410/9/1415
f 1432/9/1434 1420/9/1435 1421/9/1432
f 1428/9/1424 1438/9/1436 1427/9/1430
f 1418/6/1433 1429/6/1437 1373/6/1375
f 1425/9/1438 1435/9/1439 1424/9/1431
f 1433/9/1440 1421/9/1432 1422/9/1441
f 1451/9/1357 1439/9/1442 1428/9/1424
f 1419/9/1425 1430/9/1443 1418/9/1433
f 1426/9/1427 1436/9/1444 1425/9/1438
f 1434/9/1445 1422/9/1441 1423/9/1429
f 1420/9/1435 1430/9/1443 1419/9/1425
f 1438/9/1436 1426/9/1427 1427/9/1430
f 1424/9/1431 1434/9/1445 1423/9/1429
f 1431/9/1446 1441/9/1447 1430/9/1443
f 1449/9/1448 1437/9/1449 1438/9/1436
f 1446/9/1450 1434/9/1445 1435/9/1439
f 1443/9/1451 1431/9/1446 1432/9/1434
f 1439/9/1442 1449/9/1448 1438/9/1436
f 1429/6/1437 1440/6/1452 1373/6/1375
f 1436/9/1444 1446/9/1450 1435/9/1439
f 1444/9/1453 1432/9/1434 1433/9/1440
f 1451/9/1357 1450/9/1454 1439/9/1442
f 1441/6/1447 1429/6/1437 1430/6/1443
f 1437/9/1449 1447/9/1455 1436/9/1444
f 1445/9/1456 1433/9/1440 1434/9/1445
f 1444/9/1453 1455/9/1457 1443/9/1451
f 1451/9/1357 1462/9/1458 1450/9/1454
f 1441/9/1447 1453/9/1459 1452/9/1460
f 1460/9/1461 1447/9/1455 1448/9/1462
f 1445/9/1456 1456/9/1463 1444/9/1453
f 1454/9/1464 1441/9/1447 1442/9/1465
f 1461/9/1466 1448/9/1462 1449/9/1448
f 1458/9/1467 1445/9/1456 1446/9/1450
f 1455/9/1457 1442/9/1465 1443/9/1451
f 1450/9/1454 1461/9/1466 1449/9/1448
f 1440/6/1452 1452/6/1460 1373/6/1375
f 1459/9/1468 1446/9/1450 1447/9/1455
f 1455/9/1457 1465/9/1469 1454/9/1464
f 1473/9/1470 1461/9/1466 1462/9/1458
f 1452/6/1460 1532/6/1471 1373/6/1375
f 1470/9/1472 1458/9/1467 1459/9/1468
f 1456/9/1463 1466/9/1473 1455/9/1457
f 1451/9/1357 1473/9/1470 1462/9/1458
f 1453/9/1459 1463/9/1474 1452/9/1460
f 1471/9/1475 1459/9/1468 1460/9/1461
f 1457/9/1476 1467/9/1477 1456/9/1463
f 1454/9/1464 1464/9/1478 1453/9/1459
f 1472/9/1479 1460/9/1461 1461/9/1466
f 1458/9/1467 1468/9/1480 1457/9/1476
f 1468/9/1480 1478/9/1481 1467/9/1477
f 1476/9/1482 1464/9/1478 1465/9/1469
f 1472/9/1479 1482/9/1483 1471/9/1475
f 1469/9/1484 1479/9/1485 1468/9/1480
f 1477/9/1486 1465/9/1469 1466/9/1473
f 1473/9/1470 1483/9/1487 1472/9/1479
f 1474/9/1488 1532/9/1471 1463/9/1474
f 1481/9/1489 1469/9/1484 1470/9/1472
f 1478/9/1481 1466/9/1473 1467/9/1477
f 1451/9/1357 1484/9/1490 1473/9/1470
f 1475/9/1491 1463/9/1474 1464/9/1478
f 1482/9/1483 1470/9/1472 1471/9/1475
f 1478/9/1481 1488/9/1492 1477/9/1486
f 1451/9/1357 1495/9/1493 1484/9/1490
f 1475/9/1491 1485/9/1494 1474/9/1488
f 1493/9/1495 1481/9/1489 1482/9/1483
f 1490/9/1496 1478/9/1481 1479/9/1485
f 1487/9/1497 1475/9/1491 1476/9/1482
f 1494/9/1498 1482/9/1483 1483/9/1487
f 1491/9/1499 1479/9/1485 1480/9/1500
f 1477/9/1486 1487/9/1497 1476/9/1482
f 1495/9/1493 1483/9/1487 1484/9/1490
f 1485/9/1494 1534/9/1501 1474/9/1488
f 1492/9/1502 1480/9/1500 1481/9/1489
f 1491/9/1499 1501/9/1503 1490/9/1496
f 1499/9/1504 1487/9/1497 1488/9/1492
f 1495/9/1493 1505/9/1505 1494/9/1498
f 1485/9/1494 1533/9/1506 1531/9/1507
f 1492/9/1502 1502/9/1508 1491/9/1499
f 1500/9/1509 1488/9/1492 1489/9/1510
f 1451/9/1357 1506/9/1511 1495/9/1493
f 1486/9/1512 1496/9/1513 1485/9/1494
f 1504/9/1514 1492/9/1502 1493/9/1495
f 1501/9/1503 1489/9/1510 1490/9/1496
f 1487/9/1497 1497/9/1515 1486/9/1512
f 1494/9/1498 1504/9/1514 1493/9/1495
f 1512/9/1516 1500/9/1509 1501/9/1503
f 1498/9/1517 1508/9/1518 1497/9/1515
f 1516/9/1519 1504/9/1514 1505/9/1505
f 1513/9/1520 1501/9/1503 1502/9/1508
f 1499/9/1504 1509/9/1521 1498/9/1517
f 1517/9/1522 1505/9/1505 1506/9/1511
f 1496/9/1513 1507/9/1523 1533/9/1506
f 1514/9/1524 1502/9/1508 1503/9/1525
f 1500/9/1509 1510/9/1526 1499/9/1504
f 1451/9/1357 1517/9/1522 1506/9/1511
f 1497/9/1515 1507/9/1523 1496/9/1513
f 1504/9/1514 1514/9/1524 1503/9/1525
f 1525/9/1527 1513/9/1520 1514/9/1524
f 1511/9/1528 1521/9/1529 1510/9/1526
f 1451/9/1357 1528/9/1530 1517/9/1522
f 1508/9/1518 1519/9/1531 1507/9/1523
f 1515/9/1532 1525/9/1527 1514/9/1524
f 1523/9/1533 1511/9/1528 1512/9/1516
f 1509/9/1521 1519/9/1531 1508/9/1518
f 1527/9/1534 1515/9/1532 1516/9/1519
f 1513/9/1520 1523/9/1533 1512/9/1516
f 1521/9/1529 1509/9/1521 1510/9/1526
f 1517/9/1522 1527/9/1534 1516/9/1519
f 1357/9/1373 1523/9/1533 1524/9/1535
f 1521/9/1529 1353/9/1369 1520/9/1536
f 1528/9/1530 1360/9/1371 1527/9/1534
f 1518/6/1537 1529/6/1374 1373/6/1375
f 1525/9/1527 1357/9/1373 1524/9/1535
f 1355/9/1354 1521/9/1529 1522/9/1538
f 1451/9/1357 1361/9/1359 1528/9/1530
f 1530/6/1360 1518/6/1537 1519/6/1531
f 1359/9/1365 1525/9/1527 1526/9/1539
f 1523/9/1533 1355/9/1354 1522/9/1538
f 1353/9/1369 1519/9/1531 1520/9/1536
f 1360/9/1371 1526/9/1539 1527/9/1534
f 1531/6/1507 1373/6/1375 1534/6/1501
f 1452/6/1460 1440/6/1452 1441/6/1447
f 1534/6/1501 1373/6/1375 1532/6/1471
f 1507/6/1523 1518/6/1537 1373/6/1375
f 1533/6/1506 1373/6/1375 1531/6/1507
f 1519/6/1531 1518/6/1537 1507/6/1523
f 1532/9/1471 1452/9/1460 1463/9/1474
f 1507/6/1523 1373/6/1375 1533/6/1506
f 1536/9/1380 1362/9/1362 1374/9/1388
f 1362/6/1362 1529/6/1374 1530/6/1360
f 1537/6/1419 1373/6/1375 1535/6/1402
f 1430/6/1443 1429/6/1437 1418/6/1433
f 1418/6/1433 1373/6/1375 1538/6/1418
f 1535/6/1402 1373/6/1375 1536/6/1380
f 1538/6/1418 1373/6/1375 1537/6/1419
f 1/1/1 38/1/7 65/1/2
f 36/1/3 63/1/92 42/1/4
f 1/1/1 42/1/4 59/1/5
f 24/1/6 57/1/100 38/1/7
f 49/1/8 194/1/49 176/1/9
f 2/1/11 33/1/14 65/1/2
f 38/1/7 57/1/100 25/1/12
f 149/1/13 199/1/1540 33/1/14
f 75/1/15 74/1/18 45/1/16
f 74/1/18 75/1/15 22/1/19
f 3/1/17 45/1/16 60/1/21
f 28/1/22 58/1/27 40/1/23
f 75/1/15 77/1/107 39/1/24
f 2/1/11 25/1/12 192/1/25
f 4/1/26 40/1/23 58/1/27
f 5/2/29 41/1/68 64/1/30
f 26/1/28 193/1/44 154/1/32
f 5/2/29 32/1/31 198/3/33
f 26/1/28 58/1/27 85/1/35
f 73/1/37 6/1/42 55/1/38
f 54/1/40 59/1/5 48/1/41
f 6/1/42 48/1/41 66/1/43
f 81/1/36 221/1/115 193/1/44
f 49/1/8 66/1/43 50/1/45
f 7/1/46 50/1/45 67/1/47
f 7/1/46 162/1/83 194/1/49
f 176/1/9 202/1/111 56/1/50
f 52/1/51 191/1/1541 165/1/52
f 61/1/54 51/1/112 8/1/53
f 17/1/56 47/1/48 67/1/47
f 80/1/57 67/1/47 50/1/45
f 48/1/41 79/1/58 50/1/45
f 79/1/58 48/1/41 59/1/5
f 9/1/59 34/1/61 62/1/62
f 82/1/64 86/1/70 60/1/21
f 10/1/66 44/1/63 62/1/62
f 35/1/67 64/1/30 41/1/68
f 85/1/35 58/1/27 28/1/22
f 83/1/69 28/1/22 60/1/21
f 165/1/52 195/1/86 29/1/55
f 84/1/73 87/1/113 61/1/54
f 11/2/71 164/1/114 200/1/74
f 69/1/75 54/1/40 6/1/42
f 53/1/76 57/1/100 24/1/6
f 24/1/6 59/1/5 54/1/40
f 54/1/40 69/1/75 70/1/78
f 13/1/10 56/1/50 68/1/39
f 55/1/38 66/1/43 49/1/8
f 76/1/79 211/1/109 150/1/80
f 7/1/46 47/1/48 201/1/82
f 14/2/84 32/1/31 64/1/30
f 35/1/67 62/1/62 30/3/85
f 84/1/73 29/1/55 195/1/86
f 30/3/85 62/1/62 34/1/61
f 15/3/88 34/1/61 46/1/60
f 15/3/88 140/2/103 196/2/89
f 138/3/90 198/3/33 32/1/31
f 16/1/91 31/1/94 63/1/92
f 16/1/91 36/1/3 65/1/2
f 16/1/91 141/1/95 197/1/93
f 33/1/14 199/1/1540 141/1/95
f 31/1/94 197/1/93 169/1/96
f 80/1/57 63/1/92 31/1/94
f 76/1/79 77/1/107 40/1/23
f 53/1/76 71/1/106 72/1/97
f 27/1/65 60/1/21 45/1/16
f 17/1/56 169/1/96 201/1/82
f 70/1/78 71/1/106 53/1/76
f 19/1/98 25/1/12 57/1/100
f 23/1/101 78/1/108 74/1/18
f 173/1/102 192/1/25 25/1/12
f 69/1/75 43/1/20 22/1/19
f 72/1/97 71/1/106 39/1/24
f 37/3/72 200/1/74 140/2/103
f 163/1/104 191/1/1541 52/1/51
f 71/1/106 70/1/78 22/1/19
f 69/1/75 73/1/37 23/1/101
f 77/1/107 75/1/15 3/1/17
f 78/1/108 18/1/99 45/1/16
f 4/1/26 154/1/32 211/1/109
f 19/1/98 72/1/97 207/1/110
f 20/1/81 150/1/80 207/1/110
f 77/1/107 76/1/79 20/1/81
f 21/1/105 56/1/50 202/1/111
f 61/1/54 27/1/65 18/1/99
f 27/1/65 61/1/54 87/1/113
f 79/1/58 42/1/4 63/1/92
f 14/2/84 30/3/85 196/2/89
f 9/1/59 82/1/64 87/1/113
f 11/1/71 84/1/73 225/1/87
f 46/1/60 87/1/113 84/1/73
f 10/1/66 83/1/69 86/1/70
f 41/1/68 85/1/35 83/1/69
f 9/1/59 44/1/63 86/1/70
f 5/1/29 153/1/34 221/1/115
f 81/1/36 85/1/35 41/1/68
f 52/1/116 8/1/53 88/1/117
f 56/1/119 21/1/130 90/1/120
f 56/1/119 94/1/121 95/1/122
f 73/1/37 96/2/129 91/1/123
f 8/1/53 51/1/112 92/1/125
f 51/3/112 18/3/99 89/3/126
f 23/3/124 91/1/123 97/1/127
f 68/2/39 95/3/122 96/2/129
f 78/1/128 97/1/127 89/3/126
f 21/1/130 52/1/116 93/1/118
f 96/2/129 95/3/122 105/1/131
f 95/1/122 94/1/121 104/1/133
f 96/2/129 106/3/132 101/2/134
f 92/1/125 102/1/140 98/1/135
f 91/1/123 101/2/134 107/1/136
f 90/1/120 93/1/118 103/1/137
f 93/1/118 88/1/117 98/1/135
f 97/1/127 107/1/136 99/1/139
f 94/1/121 90/1/120 100/1/138
f 89/3/126 99/1/139 102/1/140
f 109/1/142 147/1/146 187/1/143
f 157/1/145 185/1/217 147/1/146
f 109/2/142 132/2/148 181/1/147
f 151/1/144 179/1/224 132/2/148
f 176/1/9 194/1/49 168/1/149
f 110/1/151 151/1/144 187/1/143
f 133/1/153 179/1/224 151/1/144
f 144/1/152 199/1/1540 149/1/13
f 210/1/154 111/1/159 160/2/155
f 130/2/157 210/1/154 209/1/156
f 111/1/159 136/2/162 182/1/160
f 155/1/161 180/1/165 136/2/162
f 152/1/163 213/1/228 210/1/154
f 110/1/151 149/1/13 192/1/25
f 112/1/164 134/1/169 180/1/165
f 113/2/166 143/2/170 186/1/167
f 154/1/32 193/1/44 134/1/169
f 113/2/166 153/3/34 198/3/33
f 222/1/171 180/1/165 134/1/169
f 177/3/173 114/2/178 208/1/174
f 167/1/176 181/1/147 175/3/177
f 114/2/178 177/3/173 188/1/179
f 217/1/172 134/1/169 193/1/44
f 170/1/180 188/1/179 168/1/149
f 115/1/181 166/1/189 189/1/182
f 115/1/181 168/1/149 194/1/49
f 178/1/183 202/1/111 176/1/9
f 165/1/52 191/1/1541 172/1/184
f 183/1/186 137/1/202 116/1/185
f 125/1/188 216/1/190 189/1/182
f 170/1/180 189/1/182 216/1/190
f 167/1/176 188/1/179 170/1/180
f 215/1/191 157/1/145 181/1/147
f 117/1/192 159/1/199 184/1/195
f 218/1/196 135/1/221 182/1/160
f 118/2/198 146/1/200 184/1/195
f 156/3/168 186/1/167 146/1/200
f 136/2/162 180/1/165 222/1/171
f 219/2/201 223/3/197 182/1/160
f 137/1/202 195/1/86 165/1/52
f 220/1/205 137/1/202 183/1/186
f 119/1/203 148/1/204 200/1/74
f 114/2/178 175/3/177 203/1/207
f 132/2/148 179/1/224 174/1/208
f 175/3/177 181/1/147 132/2/148
f 175/3/177 120/3/209 204/3/210
f 121/1/150 177/1/173 190/1/175
f 168/1/149 188/1/179 177/1/173
f 150/1/80 211/1/109 212/1/211
f 115/1/181 162/1/83 201/1/82
f 122/1/213 146/1/200 186/1/167
f 139/1/214 184/1/195 146/1/200
f 220/1/205 225/1/87 195/1/86
f 145/1/193 184/1/195 139/1/214
f 123/1/215 148/1/204 161/1/194
f 123/1/215 139/1/214 196/2/89
f 143/2/170 198/3/33 138/3/90
f 124/1/216 147/1/146 185/1/217
f 124/1/216 144/1/152 187/1/143
f 124/1/216 142/1/218 197/1/93
f 141/1/95 199/1/1540 144/1/152
f 169/1/96 197/1/93 142/1/218
f 142/1/218 185/1/217 216/1/190
f 155/1/161 213/1/228 212/1/211
f 174/1/208 127/1/223 206/1/219
f 160/2/155 182/1/160 135/1/221
f 125/1/188 166/1/189 201/1/82
f 174/1/208 205/1/220 204/3/210
f 127/1/223 174/1/208 179/1/224
f 131/1/225 158/1/158 209/1/156
f 133/1/153 192/1/25 173/1/102
f 130/2/157 158/1/158 203/1/207
f 206/1/219 128/1/212 152/1/163
f 140/2/103 200/1/74 148/1/204
f 172/1/184 191/1/1541 163/1/104
f 205/1/220 152/1/163 130/2/157
f 203/1/207 158/1/158 131/1/225
f 213/1/228 155/1/161 111/1/159
f 160/2/155 126/1/222 214/2/226
f 112/1/164 212/1/211 211/1/109
f 127/1/223 173/1/102 207/1/110
f 128/1/212 206/1/219 207/1/110
f 213/1/228 152/1/163 128/1/212
f 129/1/227 163/1/104 202/1/111
f 183/1/186 171/1/187 126/1/222
f 224/1/206 183/1/186 135/1/221
f 215/1/191 216/1/190 185/1/217
f 122/1/213 138/3/90 196/2/89
f 117/1/192 161/3/194 224/1/206
f 119/1/203 164/1/114 225/1/87
f 220/1/205 224/1/206 161/3/194
f 118/2/198 159/1/199 223/3/197
f 219/2/201 222/1/171 156/1/168
f 117/1/192 218/1/196 223/3/197
f 113/1/166 217/1/172 221/1/115
f 156/1/168 222/1/171 217/1/172
f 172/1/229 231/1/242 226/1/230
f 178/1/231 232/1/245 228/1/232
f 233/1/234 232/1/245 178/1/231
f 229/1/235 234/1/241 208/1/174
f 116/1/185 226/1/230 230/1/237
f 171/3/187 230/3/237 227/3/238
f 235/1/239 229/1/235 131/1/236
f 234/1/241 233/2/234 190/3/175
f 227/3/238 235/1/239 214/1/240
f 129/1/233 228/1/232 231/1/242
f 234/2/241 244/1/254 243/1/243
f 233/1/234 243/1/243 242/1/244
f 239/3/246 244/1/254 234/1/241
f 236/1/247 240/1/252 230/1/237
f 245/2/248 239/3/246 229/1/235
f 228/1/232 238/1/251 241/2/249
f 231/1/242 241/2/249 236/1/247
f 237/3/250 245/2/248 235/1/239
f 232/1/245 242/1/244 238/1/251
f 240/2/252 237/3/250 227/3/238
f 247/4/255 294/4/261 401/4/256
f 293/4/257 385/4/465 295/4/258
f 247/4/255 295/4/258 386/4/259
f 296/4/260 403/4/453 294/4/261
f 248/4/262 297/4/268 406/4/263
f 298/4/264 407/4/282 300/4/265
f 248/4/262 300/4/265 388/4/266
f 299/4/267 387/4/273 297/4/268
f 249/4/269 374/4/274 434/4/270
f 384/4/271 433/4/276 301/4/272
f 249/4/269 301/4/272 387/4/273
f 249/4/269 299/4/267 388/4/266
f 250/4/275 301/4/272 433/4/276
f 383/4/277 435/4/387 303/4/278
f 250/4/275 303/4/278 406/4/263
f 250/4/275 297/4/268 387/4/273
f 376/4/279 436/4/389 382/4/280
f 382/4/280 434/4/270 374/4/274
f 251/4/281 374/4/274 388/4/266
f 251/4/281 300/4/265 407/4/282
f 306/4/283 409/4/1542 305/4/284
f 305/4/286 389/4/301 307/4/287
f 307/4/287 390/4/300 308/4/289
f 308/4/291 411/4/1543 306/4/283
f 309/4/292 414/4/309 310/4/293
f 310/4/295 415/4/1544 312/4/296
f 312/4/296 392/4/304 311/4/298
f 311/4/298 391/4/303 309/4/292
f 254/4/299 314/4/305 390/4/300
f 254/4/299 307/4/287 389/4/301
f 254/4/299 313/4/302 391/4/303
f 254/4/299 311/4/298 392/4/304
f 255/4/306 313/4/302 389/4/301
f 255/4/306 305/4/286 409/4/307
f 255/4/306 315/4/308 414/4/309
f 255/4/306 309/4/292 391/4/303
f 256/4/310 316/4/312 411/4/311
f 256/4/310 308/4/289 390/4/300
f 256/4/310 314/4/305 392/4/304
f 312/4/296 415/4/1544 316/4/312
f 318/4/313 417/4/335 317/4/314
f 317/4/314 393/4/329 319/4/316
f 319/4/316 394/4/328 320/4/317
f 320/4/317 419/4/339 318/4/319
f 321/4/320 422/4/337 322/4/321
f 322/4/323 423/4/1545 324/4/324
f 324/4/324 396/4/332 323/4/326
f 323/4/326 395/4/331 321/4/320
f 259/4/327 326/4/333 394/4/328
f 259/4/327 319/4/316 393/4/329
f 259/4/327 325/4/330 395/4/331
f 259/4/327 323/4/326 396/4/332
f 260/4/334 325/4/330 393/4/329
f 260/4/334 317/4/314 417/4/335
f 260/4/334 327/4/336 422/4/337
f 260/4/334 321/4/320 395/4/331
f 261/4/338 328/4/340 419/4/339
f 261/4/338 320/4/317 394/4/328
f 261/4/338 326/4/333 396/4/332
f 324/4/324 423/4/1545 328/4/340
f 330/4/341 425/4/363 329/4/342
f 329/4/342 397/4/357 331/4/344
f 331/4/344 398/4/356 332/4/345
f 332/4/345 427/4/367 330/4/347
f 333/4/348 430/4/365 334/4/349
f 334/4/351 431/4/1546 336/4/352
f 336/4/352 400/4/360 335/4/354
f 335/4/354 399/4/359 333/4/348
f 264/4/355 338/4/361 398/4/356
f 264/4/355 331/4/344 397/4/357
f 264/4/355 337/4/358 399/4/359
f 264/4/355 335/4/354 400/4/360
f 265/4/362 337/4/358 397/4/357
f 265/4/362 329/4/342 425/4/363
f 265/4/362 339/4/364 430/4/365
f 265/4/362 333/4/348 399/4/359
f 266/4/366 340/4/368 427/4/367
f 266/4/366 332/4/345 398/4/356
f 266/4/366 338/4/361 400/4/360
f 336/4/352 431/4/1546 340/4/368
f 267/4/369 341/4/373 401/4/256
f 294/4/261 403/4/453 343/4/370
f 267/4/369 343/4/370 404/4/371
f 342/4/372 402/4/458 341/4/373
f 268/4/374 298/4/264 406/4/263
f 344/4/375 405/4/382 345/4/376
f 268/4/374 345/4/376 408/4/377
f 346/4/378 407/4/282 298/4/264
f 381/4/379 438/4/455 378/4/380
f 269/4/381 378/4/380 408/4/377
f 269/4/381 345/4/376 405/4/382
f 269/4/381 347/4/383 437/4/384
f 380/4/385 437/4/384 347/4/383
f 270/4/386 347/4/383 405/4/382
f 344/4/375 406/4/263 303/4/278
f 270/4/386 303/4/278 435/4/387
f 271/4/388 379/4/390 436/4/389
f 271/4/388 376/4/279 407/4/282
f 271/4/388 346/4/378 408/4/377
f 378/4/380 438/4/455 379/4/390
f 349/4/391 409/4/1547 306/4/392
f 306/4/392 411/4/1548 351/4/394
f 351/4/395 412/4/406 350/4/396
f 350/4/396 410/4/411 349/4/398
f 310/4/293 414/4/309 352/4/400
f 352/4/400 413/4/409 353/4/402
f 353/4/402 416/4/408 354/4/403
f 354/4/403 415/4/1544 310/4/295
f 274/4/405 350/4/396 412/4/406
f 274/4/405 356/4/407 416/4/408
f 274/4/405 353/4/402 413/4/409
f 274/4/405 355/4/410 410/4/411
f 275/4/412 349/4/398 410/4/411
f 275/4/412 355/4/410 413/4/409
f 275/4/412 352/4/400 414/4/309
f 275/4/412 315/4/308 409/4/307
f 276/4/413 351/4/395 411/4/311
f 316/4/312 415/4/1544 354/4/403
f 276/4/413 354/4/403 416/4/408
f 276/4/413 356/4/407 412/4/406
f 357/4/414 417/4/335 318/4/313
f 318/4/319 419/4/339 359/4/416
f 359/4/416 420/4/425 358/4/418
f 358/4/418 418/4/430 357/4/414
f 322/4/321 422/4/337 360/4/419
f 360/4/419 421/4/428 361/4/421
f 361/4/421 424/4/427 362/4/422
f 362/4/422 423/4/1545 322/4/323
f 279/4/424 358/4/418 420/4/425
f 279/4/424 364/4/426 424/4/427
f 279/4/424 361/4/421 421/4/428
f 279/4/424 363/4/429 418/4/430
f 280/4/431 357/4/414 418/4/430
f 280/4/431 363/4/429 421/4/428
f 280/4/431 360/4/419 422/4/337
f 280/4/431 327/4/336 417/4/335
f 281/4/432 359/4/416 419/4/339
f 328/4/340 423/4/1545 362/4/422
f 281/4/432 362/4/422 424/4/427
f 281/4/432 364/4/426 420/4/425
f 365/4/433 425/4/363 330/4/341
f 330/4/347 427/4/367 367/4/435
f 367/4/435 428/4/444 366/4/437
f 366/4/437 426/4/449 365/4/433
f 334/4/349 430/4/365 368/4/438
f 368/4/438 429/4/447 369/4/440
f 369/4/440 432/4/446 370/4/441
f 370/4/441 431/4/1546 334/4/351
f 284/4/443 366/4/437 428/4/444
f 284/4/443 372/4/445 432/4/446
f 284/4/443 369/4/440 429/4/447
f 284/4/443 371/4/448 426/4/449
f 285/4/450 365/4/433 426/4/449
f 285/4/450 371/4/448 429/4/447
f 285/4/450 368/4/438 430/4/365
f 285/4/450 339/4/364 425/4/363
f 286/4/451 367/4/435 427/4/367
f 340/4/368 431/4/1546 370/4/441
f 286/4/451 370/4/441 432/4/446
f 286/4/451 372/4/445 428/4/444
f 287/4/452 343/4/370 403/4/453
f 304/4/454 436/4/389 379/4/390
f 287/4/452 379/4/390 438/4/455
f 348/4/456 404/4/371 343/4/370
f 288/4/457 341/4/373 402/4/458
f 288/4/457 377/4/459 437/4/384
f 380/4/385 435/4/387 375/4/460
f 288/4/457 375/4/460 401/4/256
f 289/4/461 342/4/372 404/4/371
f 289/4/461 348/4/456 438/4/455
f 381/4/379 437/4/384 377/4/459
f 289/4/461 377/4/459 402/4/458
f 290/4/462 304/4/454 403/4/453
f 296/4/260 386/4/259 302/4/463
f 290/4/462 302/4/463 434/4/270
f 382/4/280 436/4/389 304/4/454
f 291/4/464 373/4/466 385/4/465
f 291/4/464 293/4/257 401/4/256
f 291/4/464 375/4/460 435/4/387
f 383/4/277 433/4/276 373/4/466
f 292/4/467 302/4/463 386/4/259
f 292/4/467 295/4/258 385/4/465
f 373/4/466 433/4/276 384/4/271
f 292/4/467 384/4/271 434/4/270
f 484/1/468 583/1/490 485/1/469
f 439/1/470 485/1/469 584/1/471
f 487/1/472 577/1/480 486/1/473
f 439/1/470 486/1/473 576/1/474
f 501/1/475 587/1/522 511/1/476
f 440/1/477 511/1/476 586/1/478
f 488/1/479 576/1/474 486/1/473
f 440/1/477 486/1/473 577/1/480
f 488/1/479 586/1/478 510/2/481
f 441/1/482 510/2/481 588/1/483
f 490/1/484 583/1/490 484/1/468
f 441/1/482 484/1/468 576/1/474
f 442/1/485 503/1/488 589/1/486
f 509/1/487 587/1/522 501/1/475
f 442/1/485 501/1/475 577/1/480
f 487/1/472 584/1/471 503/1/488
f 443/1/489 485/1/469 583/1/490
f 495/1/491 582/1/502 496/1/492
f 496/1/492 585/1/497 497/1/493
f 497/1/493 584/1/471 485/1/469
f 508/1/494 591/1/505 505/1/495
f 444/1/496 505/1/495 585/1/497
f 496/1/492 582/1/502 498/1/498
f 444/1/496 498/1/498 590/1/499
f 507/1/500 590/1/499 498/1/498
f 445/1/501 498/1/498 582/1/502
f 495/1/491 583/1/490 490/1/484
f 445/1/501 490/1/484 588/1/483
f 506/1/503 589/1/486 503/1/488
f 446/1/504 503/1/488 584/1/471
f 446/1/504 497/1/493 585/1/497
f 446/1/504 505/1/495 591/1/505
f 494/1/506 580/1/519 491/1/507
f 447/1/508 491/1/507 589/1/486
f 506/1/503 591/1/505 499/1/509
f 447/1/508 499/1/509 581/1/510
f 448/1/511 492/1/515 579/1/512
f 504/1/513 590/1/499 507/1/500
f 448/1/511 507/1/500 588/1/483
f 502/2/514 578/1/526 492/1/515
f 493/1/516 581/1/510 499/1/509
f 449/1/517 499/1/509 591/1/505
f 508/1/494 590/1/499 504/1/513
f 449/1/517 504/1/513 579/1/512
f 450/1/518 491/1/507 580/1/519
f 483/1/520 575/1/1549 489/1/521
f 450/1/518 489/1/521 587/1/522
f 509/1/487 589/1/486 491/1/507
f 500/1/523 574/3/529 481/1/524
f 451/1/525 481/1/524 578/1/526
f 502/2/514 588/1/483 510/2/481
f 451/1/525 510/2/481 586/1/478
f 489/1/521 575/1/1549 482/1/527
f 452/1/528 482/1/527 574/1/529
f 500/1/523 586/1/478 511/1/476
f 452/1/528 511/1/476 587/1/522
f 515/1/530 601/1/552 516/1/531
f 453/1/532 516/1/531 602/2/533
f 518/2/534 595/1/542 517/1/535
f 453/1/532 517/1/535 594/1/536
f 532/1/537 605/1/584 542/1/538
f 454/1/539 542/1/538 604/1/540
f 519/1/541 594/1/536 517/1/535
f 454/1/539 517/1/535 595/1/542
f 519/1/541 604/1/540 541/1/543
f 455/1/544 541/1/543 606/1/545
f 521/1/546 601/1/552 515/1/530
f 455/1/544 515/1/530 594/1/536
f 456/1/547 534/1/550 607/2/548
f 540/3/549 605/3/584 532/3/537
f 456/1/547 532/3/537 595/1/542
f 518/2/534 602/2/533 534/1/550
f 457/1/551 516/1/531 601/1/552
f 526/1/553 600/1/564 527/1/554
f 527/1/554 603/1/559 528/1/555
f 528/1/555 602/1/533 516/1/531
f 539/1/556 609/1/567 536/1/557
f 458/1/558 536/1/557 603/1/559
f 527/1/554 600/1/564 529/1/560
f 458/1/558 529/1/560 608/1/561
f 538/1/562 608/1/561 529/1/560
f 459/1/563 529/1/560 600/1/564
f 526/1/553 601/1/552 521/1/546
f 459/1/563 521/1/546 606/1/545
f 537/2/565 607/2/548 534/1/550
f 460/3/566 534/1/550 602/2/533
f 460/1/566 528/1/555 603/1/559
f 460/1/566 536/1/557 609/1/567
f 525/3/568 598/3/581 522/1/569
f 461/3/570 522/1/569 607/2/548
f 537/1/565 609/1/567 530/1/571
f 461/1/570 530/1/571 599/1/572
f 462/1/573 523/1/577 597/1/574
f 535/1/575 608/1/561 538/1/562
f 462/1/573 538/1/562 606/1/545
f 533/1/576 596/1/588 523/1/577
f 524/1/578 599/1/572 530/1/571
f 463/1/579 530/1/571 609/1/567
f 539/1/556 608/1/561 535/1/575
f 463/1/579 535/1/575 597/1/574
f 464/2/580 522/1/569 598/3/581
f 514/3/582 593/3/1550 520/3/583
f 464/2/580 520/3/583 605/3/584
f 540/3/549 607/2/548 522/1/569
f 531/1/585 592/1/591 512/1/586
f 465/1/587 512/1/586 596/1/588
f 533/1/576 606/1/545 541/1/543
f 465/1/587 541/1/543 604/1/540
f 520/1/583 593/1/1550 513/1/589
f 466/1/590 513/1/589 592/1/591
f 531/1/585 604/1/540 542/1/538
f 466/1/590 542/1/538 605/1/584
f 546/1/592 619/1/614 547/1/593
f 467/1/594 547/1/593 620/1/595
f 549/1/596 613/1/604 548/1/597
f 467/1/594 548/1/597 612/1/598
f 563/1/599 623/1/646 573/1/600
f 468/1/601 573/1/600 622/1/602
f 550/1/603 612/1/598 548/1/597
f 468/1/601 548/1/597 613/1/604
f 550/3/603 622/3/602 572/3/605
f 469/1/606 572/3/605 624/1/607
f 552/1/608 619/1/614 546/1/592
f 469/1/606 546/1/592 612/1/598
f 470/1/609 565/1/612 625/1/610
f 571/1/611 623/1/646 563/1/599
f 470/1/609 563/1/599 613/1/604
f 549/1/596 620/1/595 565/1/612
f 471/1/613 547/1/593 619/1/614
f 557/1/615 618/1/626 558/1/616
f 558/1/616 621/1/621 559/1/617
f 559/1/617 620/1/595 547/1/593
f 570/1/618 627/1/629 567/1/619
f 472/1/620 567/1/619 621/1/621
f 558/1/616 618/1/626 560/1/622
f 472/1/620 560/1/622 626/1/623
f 569/1/624 626/1/623 560/3/622
f 473/3/625 560/3/622 618/1/626
f 557/1/615 619/1/614 552/1/608
f 473/3/625 552/1/608 624/1/607
f 568/1/627 625/1/610 565/1/612
f 474/1/628 565/1/612 620/1/595
f 474/1/628 559/1/617 621/1/621
f 474/1/628 567/1/619 627/1/629
f 556/1/630 616/1/643 553/1/631
f 475/1/632 553/1/631 625/1/610
f 568/1/627 627/1/629 561/1/633
f 475/1/632 561/1/633 617/1/634
f 476/1/635 554/1/639 615/1/636
f 566/1/637 626/1/623 569/1/624
f 476/1/635 569/1/624 624/1/607
f 564/1/638 614/1/650 554/1/639
f 555/1/640 617/1/634 561/1/633
f 477/1/641 561/1/633 627/1/629
f 570/1/618 626/1/623 566/1/637
f 477/1/641 566/1/637 615/1/636
f 478/1/642 553/1/631 616/1/643
f 545/1/644 611/1/1551 551/1/645
f 478/1/642 551/1/645 623/1/646
f 571/1/611 625/1/610 553/1/631
f 562/1/647 610/1/653 543/1/648
f 479/2/649 543/1/648 614/1/650
f 564/1/638 624/1/607 572/3/605
f 479/2/649 572/3/605 622/3/602
f 551/1/645 611/1/1551 544/1/651
f 480/1/652 544/1/651 610/1/653
f 562/1/647 622/1/602 573/1/600
f 480/1/652 573/1/600 623/1/646
f 674/1/654 772/1/676 673/1/655
f 628/1/656 676/1/659 773/1/657
f 675/1/658 766/1/666 676/1/659
f 628/1/656 673/1/655 765/1/660
f 700/1/661 776/1/708 690/1/662
f 629/1/663 677/1/665 775/1/664
f 675/1/658 765/1/660 677/1/665
f 629/1/663 690/1/662 766/1/666
f 699/1/667 775/1/664 677/1/665
f 630/1/668 679/1/670 777/1/669
f 673/1/655 772/1/676 679/1/670
f 630/1/668 677/1/665 765/1/660
f 631/1/671 698/1/674 778/1/672
f 690/1/662 776/1/708 698/1/674
f 631/1/671 676/1/659 766/1/666
f 692/1/673 773/1/657 676/1/659
f 632/1/675 684/1/678 772/1/676
f 685/1/677 771/1/688 684/1/678
f 686/1/679 774/1/683 685/1/677
f 674/1/654 773/1/657 686/1/679
f 694/1/680 780/1/691 697/1/681
f 633/1/682 685/1/677 774/1/683
f 687/1/684 771/1/688 685/1/677
f 633/1/682 697/1/681 779/1/685
f 687/1/684 779/1/685 696/1/686
f 634/1/687 684/1/678 771/1/688
f 679/1/670 772/1/676 684/1/678
f 634/1/687 696/1/686 777/1/669
f 692/1/673 778/1/672 695/1/689
f 635/1/690 686/1/679 773/1/657
f 635/1/690 694/1/680 774/1/683
f 635/1/690 695/1/689 780/1/691
f 680/1/692 769/1/705 683/1/693
f 636/1/694 695/1/689 778/1/672
f 688/1/695 780/1/691 695/1/689
f 636/1/694 683/1/693 770/1/696
f 637/1/697 693/1/700 768/1/698
f 696/1/686 779/1/685 693/1/700
f 637/1/697 691/1/701 777/1/669
f 681/1/699 767/1/712 691/1/701
f 688/1/695 770/1/696 682/1/702
f 638/1/703 697/1/681 780/1/691
f 693/1/700 779/1/685 697/1/681
f 638/1/703 682/1/702 768/1/698
f 639/1/704 672/1/707 769/1/705
f 678/1/706 764/1/1552 672/1/707
f 639/1/704 698/1/674 776/1/708
f 680/1/692 778/1/672 698/1/674
f 670/1/709 763/1/715 689/1/710
f 640/1/711 691/1/701 767/1/712
f 699/1/667 777/1/669 691/1/701
f 640/1/711 689/1/710 775/1/664
f 671/1/713 764/1/1552 678/1/706
f 641/1/714 689/1/710 763/1/715
f 700/1/661 775/1/664 689/1/710
f 641/1/714 678/1/706 776/1/708
f 705/1/716 790/1/738 704/1/717
f 642/1/718 707/1/721 791/1/719
f 706/1/720 784/1/728 707/1/721
f 642/1/718 704/1/717 783/1/722
f 731/1/723 794/1/770 721/1/724
f 643/1/725 708/1/727 793/1/726
f 706/1/720 783/1/722 708/1/727
f 643/1/725 721/1/724 784/1/728
f 730/1/729 793/1/726 708/1/727
f 644/1/730 710/1/732 795/1/731
f 704/1/717 790/1/738 710/1/732
f 644/1/730 708/1/727 783/1/722
f 645/1/733 729/1/736 796/1/734
f 721/1/724 794/1/770 729/1/736
f 645/1/733 707/1/721 784/1/728
f 723/1/735 791/1/719 707/1/721
f 646/1/737 715/1/740 790/1/738
f 716/1/739 789/1/750 715/1/740
f 717/1/741 792/1/745 716/1/739
f 705/1/716 791/1/719 717/1/741
f 725/1/742 798/1/753 728/1/743
f 647/1/744 716/1/739 792/1/745
f 718/1/746 789/1/750 716/1/739
f 647/1/744 728/1/743 797/1/747
f 718/1/746 797/1/747 727/1/748
f 648/1/749 715/1/740 789/1/750
f 710/1/732 790/1/738 715/1/740
f 648/1/749 727/1/748 795/1/731
f 723/1/735 796/1/734 726/1/751
f 649/1/752 717/1/741 791/1/719
f 649/1/752 725/1/742 792/1/745
f 649/1/752 726/1/751 798/1/753
f 711/1/754 787/1/767 714/1/755
f 650/1/756 726/1/751 796/1/734
f 719/1/757 798/1/753 726/1/751
f 650/1/756 714/1/755 788/1/758
f 651/1/759 724/1/762 786/1/760
f 727/1/748 797/1/747 724/1/762
f 651/1/759 722/1/763 795/1/731
f 712/1/761 785/1/774 722/1/763
f 719/1/757 788/1/758 713/1/764
f 652/1/765 728/1/743 798/1/753
f 724/1/762 797/1/747 728/1/743
f 652/1/765 713/1/764 786/1/760
f 653/1/766 703/1/769 787/1/767
f 709/1/768 782/1/1553 703/1/769
f 653/1/766 729/1/736 794/1/770
f 711/1/754 796/1/734 729/1/736
f 701/1/771 781/1/777 720/1/772
f 654/1/773 722/1/763 785/1/774
f 730/1/729 795/1/731 722/1/763
f 654/1/773 720/1/772 793/1/726
f 702/1/775 782/1/1553 709/1/768
f 655/1/776 720/1/772 781/1/777
f 731/1/723 793/1/726 720/1/772
f 655/1/776 709/1/768 794/1/770
f 736/1/778 808/1/800 735/1/779
f 656/1/780 738/1/783 809/1/781
f 737/1/782 802/1/790 738/1/783
f 656/1/780 735/1/779 801/1/784
f 762/1/785 812/1/832 752/1/786
f 657/1/787 739/1/789 811/1/788
f 737/1/782 801/1/784 739/1/789
f 657/1/787 752/1/786 802/1/790
f 761/1/791 811/1/788 739/1/789
f 658/1/792 741/1/794 813/1/793
f 735/1/779 808/1/800 741/1/794
f 658/1/792 739/1/789 801/1/784
f 659/1/795 760/1/798 814/1/796
f 752/1/786 812/1/832 760/1/798
f 659/1/795 738/1/783 802/1/790
f 754/1/797 809/1/781 738/1/783
f 660/1/799 746/1/802 808/1/800
f 747/1/801 807/1/812 746/1/802
f 748/1/803 810/1/807 747/1/801
f 736/1/778 809/1/781 748/1/803
f 756/1/804 816/1/815 759/1/805
f 661/1/806 747/1/801 810/1/807
f 749/1/808 807/1/812 747/1/801
f 661/1/806 759/1/805 815/1/809
f 749/1/808 815/1/809 758/1/810
f 662/1/811 746/1/802 807/1/812
f 741/1/794 808/1/800 746/1/802
f 662/1/811 758/1/810 813/1/793
f 754/1/797 814/1/796 757/1/813
f 663/1/814 748/1/803 809/1/781
f 663/1/814 756/1/804 810/1/807
f 663/1/814 757/1/813 816/1/815
f 742/1/816 805/1/829 745/1/817
f 664/1/818 757/1/813 814/1/796
f 750/1/819 816/1/815 757/1/813
f 664/1/818 745/1/817 806/1/820
f 665/1/821 755/1/824 804/1/822
f 758/1/810 815/1/809 755/1/824
f 665/1/821 753/1/825 813/1/793
f 743/1/823 803/1/836 753/1/825
f 750/1/819 806/1/820 744/1/826
f 666/1/827 759/1/805 816/1/815
f 755/1/824 815/1/809 759/1/805
f 666/1/827 744/1/826 804/1/822
f 667/1/828 734/1/831 805/1/829
f 740/1/830 800/1/1554 734/1/831
f 667/1/828 760/1/798 812/1/832
f 742/1/816 814/1/796 760/1/798
f 732/1/833 799/1/839 751/1/834
f 668/1/835 753/1/825 803/1/836
f 761/1/791 813/1/793 753/1/825
f 668/1/835 751/1/834 811/1/788
f 733/1/837 800/1/1554 740/1/830
f 669/1/838 751/1/834 799/1/839
f 762/1/785 811/1/788 751/1/834
f 669/1/838 740/1/830 812/1/832
f 817/5/840 990/5/846 1103/5/841
f 899/5/842 1071/5/995 905/5/843
f 817/5/840 905/5/843 1076/5/844
f 980/5/845 1107/5/870 990/5/846
f 818/5/847 907/5/853 1076/5/844
f 973/5/848 1082/5/901 920/5/849
f 818/5/847 920/5/849 1079/5/850
f 818/5/847 974/5/851 1073/5/852
f 989/5/854 1108/5/884 981/5/855
f 819/5/856 981/5/855 1112/5/857
f 903/5/858 1119/5/876 902/5/859
f 819/5/856 902/5/859 1106/5/860
f 919/5/861 1081/5/899 969/5/862
f 820/5/863 969/5/862 1075/5/864
f 820/5/863 897/5/865 1074/5/866
f 820/5/863 970/5/867 1080/5/868
f 821/5/869 988/5/872 1107/5/870
f 980/5/845 1076/5/844 907/5/853
f 821/5/869 907/5/853 1073/5/852
f 901/5/871 1105/5/999 988/5/872
f 916/5/873 1109/5/893 987/5/874
f 987/5/874 1106/5/860 902/5/859
f 822/5/875 902/5/859 1119/5/876
f 822/5/875 971/5/877 1128/5/878
f 986/5/879 1104/5/1004 900/5/880
f 823/5/881 900/5/880 1114/5/882
f 898/5/883 1112/5/857 981/5/855
f 823/5/881 981/5/855 1108/5/884
f 824/6/885 911/6/891 1077/6/886
f 912/6/887 1081/6/899 913/6/888
f 913/6/888 1082/6/901 914/6/889
f 824/6/885 914/6/889 1078/6/890
f 825/6/892 985/6/897 1109/6/893
f 916/6/873 1128/6/878 917/6/894
f 917/6/894 1127/6/1555 983/6/895
f 825/6/892 983/6/895 1110/6/896
f 826/6/898 913/6/888 1081/6/899
f 919/6/861 1080/6/868 915/6/900
f 915/6/900 1079/6/850 920/6/849
f 826/6/898 920/6/849 1082/6/901
f 984/5/902 1110/5/896 983/5/895
f 983/5/895 1127/5/1555 975/5/904
f 827/5/903 975/5/904 1118/5/905
f 978/5/906 1105/5/999 984/5/902
f 828/4/907 936/4/914 1099/4/908
f 967/4/909 1098/4/989 956/4/910
f 828/4/907 956/4/910 1086/4/911
f 828/4/907 925/4/912 1088/4/913
f 966/4/915 1102/4/973 960/4/916
f 960/4/916 1091/4/935 928/4/918
f 829/4/917 928/4/918 1086/4/911
f 956/4/919 1098/4/919 966/4/915
f 926/4/920 1097/4/983 965/4/921
f 965/4/921 1100/4/940 940/4/923
f 830/4/922 940/4/923 1090/4/924
f 830/4/922 939/4/925 1085/4/926
f 831/4/927 964/4/933 1101/4/928
f 959/4/929 1148/4/968 931/4/930
f 831/4/927 931/4/930 1135/4/931
f 955/4/932 1097/4/983 964/4/933
f 832/4/934 928/4/918 1091/4/935
f 832/4/934 950/4/936 1093/4/937
f 935/4/938 1088/4/913 925/4/912
f 832/4/934 925/4/912 1086/4/911
f 833/4/939 940/4/923 1100/4/940
f 963/4/941 1099/4/908 936/4/914
f 936/4/914 1088/4/913 934/4/942
f 833/4/939 934/4/942 1090/4/924
f 935/4/938 1093/4/937 949/4/943
f 834/4/944 949/4/943 1094/4/945
f 941/4/946 1090/4/924 934/4/942
f 834/4/944 934/4/942 1088/4/913
f 941/4/946 1094/4/945 948/4/947
f 835/4/948 948/4/947 1092/4/949
f 835/4/948 930/4/950 1085/4/926
f 835/4/948 939/4/951 1090/4/924
f 947/4/952 1089/4/958 937/4/953
f 836/4/954 937/4/953 1084/4/955
f 944/4/956 1092/4/949 948/4/947
f 836/4/954 948/4/947 1094/4/945
f 946/4/957 1087/4/958 932/4/958
f 837/4/959 932/4/958 1089/4/958
f 947/4/952 1094/4/945 949/4/943
f 837/4/959 949/4/943 1093/4/937
f 838/4/960 942/4/963 1083/4/961
f 838/4/960 921/4/962 1087/4/958
f 946/4/957 1093/4/937 950/4/936
f 950/4/936 1091/4/935 942/4/963
f 962/4/964 1095/4/965 953/4/965
f 953/4/965 1132/4/965 945/4/967
f 839/4/966 945/4/967 1148/4/968
f 959/4/929 1101/4/928 962/4/964
f 961/4/969 1096/4/972 954/4/970
f 954/4/970 1083/4/961 942/4/963
f 840/4/971 942/4/963 1091/4/935
f 960/4/916 1102/4/973 961/4/969
f 929/4/969 1131/4/972 923/4/972
f 923/4/972 1096/4/972 961/4/969
f 961/4/969 1102/4/973 952/4/973
f 952/4/973 1146/4/973 929/4/969
f 944/4/956 1084/4/955 922/4/974
f 922/4/965 1095/4/965 962/4/964
f 842/4/975 962/4/964 1101/4/928
f 842/4/975 951/4/976 1092/4/949
f 843/4/977 958/4/981 1143/4/978
f 933/4/979 1140/4/1556 957/4/980
f 843/4/977 957/4/980 1099/4/908
f 963/4/941 1100/4/1557 958/4/981
f 844/4/982 930/4/950 1092/4/949
f 951/4/976 1101/4/928 964/4/933
f 844/4/982 964/4/933 1097/4/983
f 844/4/982 926/4/920 1085/4/926
f 955/4/932 1135/4/931 938/4/984
f 845/4/985 938/4/984 1143/4/978
f 958/4/981 1100/4/1557 965/4/986
f 845/4/985 965/4/986 1097/4/983
f 846/4/915 943/4/915 1146/4/973
f 952/4/973 1102/4/973 966/4/915
f 966/4/915 1098/4/919 927/4/919
f 927/4/919 1136/4/919 943/4/915
f 957/4/980 1140/4/1556 924/4/987
f 924/4/987 1136/4/989 927/4/989
f 927/4/989 1098/4/989 967/4/909
f 967/4/909 1099/4/908 957/4/980
f 912/5/887 1077/5/886 968/5/990
f 848/5/991 968/5/990 1072/5/992
f 904/5/993 1075/5/864 969/5/862
f 848/5/991 969/5/862 1081/5/899
f 849/5/994 905/5/843 1071/5/995
f 972/5/996 1078/5/890 914/5/889
f 849/5/994 914/5/889 1082/5/901
f 973/5/848 1076/5/844 905/5/843
f 974/5/851 1079/5/850 918/5/997
f 850/5/998 918/5/997 1110/5/896
f 850/5/998 984/5/902 1105/5/999
f 901/5/871 1073/5/852 974/5/851
f 851/6/1000 915/6/900 1080/6/868
f 982/6/1001 1109/6/893 985/6/897
f 985/6/897 1110/6/896 918/6/997
f 851/6/1000 918/6/997 1079/6/850
f 904/5/993 1072/5/992 977/5/1002
f 852/5/1003 977/5/1002 1104/5/1004
f 986/5/879 1108/5/884 910/5/1005
f 852/5/1003 910/5/1005 1075/5/864
f 982/5/1001 1080/5/868 970/5/867
f 970/5/867 1074/5/866 979/5/1007
f 979/5/1007 1106/5/860 987/5/874
f 853/5/1006 987/5/874 1109/5/893
f 854/5/1008 908/5/1011 1122/5/1009
f 909/5/1010 1107/5/870 988/5/872
f 854/5/1008 988/5/872 1105/5/999
f 978/5/906 1118/5/905 908/5/1011
f 897/5/865 1075/5/864 910/5/1005
f 855/5/1012 910/5/1005 1108/5/884
f 989/5/854 1106/5/860 979/5/1007
f 855/5/1012 979/5/1007 1074/5/866
f 856/5/1013 906/5/1016 1115/5/1014
f 976/5/1015 1103/5/841 990/5/846
f 856/5/1013 990/5/846 1107/5/870
f 909/5/1010 1122/5/1009 906/5/1016
f 857/5/1017 992/5/1023 1159/5/1018
f 1070/5/1019 1163/5/1045 1060/5/1020
f 857/5/1017 1060/5/1020 1121/5/1021
f 997/5/1022 1111/5/1150 992/5/1023
f 858/5/1024 1054/5/1030 1121/5/1021
f 858/5/1024 998/5/1025 1116/5/1026
f 858/5/1024 1055/7/1027 1125/5/1028
f 1009/7/1029 1130/5/1069 1054/5/1030
f 1061/5/1031 1164/5/1054 1069/5/1032
f 859/5/1033 1069/5/1032 1162/5/1034
f 995/5/1035 1119/5/876 903/5/858
f 859/5/1033 903/5/858 1112/5/857
f 1051/5/1036 1129/5/1068 1008/8/1037
f 860/5/1038 1008/8/1037 1126/7/1039
f 860/5/1038 1052/5/1040 1117/5/1041
f 860/5/1038 991/7/1042 1120/5/1043
f 861/5/1044 1060/5/1020 1163/5/1045
f 1068/5/1046 1161/5/1154 994/5/1047
f 861/5/1044 994/5/1047 1116/5/1026
f 998/5/1025 1121/5/1021 1060/5/1020
f 1067/5/1048 1165/5/1063 1006/5/1049
f 862/5/1050 1006/5/1049 1128/5/878
f 862/5/1050 971/5/877 1119/5/876
f 995/5/1035 1162/5/1034 1067/5/1048
f 993/5/1051 1160/5/1160 1066/5/1052
f 863/5/1053 1066/5/1052 1164/5/1054
f 1061/5/1031 1112/5/857 898/5/883
f 863/5/1053 898/5/883 1114/5/882
f 864/6/1055 1002/6/1061 1123/6/1056
f 864/6/1055 1001/6/1057 1124/6/1058
f 1004/6/1059 1130/6/1069 1003/6/1060
f 1003/6/1060 1129/6/1068 1002/6/1061
f 865/6/1062 1006/6/1049 1165/6/1063
f 865/6/1062 1065/6/1064 1166/6/1065
f 1063/6/1066 1127/6/1555 917/6/894
f 917/6/894 1128/6/878 1006/6/1049
f 866/6/1067 1008/6/1037 1129/6/1068
f 866/6/1067 1003/6/1060 1130/6/1069
f 1009/6/1029 1125/6/1028 1005/6/1070
f 1005/6/1070 1126/6/1039 1008/6/1037
f 1063/5/1066 1166/5/1065 1064/5/1071
f 1064/5/1071 1161/5/1154 1058/5/1073
f 867/5/1072 1058/5/1073 1118/5/905
f 975/5/904 1127/5/1555 1063/5/1066
f 868/4/1074 1049/4/1081 1155/4/1075
f 868/4/1074 1021/4/1076 1141/4/1077
f 868/4/1074 1013/4/1078 1138/4/1079
f 1038/4/1080 1154/4/989 1049/4/1081
f 1042/4/1082 1158/4/973 1048/4/915
f 1048/4/915 1154/4/919 1038/4/919
f 869/4/1083 1038/4/1080 1138/4/1079
f 1016/4/1084 1145/4/1099 1042/4/1082
f 1047/4/1085 1153/4/1141 1014/4/1086
f 870/4/1087 1014/4/1086 1137/4/1088
f 870/4/1087 1023/4/1089 1144/4/1090
f 1024/4/1091 1156/4/1104 1047/4/1085
f 871/4/1092 1041/4/1097 1157/4/1093
f 1046/4/1094 1153/4/1141 1037/4/1095
f 871/4/1092 1037/4/1095 1135/4/1096
f 931/4/930 1148/4/968 1041/4/1097
f 872/4/1098 1032/4/1102 1145/4/1099
f 872/4/1098 1016/4/1084 1138/4/1079
f 1013/4/1078 1141/4/1077 1020/4/1100
f 872/4/1098 1020/4/1100 1149/4/1101
f 873/4/1103 1045/4/1106 1156/4/1104
f 873/4/1103 1024/4/1091 1144/4/1090
f 1019/4/1105 1141/4/1077 1021/4/1076
f 1021/4/1076 1155/4/1075 1045/4/1106
f 1031/4/1107 1149/4/1101 1020/4/1100
f 874/4/1108 1020/4/1100 1141/4/1077
f 1019/4/1105 1144/4/1090 1025/4/1109
f 874/4/1108 1025/4/1109 1150/4/1110
f 1030/4/1111 1150/4/1110 1025/4/1109
f 875/4/1112 1025/4/1109 1144/4/1090
f 875/4/1112 1023/4/1113 1137/4/1088
f 875/4/1112 1017/4/1114 1147/4/1115
f 1022/4/1116 1142/4/1121 1029/4/1117
f 876/4/1118 1029/4/1117 1150/4/1110
f 1030/4/1111 1147/4/1115 1027/4/1119
f 876/4/1118 1027/4/1119 1134/4/1120
f 1018/4/1121 1139/4/1121 1028/4/1122
f 877/4/1123 1028/4/1122 1149/4/1101
f 1031/4/1107 1150/4/1110 1029/4/1117
f 877/4/1123 1029/4/1117 1142/4/1121
f 878/4/1124 1010/4/1127 1133/4/1125
f 1026/4/1126 1145/4/1099 1032/4/1102
f 1032/4/1102 1149/4/1101 1028/4/1122
f 878/4/1124 1028/4/1122 1139/4/1121
f 1035/4/965 1151/4/965 1044/4/1128
f 1044/4/1128 1157/4/1093 1041/4/1097
f 879/4/1129 1041/4/1097 1148/4/968
f 945/4/967 1132/4/965 1035/4/965
f 1036/4/1130 1152/4/972 1043/4/969
f 1043/4/969 1158/4/973 1042/4/1082
f 880/4/1131 1042/4/1082 1145/4/1099
f 1026/4/1126 1133/4/1125 1036/4/1130
f 1012/4/972 1131/4/972 929/4/969
f 929/4/969 1146/4/973 1034/4/973
f 1034/4/973 1158/4/973 1043/4/969
f 1043/4/969 1152/4/972 1012/4/972
f 1011/4/1132 1134/4/1120 1027/4/1119
f 882/4/1133 1027/4/1119 1147/4/1115
f 882/4/1133 1033/4/1134 1157/4/1093
f 1044/4/1128 1151/4/965 1011/4/965
f 883/4/1135 933/4/1139 1143/4/1136
f 1040/4/1137 1156/4/1558 1045/4/1106
f 883/4/1135 1045/4/1106 1155/4/1075
f 1039/4/1138 1140/4/1556 933/4/1139
f 884/4/1140 1033/4/1134 1147/4/1115
f 884/4/1140 1017/4/1114 1137/4/1088
f 884/4/1140 1014/4/1086 1153/4/1141
f 1046/4/1094 1157/4/1093 1033/4/1134
f 938/4/1142 1135/4/1096 1037/4/1095
f 885/4/1143 1037/4/1095 1153/4/1141
f 1047/4/1144 1156/4/1558 1040/4/1137
f 885/4/1143 1040/4/1137 1143/4/1136
f 1034/4/973 1146/4/973 943/4/915
f 943/4/915 1136/4/919 1015/4/919
f 1015/4/919 1154/4/919 1048/4/915
f 1048/4/915 1158/4/973 1034/4/973
f 924/4/987 1140/4/1556 1039/4/1138
f 1039/4/1138 1155/4/1075 1049/4/1081
f 1049/4/1081 1154/4/989 1015/4/989
f 1015/4/989 1136/4/989 924/4/987
f 1050/8/1145 1123/7/1056 1002/5/1061
f 888/8/1146 1002/5/1061 1129/5/1068
f 1051/5/1036 1120/5/1043 996/5/1147
f 888/8/1146 996/5/1147 1113/8/1148
f 889/5/1149 1053/5/1151 1111/5/1150
f 997/5/1022 1121/5/1021 1054/5/1030
f 889/5/1149 1054/5/1030 1130/5/1069
f 1004/8/1059 1124/5/1058 1053/5/1151
f 1007/5/1152 1125/5/1028 1055/7/1027
f 1055/5/1027 1116/5/1026 994/5/1047
f 890/5/1153 994/5/1047 1161/5/1154
f 890/5/1153 1064/5/1071 1166/5/1065
f 891/6/1155 1062/6/1156 1126/6/1039
f 891/6/1155 1005/6/1070 1125/6/1028
f 1007/6/1152 1166/6/1065 1065/6/1064
f 1065/6/1064 1165/6/1063 1062/6/1156
f 1057/5/1157 1113/5/1148 996/5/1147
f 892/5/1158 996/5/1147 1120/5/1043
f 1000/5/1159 1164/5/1054 1066/5/1052
f 892/5/1158 1066/5/1052 1160/5/1160
f 1052/5/1040 1126/7/1039 1062/5/1156
f 893/5/1161 1062/5/1156 1165/5/1063
f 1067/5/1048 1162/5/1034 1059/5/1162
f 1059/5/1162 1117/5/1041 1052/5/1040
f 894/5/1163 999/5/1164 1122/5/1009
f 908/5/1011 1118/5/905 1058/5/1073
f 894/5/1163 1058/5/1073 1161/5/1154
f 1068/5/1046 1163/5/1045 999/5/1164
f 1000/8/1159 1120/5/1043 991/7/1042
f 895/5/1165 991/5/1042 1117/5/1041
f 1059/5/1162 1162/5/1034 1069/5/1032
f 895/5/1165 1069/5/1032 1164/5/1054
f 896/5/1166 1056/5/1167 1115/5/1014
f 906/5/1016 1122/5/1009 999/5/1164
f 896/5/1166 999/5/1164 1163/5/1045
f 1070/5/1019 1159/5/1018 1056/5/1167
f 1169/9/1168 1168/9/1188 1179/9/1169
f 1172/9/1177 1183/9/1191 1184/9/1178
f 1170/9/1180 1169/9/1168 1180/9/1170
f 1344/9/1174 1177/9/1176 1178/9/1182
f 1173/9/1179 1184/9/1178 1185/9/1184
f 1170/9/1180 1181/9/1181 1182/9/1186
f 1168/9/1188 1167/9/1183 1178/9/1182
f 1175/9/1172 1174/9/1185 1185/9/1184
f 1172/9/1177 1171/9/1187 1182/9/1186
f 1184/9/1178 1196/9/1201 1197/9/1192
f 1181/9/1181 1193/9/1202 1194/9/1193
f 1179/9/1169 1178/9/1182 1190/9/1194
f 1185/9/1184 1197/9/1192 1198/9/1196
f 1183/9/1191 1182/9/1186 1194/9/1193
f 1180/9/1170 1179/9/1169 1191/9/1195
f 1176/9/1175 1188/9/1203 1189/9/1200
f 1183/9/1191 1195/9/1198 1196/9/1201
f 1180/9/1170 1192/9/1199 1193/9/1202
f 1178/9/1182 1177/9/1176 1189/9/1200
f 1188/9/1203 1199/9/1214 1200/9/1204
f 1196/9/1201 1195/9/1198 1206/9/1205
f 1193/9/1202 1192/9/1199 1203/9/1207
f 1189/9/1200 1200/9/1204 1201/9/1209
f 1197/9/1192 1196/9/1201 1207/9/1206
f 1193/9/1202 1204/9/1208 1205/9/1211
f 1190/9/1194 1201/9/1209 1202/9/1212
f 1197/9/1192 1208/9/1210 1209/9/1213
f 1350/9/1197 1349/9/1217 1199/9/1214
f 1194/9/1193 1205/9/1211 1206/9/1205
f 1191/9/1195 1202/9/1212 1203/9/1207
f 1209/9/1213 1208/9/1210 1219/9/1215
f 1349/9/1217 1351/9/1353 1210/9/1218
f 1205/9/1211 1216/9/1225 1217/9/1219
f 1202/9/1212 1213/9/1226 1214/9/1220
f 1199/9/1214 1210/9/1218 1211/9/1221
f 1206/9/1205 1217/9/1219 1218/9/1222
f 1204/9/1208 1203/9/1207 1214/9/1220
f 1201/9/1209 1200/9/1204 1211/9/1221
f 1207/9/1206 1218/9/1222 1219/9/1215
f 1205/9/1211 1204/9/1208 1215/9/1223
f 1202/9/1212 1201/9/1209 1212/9/1224
f 1211/9/1221 1222/9/1236 1223/9/1227
f 1218/9/1222 1229/9/1237 1230/9/1228
f 1215/9/1223 1226/9/1238 1227/9/1229
f 1212/9/1224 1223/9/1227 1224/9/1230
f 1219/9/1215 1230/9/1228 1231/9/1231
f 1210/9/1218 1351/9/1353 1352/9/1232
f 1217/9/1219 1216/9/1225 1227/9/1229
f 1214/9/1220 1213/9/1226 1224/9/1230
f 1211/9/1221 1210/9/1218 1221/9/1233
f 1217/9/1219 1228/9/1234 1229/9/1237
f 1215/9/1223 1214/9/1220 1225/9/1235
f 1221/9/1233 1232/9/1247 1233/9/1240
f 1228/9/1234 1239/9/1248 1240/9/1241
f 1225/9/1235 1236/9/1249 1237/9/1242
f 1223/9/1227 1222/9/1236 1233/9/1240
f 1229/9/1237 1240/9/1241 1241/9/1244
f 1226/9/1238 1237/9/1242 1238/9/1245
f 1223/9/1227 1234/9/1243 1235/9/1246
f 1231/9/1231 1230/9/1228 1241/9/1244
f 1228/9/1234 1227/9/1229 1238/9/1245
f 1225/9/1235 1224/9/1230 1235/9/1246
f 1234/9/1243 1245/9/1260 1246/9/1250
f 1242/9/1239 1241/9/1244 1252/9/1251
f 1239/9/1248 1238/9/1245 1249/9/1254
f 1235/9/1246 1246/9/1250 1247/9/1256
f 1240/9/1241 1239/9/1248 1250/9/1255
f 1236/9/1249 1247/9/1256 1248/9/1259
f 1234/9/1243 1233/9/1240 1244/9/1257
f 1240/9/1241 1251/9/1258 1252/9/1251
f 1238/9/1245 1237/9/1242 1248/9/1259
f 1245/9/1260 1244/9/1257 1255/9/1261
f 1251/9/1258 1262/9/1270 1263/9/1263
f 1248/9/1259 1259/9/1271 1260/9/1264
f 1245/9/1260 1256/9/1262 1257/9/1265
f 1253/9/1252 1252/9/1251 1263/9/1263
f 1250/9/1255 1249/9/1254 1260/9/1264
f 1246/9/1250 1257/9/1265 1258/9/1269
f 1243/6/1253 1254/6/1267 1255/6/1261
f 1251/9/1258 1250/9/1255 1261/9/1268
f 1247/9/1256 1258/9/1269 1259/9/1271
f 1258/9/1269 1257/9/1265 1269/9/1272
f 1261/9/1268 1273/9/1282 1274/9/1277
f 1259/9/1271 1258/9/1269 1270/9/1273
f 1255/9/1261 1267/9/1276 1268/9/1279
f 1262/9/1270 1274/9/1277 1275/9/1280
f 1259/9/1271 1271/9/1278 1272/9/1281
f 1256/9/1262 1268/9/1279 1269/9/1272
f 1264/9/1266 1263/9/1263 1275/9/1280
f 1260/9/1264 1272/9/1281 1273/9/1282
f 1269/9/1272 1268/9/1279 1279/9/1283
f 1275/9/1280 1286/9/1293 1287/9/1285
f 1272/9/1281 1283/9/1294 1284/9/1287
f 1270/9/1273 1269/9/1272 1280/9/1284
f 1267/9/1276 1266/9/1275 1277/9/1289
f 1273/9/1282 1284/9/1287 1285/9/1291
f 1271/9/1278 1270/9/1273 1281/9/1288
f 1268/9/1279 1267/9/1276 1278/9/1290
f 1274/9/1277 1285/9/1291 1286/9/1293
f 1272/9/1281 1271/9/1278 1282/9/1292
f 1282/9/1292 1281/9/1288 1292/9/1295
f 1278/9/1290 1289/9/1305 1290/9/1297
f 1286/9/1293 1285/9/1291 1296/9/1298
f 1283/9/1294 1282/9/1292 1293/9/1296
f 1279/9/1283 1290/9/1297 1291/9/1301
f 1287/9/1285 1286/9/1293 1297/9/1299
f 1346/9/1286 1348/9/1316 1288/9/1303
f 1283/9/1294 1294/9/1300 1295/9/1304
f 1280/9/1284 1291/9/1301 1292/9/1295
f 1277/9/1289 1288/9/1303 1289/9/1305
f 1284/9/1287 1295/9/1304 1296/9/1298
f 1292/9/1295 1291/9/1301 1302/9/1306
f 1289/9/1305 1288/9/1303 1299/9/1309
f 1295/9/1304 1306/9/1317 1307/9/1311
f 1292/9/1295 1303/9/1307 1304/9/1312
f 1289/9/1305 1300/9/1310 1301/9/1313
f 1296/9/1298 1307/9/1311 1308/9/1314
f 1293/9/1296 1304/9/1312 1305/9/1315
f 1291/9/1301 1290/9/1297 1301/9/1313
f 1297/9/1299 1308/9/1314 1309/9/1308
f 1348/9/1316 1345/9/1352 1299/9/1309
f 1294/9/1300 1305/9/1315 1306/9/1317
f 1305/9/1315 1304/9/1312 1315/9/1318
f 1301/9/1313 1312/9/1329 1313/9/1320
f 1309/9/1308 1308/9/1314 1319/9/1321
f 1299/9/1309 1345/9/1352 1347/9/1323
f 1306/9/1317 1305/9/1315 1316/9/1319
f 1302/9/1306 1313/9/1320 1314/9/1326
f 1300/9/1310 1299/9/1309 1310/9/1324
f 1307/9/1311 1306/9/1317 1317/9/1325
f 1303/9/1307 1314/9/1326 1315/9/1318
f 1301/9/1313 1300/9/1310 1311/9/1327
f 1308/9/1314 1307/9/1311 1318/9/1328
f 1314/9/1326 1325/9/1339 1326/9/1330
f 1312/9/1329 1311/9/1327 1322/9/1331
f 1318/9/1328 1329/9/1340 1330/9/1333
f 1315/9/1318 1326/9/1330 1327/9/1334
f 1312/9/1329 1323/9/1332 1324/9/1335
f 1319/9/1321 1330/9/1333 1331/9/1336
f 1316/9/1319 1327/9/1334 1328/9/1338
f 1314/9/1326 1313/9/1320 1324/9/1335
f 1311/9/1327 1310/9/1324 1321/9/1337
f 1318/9/1328 1317/9/1325 1328/9/1338
f 1327/9/1334 1338/9/1350 1339/9/1341
f 1325/9/1339 1324/9/1335 1335/9/1342
f 1329/9/1340 1328/9/1338 1339/9/1341
f 1325/9/1339 1336/9/1343 1337/9/1347
f 1323/9/1332 1322/9/1331 1333/9/1345
f 1329/9/1340 1340/9/1346 1341/9/1349
f 1327/9/1334 1326/9/1330 1337/9/1347
f 1323/9/1332 1334/9/1348 1335/9/1342
f 1331/9/1336 1330/9/1333 1341/9/1349
f 1337/9/1347 1170/9/1180 1171/9/1187
f 1335/9/1342 1334/9/1348 1167/9/1183
f 1342/9/1344 1341/9/1349 1174/9/1185
f 1339/9/1341 1338/9/1350 1171/9/1187
f 1335/9/1342 1168/9/1188 1169/9/1168
f 1332/6/1351 1343/6/1189 1344/6/1174
f 1339/9/1341 1172/9/1177 1173/9/1179
f 1337/9/1347 1336/9/1343 1169/9/1168
f 1333/9/1345 1344/9/1174 1167/9/1183
f 1340/9/1346 1173/9/1179 1174/9/1185
f 1355/9/1354 1366/9/1382 1365/9/1355
f 1370/9/1363 1369/9/1381 1358/9/1364
f 1367/9/1366 1366/9/1382 1355/9/1354
f 1364/9/1368 1363/9/1361 1530/9/1360
f 1371/9/1370 1370/9/1363 1359/9/1365
f 1368/9/1372 1367/9/1366 1356/9/1367
f 1354/9/1356 1365/9/1355 1364/9/1368
f 1361/9/1359 1372/9/1358 1371/9/1370
f 1358/9/1364 1369/9/1381 1368/9/1372
f 1383/9/1376 1382/9/1385 1370/9/1363
f 1380/9/1377 1379/9/1386 1367/9/1366
f 1365/9/1355 1377/9/1383 1376/9/1378
f 1384/9/1379 1383/9/1376 1371/9/1370
f 1369/9/1381 1381/9/1390 1380/9/1377
f 1366/9/1382 1378/9/1392 1377/9/1383
f 1375/9/1384 1374/9/1388 1362/9/1362
f 1382/9/1385 1381/9/1390 1369/9/1381
f 1379/9/1386 1378/9/1392 1366/9/1382
f 1364/9/1368 1376/9/1378 1375/9/1384
f 1386/9/1387 1385/9/1398 1374/9/1388
f 1382/9/1385 1393/9/1394 1392/9/1389
f 1379/9/1386 1390/9/1409 1389/9/1391
f 1387/9/1393 1386/9/1387 1375/9/1384
f 1383/9/1376 1394/9/1400 1393/9/1394
f 1391/9/1395 1390/9/1409 1379/9/1386
f 1388/9/1396 1387/9/1393 1376/9/1378
f 1395/9/1397 1394/9/1400 1383/9/1376
f 1385/9/1398 1535/9/1402 1536/9/1380
f 1392/9/1389 1391/9/1395 1380/9/1377
f 1389/9/1391 1388/9/1396 1377/9/1383
f 1395/9/1397 1406/9/1405 1405/9/1399
f 1396/9/1401 1537/9/1419 1535/9/1402
f 1403/9/1403 1402/9/1413 1391/9/1395
f 1400/9/1404 1399/9/1416 1388/9/1396
f 1397/9/1406 1396/9/1401 1385/9/1398
f 1404/9/1407 1403/9/1403 1392/9/1389
f 1401/9/1408 1400/9/1404 1389/9/1391
f 1387/9/1393 1398/9/1410 1397/9/1406
f 1394/9/1400 1405/9/1399 1404/9/1407
f 1391/9/1395 1402/9/1413 1401/9/1408
f 1388/9/1396 1399/9/1416 1398/9/1410
f 1409/9/1411 1408/9/1426 1397/9/1406
f 1416/9/1412 1415/9/1422 1404/9/1407
f 1402/9/1413 1413/9/1420 1412/9/1414
f 1410/9/1415 1409/9/1411 1398/9/1410
f 1417/9/1417 1416/9/1412 1405/9/1399
f 1396/9/1401 1407/9/1421 1538/9/1418
f 1403/9/1403 1414/9/1428 1413/9/1420
f 1400/9/1404 1411/9/1423 1410/9/1415
f 1397/9/1406 1408/9/1426 1407/9/1421
f 1415/9/1422 1414/9/1428 1403/9/1403
f 1401/9/1408 1412/9/1414 1411/9/1423
f 1419/9/1425 1418/9/1433 1407/9/1421
f 1426/9/1427 1425/9/1438 1414/9/1428
f 1423/9/1429 1422/9/1441 1411/9/1423
f 1409/9/1411 1420/9/1435 1419/9/1425
f 1427/9/1430 1426/9/1427 1415/9/1422
f 1424/9/1431 1423/9/1429 1412/9/1414
f 1421/9/1432 1420/9/1435 1409/9/1411
f 1417/9/1417 1428/9/1424 1427/9/1430
f 1414/9/1428 1425/9/1438 1424/9/1431
f 1411/9/1423 1422/9/1441 1421/9/1432
f 1432/9/1434 1431/9/1446 1420/9/1435
f 1428/9/1424 1439/9/1442 1438/9/1436
f 1425/9/1438 1436/9/1444 1435/9/1439
f 1433/9/1440 1432/9/1434 1421/9/1432
f 1426/9/1427 1437/9/1449 1436/9/1444
f 1434/9/1445 1433/9/1440 1422/9/1441
f 1420/9/1435 1431/9/1446 1430/9/1443
f 1438/9/1436 1437/9/1449 1426/9/1427
f 1424/9/1431 1435/9/1439 1434/9/1445
f 1431/9/1446 1442/9/1465 1441/9/1447
f 1449/9/1448 1448/9/1462 1437/9/1449
f 1446/9/1450 1445/9/1456 1434/9/1445
f 1443/9/1451 1442/9/1465 1431/9/1446
f 1439/9/1442 1450/9/1454 1449/9/1448
f 1436/9/1444 1447/9/1455 1446/9/1450
f 1444/9/1453 1443/9/1451 1432/9/1434
f 1441/6/1447 1440/6/1452 1429/6/1437
f 1437/9/1449 1448/9/1462 1447/9/1455
f 1445/9/1456 1444/9/1453 1433/9/1440
f 1444/9/1453 1456/9/1463 1455/9/1457
f 1460/9/1461 1459/9/1468 1447/9/1455
f 1445/9/1456 1457/9/1476 1456/9/1463
f 1454/9/1464 1453/9/1459 1441/9/1447
f 1461/9/1466 1460/9/1461 1448/9/1462
f 1458/9/1467 1457/9/1476 1445/9/1456
f 1455/9/1457 1454/9/1464 1442/9/1465
f 1450/9/1454 1462/9/1458 1461/9/1466
f 1459/9/1468 1458/9/1467 1446/9/1450
f 1455/9/1457 1466/9/1473 1465/9/1469
f 1473/9/1470 1472/9/1479 1461/9/1466
f 1470/9/1472 1469/9/1484 1458/9/1467
f 1456/9/1463 1467/9/1477 1466/9/1473
f 1453/9/1459 1464/9/1478 1463/9/1474
f 1471/9/1475 1470/9/1472 1459/9/1468
f 1457/9/1476 1468/9/1480 1467/9/1477
f 1454/9/1464 1465/9/1469 1464/9/1478
f 1472/9/1479 1471/9/1475 1460/9/1461
f 1458/9/1467 1469/9/1484 1468/9/1480
f 1468/9/1480 1479/9/1485 1478/9/1481
f 1476/9/1482 1475/9/1491 1464/9/1478
f 1472/9/1479 1483/9/1487 1482/9/1483
f 1469/9/1484 1480/9/1500 1479/9/1485
f 1477/9/1486 1476/9/1482 1465/9/1469
f 1473/9/1470 1484/9/1490 1483/9/1487
f 1474/9/1488 1534/9/1501 1532/9/1471
f 1481/9/1489 1480/9/1500 1469/9/1484
f 1478/9/1481 1477/9/1486 1466/9/1473
f 1475/9/1491 1474/9/1488 1463/9/1474
f 1482/9/1483 1481/9/1489 1470/9/1472
f 1478/9/1481 1489/9/1510 1488/9/1492
f 1475/9/1491 1486/9/1512 1485/9/1494
f 1493/9/1495 1492/9/1502 1481/9/1489
f 1490/9/1496 1489/9/1510 1478/9/1481
f 1487/9/1497 1486/9/1512 1475/9/1491
f 1494/9/1498 1493/9/1495 1482/9/1483
f 1491/9/1499 1490/9/1496 1479/9/1485
f 1477/9/1486 1488/9/1492 1487/9/1497
f 1495/9/1493 1494/9/1498 1483/9/1487
f 1485/9/1494 1531/9/1507 1534/9/1501
f 1492/9/1502 1491/9/1499 1480/9/1500
f 1491/9/1499 1502/9/1508 1501/9/1503
f 1499/9/1504 1498/9/1517 1487/9/1497
f 1495/9/1493 1506/9/1511 1505/9/1505
f 1485/9/1494 1496/9/1513 1533/9/1506
f 1492/9/1502 1503/9/1525 1502/9/1508
f 1500/9/1509 1499/9/1504 1488/9/1492
f 1486/9/1512 1497/9/1515 1496/9/1513
f 1504/9/1514 1503/9/1525 1492/9/1502
f 1501/9/1503 1500/9/1509 1489/9/1510
f 1487/9/1497 1498/9/1517 1497/9/1515
f 1494/9/1498 1505/9/1505 1504/9/1514
f 1512/9/1516 1511/9/1528 1500/9/1509
f 1498/9/1517 1509/9/1521 1508/9/1518
f 1516/9/1519 1515/9/1532 1504/9/1514
f 1513/9/1520 1512/9/1516 1501/9/1503
f 1499/9/1504 1510/9/1526 1509/9/1521
f 1517/9/1522 1516/9/1519 1505/9/1505
f 1514/9/1524 1513/9/1520 1502/9/1508
f 1500/9/1509 1511/9/1528 1510/9/1526
f 1497/9/1515 1508/9/1518 1507/9/1523
f 1504/9/1514 1515/9/1532 1514/9/1524
f 1525/9/1527 1524/9/1535 1513/9/1520
f 1511/9/1528 1522/9/1538 1521/9/1529
f 1515/9/1532 1526/9/1539 1525/9/1527
f 1523/9/1533 1522/9/1538 1511/9/1528
f 1509/9/1521 1520/9/1536 1519/9/1531
f 1527/9/1534 1526/9/1539 1515/9/1532
f 1513/9/1520 1524/9/1535 1523/9/1533
f 1521/9/1529 1520/9/1536 1509/9/1521
f 1517/9/1522 1528/9/1530 1527/9/1534
f 1357/9/1373 1356/9/1367 1523/9/1533
f 1521/9/1529 1354/9/1356 1353/9/1369
f 1528/9/1530 1361/9/1359 1360/9/1371
f 1525/9/1527 1358/9/1364 1357/9/1373
f 1355/9/1354 1354/9/1356 1521/9/1529
f 1530/6/1360 1529/6/1374 1518/6/1537
f 1359/9/1365 1358/9/1364 1525/9/1527
f 1523/9/1533 1356/9/1367 1355/9/1354
f 1353/9/1369 1530/9/1360 1519/9/1531
f 1360/9/1371 1359/9/1365 1526/9/1539
