# Blender 5.0.1
# www.blender.org
mtllib ShieldEnemy.mtl
o Shield_Round
v -0.160728 0.262147 -0.503289
v -0.160728 0.262147 -0.521748
v -0.260340 0.201167 -0.502715
v -0.260340 0.201167 -0.521174
v -0.160728 -0.189247 -0.503289
v -0.160728 -0.189247 -0.521748
v -0.260340 -0.128266 -0.502715
v -0.260340 -0.128266 -0.521174
v -0.260340 0.022859 -0.503028
v -0.247823 0.035133 -0.503691
v -0.247823 0.048725 -0.503757
v -0.247823 0.048725 -0.522215
v -0.247823 0.035133 -0.522148
v -0.260340 0.022859 -0.521487
v -0.160728 0.055074 -0.511200
v -0.175471 0.036450 -0.509666
v -0.160728 0.017827 -0.511200
v -0.160728 0.017827 -0.529652
v -0.175471 0.036450 -0.528119
v -0.160728 0.055074 -0.529652
v -0.148425 -0.189247 -0.503857
v -0.148425 -0.189247 -0.522314
v -0.048812 -0.233785 -0.503543
v -0.048812 -0.233785 -0.522001
v -0.148425 0.262147 -0.503857
v -0.148425 0.262147 -0.522314
v -0.048812 0.306686 -0.503543
v -0.048812 0.306686 -0.522001
v -0.048812 0.135151 -0.516080
v -0.048812 0.121560 -0.517275
v -0.048812 0.107968 -0.518389
v -0.048812 0.107968 -0.536836
v -0.048812 0.121560 -0.535723
v -0.048812 0.135151 -0.534529
v -0.148425 0.102936 -0.510919
v -0.133682 0.121560 -0.511774
v -0.148425 0.140183 -0.509729
v -0.148425 0.140183 -0.528182
v -0.133682 0.121560 -0.530226
v -0.148425 0.102936 -0.529372
v -0.048812 -0.074724 -0.514962
v -0.054083 -0.085967 -0.513749
v -0.048812 -0.094575 -0.513168
v -0.148425 -0.077920 -0.527343
v -0.131671 -0.090196 -0.527443
v -0.148425 -0.102472 -0.525591
v -0.048812 -0.094575 -0.531618
v -0.054083 -0.085967 -0.532199
v -0.048812 -0.074724 -0.533411
v -0.148425 -0.102472 -0.507136
v -0.131671 -0.090196 -0.508989
v -0.148425 -0.077920 -0.508890
v -0.048812 0.005985 -0.539109
v -0.058694 0.012966 -0.538605
v -0.048812 0.024339 -0.539613
v -0.148425 0.005251 -0.512464
v -0.148425 0.014335 -0.512443
v -0.148425 0.023420 -0.512351
v -0.048812 0.024339 -0.521156
v -0.058694 0.012966 -0.520159
v -0.048812 0.005985 -0.520664
v -0.148425 0.023420 -0.530803
v -0.148425 0.014335 -0.530894
v -0.148425 0.005251 -0.530916
v -0.030795 0.307682 -0.502838
v -0.030795 0.307682 -0.521297
v 0.068818 0.300994 -0.503079
v 0.068818 0.300994 -0.521538
v -0.030795 -0.238639 -0.502669
v -0.030795 -0.238639 -0.521128
v 0.068818 -0.247003 -0.502705
v 0.068818 -0.247003 -0.521163
v 0.068818 -0.016716 -0.518262
v 0.068818 -0.003125 -0.518910
v 0.068818 0.010467 -0.519330
v 0.068818 0.010467 -0.537776
v 0.068818 -0.003125 -0.537356
v 0.068818 -0.016716 -0.536709
v -0.030795 0.015499 -0.522036
v -0.016052 -0.003125 -0.521630
v -0.030795 -0.021748 -0.519981
v -0.030795 -0.021748 -0.538427
v -0.016052 -0.003125 -0.540085
v -0.030795 0.015499 -0.540459
v 0.068818 0.193159 -0.510088
v 0.068818 0.203084 -0.509208
v 0.068818 0.213009 -0.508359
v -0.030795 0.196355 -0.529914
v -0.014041 0.208631 -0.528499
v -0.030795 0.220907 -0.527596
v 0.068818 0.213009 -0.526813
v 0.068818 0.203084 -0.527662
v 0.068818 0.193159 -0.528541
v -0.030795 0.220907 -0.509142
v -0.014041 0.208631 -0.510045
v -0.030795 0.196355 -0.511462
v 0.068818 0.124967 -0.534430
v 0.058936 0.105469 -0.536320
v 0.068818 0.094096 -0.536417
v -0.030795 0.113184 -0.518552
v -0.030795 0.104100 -0.519266
v -0.030795 0.095015 -0.519954
v 0.068818 0.094096 -0.517969
v 0.058936 0.105469 -0.517873
v 0.068818 0.124967 -0.515980
v -0.030795 0.095015 -0.538400
v -0.030795 0.104100 -0.537713
v -0.030795 0.113184 -0.536999
v 0.068818 -0.140204 -0.526804
v 0.068818 -0.150776 -0.525940
v 0.068818 -0.161347 -0.525123
v -0.030795 -0.140522 -0.509837
v -0.014984 -0.150479 -0.508665
v -0.030795 -0.160436 -0.508021
v 0.068818 -0.161347 -0.506667
v 0.068818 -0.150776 -0.507485
v 0.068818 -0.140204 -0.508350
v -0.030795 -0.160436 -0.526475
v -0.014984 -0.150479 -0.527119
v -0.030795 -0.140522 -0.528290
v 0.083539 -0.228114 -0.502438
v 0.083539 -0.228114 -0.520898
v 0.183151 -0.167134 -0.502386
v 0.183151 -0.167134 -0.520845
v 0.083539 0.305442 -0.502317
v 0.083539 0.305442 -0.520776
v 0.183151 0.255845 -0.502163
v 0.183151 0.255845 -0.520622
v 0.183151 0.104720 -0.507834
v 0.168658 0.087176 -0.509792
v 0.183151 0.077537 -0.509127
v 0.183151 0.077537 -0.527580
v 0.168658 0.087176 -0.528245
v 0.183151 0.104720 -0.526289
v 0.083539 0.072505 -0.517818
v 0.098282 0.084712 -0.516136
v 0.083539 0.095615 -0.516973
v 0.083539 0.095615 -0.535422
v 0.098282 0.084712 -0.534585
v 0.083539 0.072505 -0.536266
v 0.183151 -0.077970 -0.506771
v 0.183151 -0.086210 -0.506726
v 0.183151 -0.094450 -0.506090
v 0.083539 -0.080532 -0.531563
v 0.097373 -0.090657 -0.529875
v 0.083539 -0.100781 -0.529923
v 0.183151 -0.094450 -0.524545
v 0.183151 -0.086210 -0.525181
v 0.183151 -0.077970 -0.525227
v 0.083539 -0.100781 -0.511471
v 0.097373 -0.090656 -0.511423
v 0.083539 -0.080532 -0.513112
v 0.198165 -0.178311 -0.501672
v 0.198165 -0.178311 -0.520133
v 0.262072 -0.117330 -0.502269
v 0.262072 -0.117330 -0.520729
v 0.198165 0.231923 -0.502077
v 0.198165 0.231923 -0.520537
v 0.262072 0.171259 -0.501855
v 0.262072 0.171259 -0.520316
v 0.262072 0.139503 -0.501961
v 0.262072 0.121959 -0.502443
v 0.262072 0.112320 -0.502825
v 0.262072 0.112320 -0.521283
v 0.262072 0.121959 -0.520903
v 0.262072 0.139503 -0.520421
v 0.198165 0.107289 -0.506558
v 0.212908 0.119495 -0.505055
v 0.198165 0.130398 -0.505833
v 0.198165 0.130398 -0.524290
v 0.212908 0.119495 -0.523512
v 0.198165 0.107289 -0.525013
v 0.262072 -0.004451 -0.503615
v 0.262072 -0.012691 -0.503945
v 0.262072 -0.020931 -0.503765
v 0.198165 -0.007013 -0.526346
v 0.211999 -0.017138 -0.524850
v 0.198165 -0.027262 -0.525314
v 0.262072 -0.020931 -0.522223
v 0.262072 -0.012691 -0.522403
v 0.262072 -0.004451 -0.522073
v 0.198165 -0.027262 -0.506858
v 0.211999 -0.017138 -0.506395
v 0.198165 -0.007013 -0.507891
v -0.319485 0.036450 -0.486405
v -0.319485 0.036450 -0.524713
v -0.295166 -0.085811 -0.486405
v -0.295166 -0.085811 -0.524713
v -0.225910 -0.189460 -0.486405
v -0.225910 -0.189460 -0.524713
v -0.122262 -0.258716 -0.486405
v -0.122262 -0.258716 -0.524713
v 0.000000 -0.283035 -0.486405
v 0.000000 -0.283035 -0.524713
v 0.122262 -0.258716 -0.486405
v 0.122262 -0.258716 -0.524713
v 0.225910 -0.189460 -0.486405
v 0.225910 -0.189460 -0.524713
v 0.295166 -0.085811 -0.486405
v 0.295166 -0.085811 -0.524713
v 0.319485 0.036450 -0.486405
v 0.319485 0.036450 -0.524713
v 0.295166 0.158712 -0.486405
v 0.295166 0.158712 -0.524713
v 0.225910 0.262361 -0.486405
v 0.225910 0.262361 -0.524713
v 0.122262 0.331616 -0.486405
v 0.122262 0.331616 -0.524713
v 0.000000 0.355935 -0.486405
v 0.000000 0.355935 -0.524713
v -0.122262 0.331616 -0.486405
v -0.122262 0.331616 -0.524713
v -0.225910 0.262361 -0.486405
v -0.225910 0.262361 -0.524713
v -0.295166 0.158712 -0.486405
v -0.295166 0.158712 -0.524713
v -0.237954 -0.062114 -0.526618
v -0.257559 0.036450 -0.526618
v -0.182122 -0.145672 -0.526618
v -0.098564 -0.201503 -0.526618
v 0.000000 -0.221109 -0.526618
v 0.098564 -0.201503 -0.526618
v 0.182122 -0.145672 -0.526618
v 0.237954 -0.062114 -0.526618
v 0.257559 0.036450 -0.526618
v 0.237954 0.135014 -0.526618
v 0.182122 0.218572 -0.526618
v 0.098564 0.274404 -0.526618
v 0.000000 0.294009 -0.526618
v -0.098564 0.274404 -0.526618
v -0.182122 0.218572 -0.526618
v -0.237954 0.135014 -0.526618
v -0.237954 -0.062114 -0.504740
v -0.257559 0.036450 -0.504740
v -0.182122 -0.145672 -0.504740
v -0.098564 -0.201503 -0.504740
v 0.000000 -0.221109 -0.504740
v 0.098564 -0.201503 -0.504740
v 0.182122 -0.145672 -0.504740
v 0.237954 -0.062114 -0.504740
v 0.257559 0.036450 -0.504740
v 0.237954 0.135014 -0.504740
v 0.182122 0.218572 -0.504740
v 0.098564 0.274404 -0.504740
v 0.000000 0.294009 -0.504740
v -0.098564 0.274404 -0.504740
v -0.182122 0.218572 -0.504740
v -0.237954 0.135014 -0.504740
v -0.186903 -0.040967 -0.508832
v -0.202302 0.036450 -0.508832
v -0.143049 -0.106599 -0.508832
v -0.077418 -0.150453 -0.508832
v 0.000000 -0.165852 -0.508832
v 0.077418 -0.150453 -0.508832
v 0.143049 -0.106599 -0.508831
v 0.186903 -0.040967 -0.508831
v 0.202302 0.036450 -0.508831
v 0.186903 0.113868 -0.508831
v 0.143049 0.179500 -0.508831
v 0.077418 0.223354 -0.508832
v 0.000000 0.238753 -0.508832
v -0.077418 0.223354 -0.508832
v -0.143049 0.179500 -0.508832
v -0.186903 0.113868 -0.508832
v -0.116467 -0.011792 -0.515264
v -0.126064 0.036450 -0.515264
v -0.089141 -0.052690 -0.515264
v -0.048242 -0.080017 -0.515264
v 0.000000 -0.089613 -0.515264
v 0.048242 -0.080017 -0.515264
v 0.089141 -0.052690 -0.515264
v 0.116467 -0.011792 -0.515264
v 0.126064 0.036450 -0.515264
v 0.116467 0.084692 -0.515264
v 0.089141 0.125591 -0.515264
v 0.048243 0.152918 -0.515264
v 0.000000 0.162514 -0.515264
v -0.048242 0.152918 -0.515264
v -0.089141 0.125591 -0.515264
v -0.116467 0.084692 -0.515264
v -0.042589 0.018809 -0.522141
v -0.046098 0.036450 -0.522141
v -0.032596 0.003854 -0.522141
v -0.017641 -0.006139 -0.522141
v 0.000000 -0.009648 -0.522141
v 0.017641 -0.006139 -0.522141
v 0.032596 0.003854 -0.522141
v 0.042589 0.018809 -0.522141
v 0.046098 0.036450 -0.522141
v 0.042589 0.054092 -0.522141
v 0.032596 0.069047 -0.522141
v 0.017641 0.079040 -0.522141
v 0.000000 0.082549 -0.522141
v -0.017641 0.079040 -0.522141
v -0.032596 0.069047 -0.522141
v -0.042589 0.054092 -0.522141
v -0.259815 0.036450 -0.488182
v -0.240038 -0.062977 -0.488182
v -0.183717 -0.147267 -0.488182
v -0.099427 -0.203587 -0.488182
v 0.000000 -0.223365 -0.488182
v 0.099427 -0.203587 -0.488182
v 0.183717 -0.147267 -0.488182
v 0.240038 -0.062977 -0.488182
v 0.259815 0.036450 -0.488182
v 0.240038 0.135877 -0.488182
v 0.183717 0.220168 -0.488182
v 0.099427 0.276488 -0.488182
v 0.000000 0.296266 -0.488182
v -0.099427 0.276488 -0.488182
v -0.183717 0.220168 -0.488182
v -0.240038 0.135877 -0.488182
v -0.203476 0.036450 -0.490213
v -0.187987 -0.041416 -0.490213
v -0.143879 -0.107429 -0.490213
v -0.077867 -0.151536 -0.490213
v 0.000000 -0.167025 -0.490213
v 0.077867 -0.151536 -0.490213
v 0.143879 -0.107429 -0.490213
v 0.187987 -0.041416 -0.490213
v 0.203476 0.036450 -0.490213
v 0.187987 0.114317 -0.490213
v 0.143879 0.180330 -0.490213
v 0.077867 0.224437 -0.490213
v 0.000000 0.239926 -0.490213
v -0.077867 0.224437 -0.490213
v -0.143879 0.180330 -0.490213
v -0.187987 0.114317 -0.490213
v -0.130307 0.036450 -0.492416
v -0.120388 -0.013416 -0.492416
v -0.092141 -0.055690 -0.492416
v -0.049866 -0.083937 -0.492416
v 0.000000 -0.093856 -0.492416
v 0.049866 -0.083937 -0.492416
v 0.092141 -0.055690 -0.492416
v 0.120388 -0.013416 -0.492416
v 0.130307 0.036450 -0.492416
v 0.120388 0.086316 -0.492416
v 0.092141 0.128591 -0.492416
v 0.049867 0.156838 -0.492416
v 0.000000 0.166757 -0.492416
v -0.049866 0.156838 -0.492416
v -0.092141 0.128591 -0.492416
v -0.120388 0.086316 -0.492416
v -0.044253 0.036450 -0.493922
v -0.040885 0.019515 -0.493922
v -0.031292 0.005159 -0.493922
v -0.016935 -0.004434 -0.493922
v 0.000000 -0.007803 -0.493922
v 0.016935 -0.004434 -0.493922
v 0.031292 0.005159 -0.493922
v 0.040885 0.019515 -0.493922
v 0.044253 0.036450 -0.493922
v 0.040885 0.053385 -0.493922
v 0.031292 0.067742 -0.493922
v 0.016935 0.077335 -0.493922
v 0.000000 0.080704 -0.493922
v -0.016935 0.077335 -0.493922
v -0.031292 0.067742 -0.493922
v -0.040885 0.053385 -0.493922
v 0.013181 0.323009 -0.518428
v 0.013181 0.323009 -0.530999
v 0.006591 0.334425 -0.518428
v 0.006591 0.334425 -0.530999
v -0.006591 0.334425 -0.518428
v -0.006591 0.334425 -0.530999
v -0.013181 0.323009 -0.518428
v -0.013181 0.323009 -0.530999
v -0.006591 0.311594 -0.518428
v -0.006591 0.311594 -0.530999
v 0.006591 0.311594 -0.518428
v 0.006591 0.311594 -0.530999
v 0.003664 0.329355 -0.534946
v 0.007328 0.323009 -0.534946
v -0.003664 0.329355 -0.534946
v -0.007328 0.323009 -0.534946
v -0.003664 0.316664 -0.534946
v 0.003664 0.316664 -0.534946
v -0.211948 -0.156857 -0.518428
v -0.211948 -0.156857 -0.530999
v -0.215360 -0.169589 -0.518428
v -0.215360 -0.169589 -0.530999
v -0.206039 -0.178910 -0.518428
v -0.206039 -0.178910 -0.530999
v -0.193307 -0.175498 -0.518428
v -0.193307 -0.175498 -0.530999
v -0.189896 -0.162766 -0.518428
v -0.189896 -0.162766 -0.530999
v -0.199216 -0.153445 -0.518428
v -0.199216 -0.153445 -0.530999
v -0.209706 -0.168074 -0.534946
v -0.207809 -0.160996 -0.534946
v -0.204524 -0.173256 -0.534946
v -0.197446 -0.171359 -0.534946
v -0.195549 -0.164281 -0.534946
v -0.200731 -0.159100 -0.534946
v -0.286559 0.049632 -0.518428
v -0.286559 0.049632 -0.530999
v -0.297974 0.043041 -0.518428
v -0.297974 0.043041 -0.530999
v -0.297974 0.029860 -0.518428
v -0.297974 0.029860 -0.530999
v -0.286559 0.023269 -0.518428
v -0.286559 0.023269 -0.530999
v -0.275144 0.029860 -0.518428
v -0.275144 0.029860 -0.530999
v -0.275144 0.043041 -0.518428
v -0.275144 0.043041 -0.530999
v -0.292905 0.040114 -0.534946
v -0.286559 0.043778 -0.534946
v -0.292905 0.032787 -0.534946
v -0.286559 0.029123 -0.534946
v -0.280213 0.032787 -0.534946
v -0.280213 0.040114 -0.534946
v -0.193307 0.248399 -0.518428
v -0.193307 0.248399 -0.530999
v -0.206039 0.251810 -0.518428
v -0.206039 0.251810 -0.530999
v -0.215360 0.242490 -0.518428
v -0.215360 0.242490 -0.530999
v -0.211948 0.229758 -0.518428
v -0.211948 0.229758 -0.530999
v -0.199216 0.226346 -0.518428
v -0.199216 0.226346 -0.530999
v -0.189896 0.235666 -0.518428
v -0.189896 0.235666 -0.530999
v -0.204524 0.246156 -0.534946
v -0.197446 0.244259 -0.534946
v -0.209706 0.240975 -0.534946
v -0.207809 0.233897 -0.534946
v -0.200731 0.232000 -0.534946
v -0.195550 0.237181 -0.534946
v 0.211948 0.229758 -0.518428
v 0.211948 0.229758 -0.530999
v 0.215360 0.242490 -0.518428
v 0.215360 0.242490 -0.530999
v 0.206039 0.251810 -0.518428
v 0.206039 0.251810 -0.530999
v 0.193307 0.248399 -0.518428
v 0.193307 0.248399 -0.530999
v 0.189896 0.235666 -0.518428
v 0.189896 0.235666 -0.530999
v 0.199216 0.226346 -0.518428
v 0.199216 0.226346 -0.530999
v 0.209706 0.240975 -0.534946
v 0.207810 0.233897 -0.534946
v 0.204524 0.246156 -0.534946
v 0.197446 0.244259 -0.534946
v 0.195550 0.237181 -0.534946
v 0.200731 0.232000 -0.534946
v 0.286559 0.023269 -0.518428
v 0.286559 0.023269 -0.530999
v 0.297974 0.029860 -0.518428
v 0.297974 0.029860 -0.530999
v 0.297974 0.043041 -0.518428
v 0.297974 0.043041 -0.530999
v 0.286559 0.049632 -0.518428
v 0.286559 0.049632 -0.530999
v 0.275144 0.043041 -0.518428
v 0.275144 0.043041 -0.530999
v 0.275144 0.029860 -0.518428
v 0.275144 0.029860 -0.530999
v 0.292905 0.032787 -0.534946
v 0.286559 0.029123 -0.534946
v 0.292905 0.040114 -0.534946
v 0.286559 0.043778 -0.534946
v 0.280213 0.040114 -0.534946
v 0.280213 0.032787 -0.534946
v 0.193307 -0.175498 -0.518428
v 0.193307 -0.175498 -0.530999
v 0.206039 -0.178909 -0.518428
v 0.206039 -0.178909 -0.530999
v 0.215360 -0.169589 -0.518428
v 0.215360 -0.169589 -0.530999
v 0.211948 -0.156857 -0.518428
v 0.211948 -0.156857 -0.530999
v 0.199216 -0.153445 -0.518428
v 0.199216 -0.153445 -0.530999
v 0.189896 -0.162766 -0.518428
v 0.189896 -0.162766 -0.530999
v 0.204524 -0.173256 -0.534946
v 0.197446 -0.171359 -0.534946
v 0.209706 -0.168074 -0.534946
v 0.207809 -0.160996 -0.534946
v 0.200731 -0.159100 -0.534946
v 0.195550 -0.164281 -0.534946
v -0.013181 -0.250109 -0.518428
v -0.013181 -0.250109 -0.530999
v -0.006591 -0.261524 -0.518428
v -0.006591 -0.261524 -0.530999
v 0.006591 -0.261524 -0.518428
v 0.006591 -0.261524 -0.530999
v 0.013181 -0.250109 -0.518428
v 0.013181 -0.250109 -0.530999
v 0.006591 -0.238693 -0.518428
v 0.006591 -0.238693 -0.530999
v -0.006591 -0.238693 -0.518428
v -0.006591 -0.238693 -0.530999
v -0.003664 -0.256455 -0.534946
v -0.007328 -0.250109 -0.534946
v 0.003664 -0.256455 -0.534946
v 0.007328 -0.250109 -0.534946
v 0.003664 -0.243763 -0.534946
v -0.003664 -0.243763 -0.534946
v 0.159724 0.095291 -0.494412
v 0.159724 0.118072 -0.494412
v 0.159724 0.085262 -0.467505
v 0.159724 0.115046 -0.461751
v 0.103906 0.095291 -0.494412
v 0.103906 0.118072 -0.494412
v 0.103906 0.085262 -0.467505
v 0.103906 0.115046 -0.461751
v 0.159724 0.061554 -0.449143
v 0.159724 0.054139 -0.460743
v 0.103906 0.054139 -0.460743
v 0.103906 0.061554 -0.449143
v 0.159724 -0.075687 -0.494412
v 0.159724 -0.098468 -0.494412
v 0.159724 -0.065658 -0.467505
v 0.159724 -0.095442 -0.461751
v 0.103906 -0.075687 -0.494412
v 0.103906 -0.098468 -0.494412
v 0.103906 -0.065658 -0.467505
v 0.103906 -0.095442 -0.461751
v 0.159724 -0.041950 -0.449143
v 0.159724 -0.034535 -0.460743
v 0.103906 -0.034535 -0.460743
v 0.103906 -0.041950 -0.449143
v 0.159724 0.009802 -0.448495
v 0.159724 0.009802 -0.459331
v 0.103906 0.009802 -0.459331
v 0.103906 0.009802 -0.448495
v -0.098417 0.095291 -0.494412
v -0.098417 0.118072 -0.494412
v -0.098417 0.085262 -0.467505
v -0.098417 0.115046 -0.461751
v -0.154236 0.095291 -0.494412
v -0.154236 0.118072 -0.494412
v -0.154236 0.085262 -0.467505
v -0.154236 0.115046 -0.461751
v -0.098417 0.061554 -0.449143
v -0.098417 0.054139 -0.460743
v -0.154236 0.054139 -0.460743
v -0.154236 0.061554 -0.449143
v -0.098417 -0.075687 -0.494412
v -0.098417 -0.098468 -0.494412
v -0.098417 -0.065658 -0.467505
v -0.098417 -0.095442 -0.461751
v -0.154236 -0.075687 -0.494412
v -0.154236 -0.098468 -0.494412
v -0.154236 -0.065658 -0.467505
v -0.154236 -0.095442 -0.461751
v -0.098417 -0.041950 -0.449143
v -0.098417 -0.034535 -0.460743
v -0.154236 -0.034535 -0.460743
v -0.154236 -0.041950 -0.449143
v -0.098417 0.009802 -0.448495
v -0.098417 0.009802 -0.459331
v -0.154236 0.009802 -0.459331
v -0.154236 0.009802 -0.448495
v -0.127544 -0.130235 -0.109149
v -0.127544 -0.147063 -0.125041
v -0.144373 -0.147063 -0.109149
v -0.127544 -0.135163 -0.120387
v -0.137260 -0.137347 -0.118324
v -0.139444 -0.147063 -0.120387
v -0.139444 -0.135163 -0.109149
v -0.066500 -0.147063 -0.125041
v -0.066500 -0.130235 -0.109149
v -0.049672 -0.147063 -0.109149
v -0.066500 -0.135163 -0.120387
v -0.056785 -0.137347 -0.118324
v -0.054601 -0.135163 -0.109149
v -0.054601 -0.147063 -0.120387
v -0.127544 -0.366907 -0.125041
v -0.127544 -0.383735 -0.109149
v -0.144373 -0.366907 -0.109149
v -0.127544 -0.378806 -0.120387
v -0.137260 -0.376623 -0.118324
v -0.139444 -0.378806 -0.109149
v -0.139444 -0.366907 -0.120387
v -0.066500 -0.383735 -0.109149
v -0.066500 -0.366907 -0.125041
v -0.049672 -0.366907 -0.109149
v -0.066500 -0.378806 -0.120387
v -0.056785 -0.376623 -0.118324
v -0.054601 -0.366907 -0.120387
v -0.054601 -0.378806 -0.109149
v -0.066500 -0.147063 -0.032389
v -0.049672 -0.147063 -0.048282
v -0.066500 -0.130235 -0.048282
v -0.054601 -0.147063 -0.037044
v -0.056785 -0.137347 -0.039106
v -0.054601 -0.135163 -0.048282
v -0.066500 -0.135163 -0.037044
v -0.127544 -0.130235 -0.048282
v -0.144373 -0.147063 -0.048282
v -0.127544 -0.147063 -0.032389
v -0.139444 -0.135163 -0.048282
v -0.137260 -0.137347 -0.039106
v -0.139444 -0.147063 -0.037044
v -0.127544 -0.135163 -0.037044
v -0.066500 -0.383735 -0.048282
v -0.049672 -0.366907 -0.048282
v -0.066500 -0.366907 -0.032389
v -0.054601 -0.378806 -0.048282
v -0.056785 -0.376623 -0.039106
v -0.054601 -0.366907 -0.037044
v -0.066500 -0.378806 -0.037044
v -0.127544 -0.366907 -0.032389
v -0.144373 -0.366907 -0.048282
v -0.127544 -0.383735 -0.048282
v -0.139444 -0.366907 -0.037044
v -0.137260 -0.376623 -0.039106
v -0.139444 -0.378806 -0.048282
v -0.127544 -0.378806 -0.037044
v -0.127544 -0.130235 0.277524
v -0.127544 -0.147063 0.261631
v -0.144373 -0.147063 0.277524
v -0.127544 -0.135163 0.266286
v -0.137260 -0.137347 0.268348
v -0.139444 -0.147063 0.266286
v -0.139444 -0.135163 0.277524
v -0.066500 -0.147063 0.261631
v -0.066500 -0.130235 0.277524
v -0.049672 -0.147063 0.277524
v -0.066500 -0.135163 0.266286
v -0.056785 -0.137347 0.268348
v -0.054601 -0.135163 0.277524
v -0.054601 -0.147063 0.266286
v -0.127544 -0.366906 0.261631
v -0.127544 -0.383735 0.277524
v -0.144373 -0.366906 0.277524
v -0.127544 -0.378806 0.266286
v -0.137260 -0.376623 0.268349
v -0.139444 -0.378806 0.277524
v -0.139444 -0.366906 0.266286
v -0.066500 -0.383735 0.277524
v -0.066500 -0.366906 0.261631
v -0.049672 -0.366906 0.277524
v -0.066500 -0.378806 0.266286
v -0.056785 -0.376623 0.268349
v -0.054601 -0.366906 0.266286
v -0.054601 -0.378806 0.277524
v -0.066500 -0.147063 0.354283
v -0.049672 -0.147063 0.338391
v -0.066500 -0.130235 0.338391
v -0.054601 -0.147063 0.349629
v -0.056785 -0.137347 0.347566
v -0.054601 -0.135163 0.338391
v -0.066500 -0.135163 0.349629
v -0.127544 -0.130235 0.338391
v -0.144373 -0.147063 0.338391
v -0.127544 -0.147063 0.354283
v -0.139444 -0.135163 0.338391
v -0.137260 -0.137347 0.347566
v -0.139444 -0.147063 0.349629
v -0.127544 -0.135163 0.349629
v -0.066500 -0.383735 0.338391
v -0.049672 -0.366906 0.338391
v -0.066500 -0.366906 0.354283
v -0.054601 -0.378806 0.338391
v -0.056785 -0.376623 0.347566
v -0.054601 -0.366906 0.349629
v -0.066500 -0.378806 0.349629
v -0.127544 -0.366906 0.354283
v -0.144373 -0.366906 0.338391
v -0.127544 -0.383735 0.338391
v -0.139444 -0.366906 0.349629
v -0.137260 -0.376623 0.347566
v -0.139444 -0.378806 0.338391
v -0.127544 -0.378806 0.349629
v -0.066500 -0.348319 0.261631
v -0.066500 -0.314663 0.261631
v -0.049672 -0.314663 0.277524
v -0.049672 -0.348319 0.277524
v -0.066500 -0.331492 0.261631
v -0.054601 -0.331492 0.266286
v -0.054601 -0.314663 0.266286
v -0.049672 -0.331492 0.277524
v -0.054601 -0.348319 0.266286
v -0.127544 -0.314663 -0.032389
v -0.144373 -0.314663 -0.048282
v -0.144373 -0.348319 -0.048282
v -0.127544 -0.348319 -0.032389
v -0.139444 -0.314663 -0.037044
v -0.139444 -0.331492 -0.037044
v -0.144373 -0.331492 -0.048282
v -0.139444 -0.348319 -0.037044
v -0.127544 -0.331492 -0.032389
v -0.144373 -0.314663 0.338391
v -0.144373 -0.348319 0.338391
v -0.127544 -0.348319 0.354283
v -0.127544 -0.314663 0.354283
v -0.144373 -0.331492 0.338391
v -0.139444 -0.331492 0.349629
v -0.139444 -0.348319 0.349629
v -0.127544 -0.331492 0.354283
v -0.139444 -0.314663 0.349629
v -0.144373 -0.314663 -0.109149
v -0.127544 -0.314663 -0.125041
v -0.127544 -0.348319 -0.125041
v -0.144373 -0.348319 -0.109149
v -0.139444 -0.314663 -0.120387
v -0.139444 -0.331492 -0.120386
v -0.127544 -0.331492 -0.125041
v -0.139444 -0.348319 -0.120387
v -0.144373 -0.331492 -0.109149
v -0.049672 -0.348319 -0.048282
v -0.049672 -0.314663 -0.048282
v -0.066500 -0.314663 -0.032389
v -0.066500 -0.348319 -0.032389
v -0.049672 -0.331492 -0.048282
v -0.054601 -0.331492 -0.037044
v -0.054601 -0.314663 -0.037044
v -0.066500 -0.331492 -0.032389
v -0.054601 -0.348319 -0.037044
v -0.049672 -0.348319 -0.109149
v -0.066500 -0.348319 -0.125041
v -0.066500 -0.314663 -0.125041
v -0.049672 -0.314663 -0.109149
v -0.054601 -0.348319 -0.120387
v -0.054601 -0.331492 -0.120387
v -0.066500 -0.331492 -0.125041
v -0.054601 -0.314663 -0.120387
v -0.049672 -0.331492 -0.109149
v -0.144373 -0.314663 0.277524
v -0.127544 -0.314663 0.261631
v -0.127544 -0.348319 0.261631
v -0.144373 -0.348319 0.277524
v -0.139444 -0.314663 0.266286
v -0.139444 -0.331492 0.266286
v -0.127544 -0.331492 0.261631
v -0.139444 -0.348319 0.266286
v -0.144373 -0.331492 0.277524
v -0.049672 -0.348319 0.338391
v -0.049672 -0.314663 0.338391
v -0.066500 -0.314663 0.354283
v -0.066500 -0.348319 0.354283
v -0.049672 -0.331492 0.338391
v -0.054601 -0.331492 0.349629
v -0.054601 -0.314663 0.349629
v -0.066500 -0.331492 0.354283
v -0.054601 -0.348319 0.349629
v 0.127544 -0.130235 -0.109149
v 0.127544 -0.147063 -0.125041
v 0.144373 -0.147063 -0.109149
v 0.127544 -0.135163 -0.120387
v 0.137260 -0.137347 -0.118324
v 0.139444 -0.147063 -0.120387
v 0.139444 -0.135163 -0.109149
v 0.066500 -0.147063 -0.125041
v 0.066500 -0.130235 -0.109149
v 0.049672 -0.147063 -0.109149
v 0.066500 -0.135163 -0.120387
v 0.056785 -0.137347 -0.118324
v 0.054601 -0.135163 -0.109149
v 0.054601 -0.147063 -0.120387
v 0.127544 -0.366907 -0.125041
v 0.127544 -0.383735 -0.109149
v 0.144373 -0.366907 -0.109149
v 0.127544 -0.378806 -0.120387
v 0.137260 -0.376623 -0.118324
v 0.139444 -0.378806 -0.109149
v 0.139444 -0.366907 -0.120387
v 0.066500 -0.383735 -0.109149
v 0.066500 -0.366907 -0.125041
v 0.049672 -0.366907 -0.109149
v 0.066500 -0.378806 -0.120387
v 0.056785 -0.376623 -0.118324
v 0.054601 -0.366907 -0.120387
v 0.054601 -0.378806 -0.109149
v 0.066500 -0.147063 -0.032389
v 0.049672 -0.147063 -0.048282
v 0.066500 -0.130235 -0.048282
v 0.054601 -0.147063 -0.037044
v 0.056785 -0.137347 -0.039106
v 0.054601 -0.135163 -0.048282
v 0.066500 -0.135163 -0.037044
v 0.127544 -0.130235 -0.048282
v 0.144373 -0.147063 -0.048282
v 0.127544 -0.147063 -0.032389
v 0.139444 -0.135163 -0.048282
v 0.137260 -0.137347 -0.039106
v 0.139444 -0.147063 -0.037044
v 0.127544 -0.135163 -0.037044
v 0.066500 -0.383735 -0.048282
v 0.049672 -0.366907 -0.048282
v 0.066500 -0.366907 -0.032389
v 0.054601 -0.378806 -0.048282
v 0.056785 -0.376623 -0.039106
v 0.054601 -0.366907 -0.037044
v 0.066500 -0.378806 -0.037044
v 0.127544 -0.366907 -0.032389
v 0.144373 -0.366907 -0.048282
v 0.127544 -0.383735 -0.048282
v 0.139444 -0.366907 -0.037044
v 0.137260 -0.376623 -0.039106
v 0.139444 -0.378806 -0.048282
v 0.127544 -0.378806 -0.037044
v 0.127544 -0.130235 0.277524
v 0.127544 -0.147063 0.261631
v 0.144373 -0.147063 0.277524
v 0.127544 -0.135163 0.266286
v 0.137260 -0.137347 0.268348
v 0.139444 -0.147063 0.266286
v 0.139444 -0.135163 0.277524
v 0.066500 -0.147063 0.261631
v 0.066500 -0.130235 0.277524
v 0.049672 -0.147063 0.277524
v 0.066500 -0.135163 0.266286
v 0.056785 -0.137347 0.268348
v 0.054601 -0.135163 0.277524
v 0.054601 -0.147063 0.266286
v 0.127544 -0.366906 0.261631
v 0.127544 -0.383735 0.277524
v 0.144373 -0.366906 0.277524
v 0.127544 -0.378806 0.266286
v 0.137260 -0.376623 0.268349
v 0.139444 -0.378806 0.277524
v 0.139444 -0.366906 0.266286
v 0.066500 -0.383735 0.277524
v 0.066500 -0.366906 0.261631
v 0.049672 -0.366906 0.277524
v 0.066500 -0.378806 0.266286
v 0.056785 -0.376623 0.268349
v 0.054601 -0.366906 0.266286
v 0.054601 -0.378806 0.277524
v 0.066500 -0.147063 0.354283
v 0.049672 -0.147063 0.338391
v 0.066500 -0.130235 0.338391
v 0.054601 -0.147063 0.349629
v 0.056785 -0.137347 0.347566
v 0.054601 -0.135163 0.338391
v 0.066500 -0.135163 0.349629
v 0.127544 -0.130235 0.338391
v 0.144373 -0.147063 0.338391
v 0.127544 -0.147063 0.354283
v 0.139444 -0.135163 0.338391
v 0.137260 -0.137347 0.347566
v 0.139444 -0.147063 0.349629
v 0.127544 -0.135163 0.349629
v 0.066500 -0.383735 0.338391
v 0.049672 -0.366906 0.338391
v 0.066500 -0.366906 0.354283
v 0.054601 -0.378806 0.338391
v 0.056785 -0.376623 0.347566
v 0.054601 -0.366906 0.349629
v 0.066500 -0.378806 0.349629
v 0.127544 -0.366906 0.354283
v 0.144373 -0.366906 0.338391
v 0.127544 -0.383735 0.338391
v 0.139444 -0.366906 0.349629
v 0.137260 -0.376623 0.347566
v 0.139444 -0.378806 0.338391
v 0.127544 -0.378806 0.349629
v 0.066500 -0.348319 0.261631
v 0.066500 -0.314663 0.261631
v 0.049672 -0.314663 0.277524
v 0.049672 -0.348319 0.277524
v 0.066500 -0.331492 0.261631
v 0.054601 -0.331492 0.266286
v 0.054601 -0.314663 0.266286
v 0.049672 -0.331492 0.277524
v 0.054601 -0.348319 0.266286
v 0.127544 -0.314663 -0.032389
v 0.144373 -0.314663 -0.048282
v 0.144373 -0.348319 -0.048282
v 0.127544 -0.348319 -0.032389
v 0.139444 -0.314663 -0.037044
v 0.139444 -0.331492 -0.037044
v 0.144373 -0.331492 -0.048282
v 0.139444 -0.348319 -0.037044
v 0.127544 -0.331492 -0.032389
v 0.144373 -0.314663 0.338391
v 0.144373 -0.348319 0.338391
v 0.127544 -0.348319 0.354283
v 0.127544 -0.314663 0.354283
v 0.144373 -0.331492 0.338391
v 0.139444 -0.331492 0.349629
v 0.139444 -0.348319 0.349629
v 0.127544 -0.331492 0.354283
v 0.139444 -0.314663 0.349629
v 0.144373 -0.314663 -0.109149
v 0.127544 -0.314663 -0.125041
v 0.127544 -0.348319 -0.125041
v 0.144373 -0.348319 -0.109149
v 0.139444 -0.314663 -0.120387
v 0.139444 -0.331492 -0.120386
v 0.127544 -0.331492 -0.125041
v 0.139444 -0.348319 -0.120387
v 0.144373 -0.331492 -0.109149
v 0.049672 -0.348319 -0.048282
v 0.049672 -0.314663 -0.048282
v 0.066500 -0.314663 -0.032389
v 0.066500 -0.348319 -0.032389
v 0.049672 -0.331492 -0.048282
v 0.054601 -0.331492 -0.037044
v 0.054601 -0.314663 -0.037044
v 0.066500 -0.331492 -0.032389
v 0.054601 -0.348319 -0.037044
v 0.049672 -0.348319 -0.109149
v 0.066500 -0.348319 -0.125041
v 0.066500 -0.314663 -0.125041
v 0.049672 -0.314663 -0.109149
v 0.054601 -0.348319 -0.120387
v 0.054601 -0.331492 -0.120387
v 0.066500 -0.331492 -0.125041
v 0.054601 -0.314663 -0.120387
v 0.049672 -0.331492 -0.109149
v 0.144373 -0.314663 0.277524
v 0.127544 -0.314663 0.261631
v 0.127544 -0.348319 0.261631
v 0.144373 -0.348319 0.277524
v 0.139444 -0.314663 0.266286
v 0.139444 -0.331492 0.266286
v 0.127544 -0.331492 0.261631
v 0.139444 -0.348319 0.266286
v 0.144373 -0.331492 0.277524
v 0.049672 -0.348319 0.338391
v 0.049672 -0.314663 0.338391
v 0.066500 -0.314663 0.354283
v 0.066500 -0.348319 0.354283
v 0.049672 -0.331492 0.338391
v 0.054601 -0.331492 0.349629
v 0.054601 -0.314663 0.349629
v 0.066500 -0.331492 0.354283
v 0.054601 -0.348319 0.349629
v -0.200380 0.234718 0.349411
v -0.175548 0.234718 0.372863
v -0.175548 0.259550 0.349411
v -0.197063 0.234718 0.361122
v -0.197063 0.247118 0.349411
v -0.193841 0.246593 0.360626
v -0.175548 0.247118 0.369730
v -0.187948 0.234718 0.369730
v -0.187423 0.246593 0.366686
v -0.187948 0.256232 0.349411
v -0.175548 0.256232 0.361122
v -0.187423 0.253010 0.360626
v -0.200380 0.234718 -0.116968
v -0.175548 0.259550 -0.116968
v -0.175548 0.234718 -0.140420
v -0.197063 0.247118 -0.116968
v -0.197063 0.234718 -0.128679
v -0.193841 0.246593 -0.128184
v -0.175548 0.256232 -0.128679
v -0.187948 0.256232 -0.116968
v -0.187423 0.253010 -0.128184
v -0.187948 0.234718 -0.137287
v -0.175548 0.247118 -0.137287
v -0.187423 0.246593 -0.134244
v 0.200380 0.234718 0.349411
v 0.175548 0.259550 0.349411
v 0.175548 0.234718 0.372863
v 0.197063 0.247118 0.349411
v 0.197063 0.234718 0.361122
v 0.193841 0.246593 0.360626
v 0.175548 0.256232 0.361122
v 0.187948 0.256232 0.349411
v 0.187423 0.253010 0.360626
v 0.187948 0.234718 0.369730
v 0.175548 0.247118 0.369730
v 0.187423 0.246593 0.366686
v 0.200380 0.234718 -0.116968
v 0.175548 0.234718 -0.140420
v 0.175548 0.259550 -0.116968
v 0.197063 0.234718 -0.128679
v 0.197063 0.247118 -0.116968
v 0.193841 0.246593 -0.128184
v 0.175548 0.247118 -0.137287
v 0.187948 0.234718 -0.137287
v 0.187423 0.246593 -0.134244
v 0.187948 0.256232 -0.116968
v 0.175548 0.256232 -0.128679
v 0.187423 0.253010 -0.128184
v -0.200380 -0.111955 0.349411
v -0.175548 -0.136787 0.349411
v -0.175548 -0.111955 0.372863
v -0.197063 -0.124355 0.349411
v -0.197063 -0.111955 0.361122
v -0.193841 -0.123830 0.360626
v -0.175548 -0.133469 0.361122
v -0.187948 -0.133469 0.349411
v -0.187423 -0.130247 0.360626
v -0.187948 -0.111955 0.369730
v -0.175548 -0.124355 0.369730
v -0.187423 -0.123830 0.366686
v -0.200380 -0.111955 -0.116968
v -0.175548 -0.111955 -0.140420
v -0.175548 -0.136787 -0.116968
v -0.197063 -0.111955 -0.128679
v -0.197063 -0.124355 -0.116968
v -0.193841 -0.123830 -0.128183
v -0.175548 -0.124355 -0.137287
v -0.187948 -0.111955 -0.137287
v -0.187423 -0.123830 -0.134244
v -0.187948 -0.133469 -0.116968
v -0.175548 -0.133469 -0.128679
v -0.187423 -0.130247 -0.128183
v 0.200380 -0.111955 0.349411
v 0.175548 -0.111955 0.372863
v 0.175548 -0.136787 0.349411
v 0.197063 -0.111955 0.361122
v 0.197063 -0.124355 0.349411
v 0.193841 -0.123830 0.360626
v 0.175548 -0.124355 0.369730
v 0.187948 -0.111955 0.369730
v 0.187423 -0.123830 0.366686
v 0.187948 -0.133469 0.349411
v 0.175548 -0.133469 0.361122
v 0.187423 -0.130247 0.360626
v 0.200380 -0.111955 -0.116968
v 0.175548 -0.136787 -0.116968
v 0.175548 -0.111955 -0.140420
v 0.197063 -0.124355 -0.116968
v 0.197063 -0.111955 -0.128679
v 0.193841 -0.123830 -0.128183
v 0.175548 -0.133469 -0.128679
v 0.187948 -0.133469 -0.116968
v 0.187423 -0.130247 -0.128183
v 0.187948 -0.111955 -0.137287
v 0.175548 -0.124355 -0.137287
v 0.187423 -0.123830 -0.134244
v -0.049665 0.047773 -0.198208
v -0.060026 0.040710 -0.186384
v -0.053551 0.029973 -0.198208
v -0.052706 0.045706 -0.189847
v -0.050316 0.038591 -0.191381
v -0.055453 0.033119 -0.189847
v -0.048127 0.038113 -0.198208
v -0.049665 0.047773 -0.244398
v -0.053551 0.029973 -0.244398
v -0.060026 0.040710 -0.256220
v -0.048127 0.038113 -0.244398
v -0.050316 0.038591 -0.251223
v -0.055453 0.033119 -0.252757
v -0.052706 0.045706 -0.252757
v -0.167293 -0.032706 -0.198208
v -0.150515 -0.036369 -0.198208
v -0.156954 -0.025607 -0.186384
v -0.159710 -0.038231 -0.198208
v -0.159203 -0.035909 -0.191381
v -0.152400 -0.033210 -0.189847
v -0.164263 -0.030620 -0.189847
v -0.167293 -0.032706 -0.244398
v -0.156954 -0.025607 -0.256220
v -0.150515 -0.036369 -0.244398
v -0.164263 -0.030620 -0.252757
v -0.159203 -0.035909 -0.251223
v -0.152400 -0.033210 -0.252757
v -0.159710 -0.038231 -0.244398
v -0.066931 0.076520 -0.244398
v -0.077270 0.069420 -0.256220
v -0.083709 0.080182 -0.244398
v -0.069961 0.074434 -0.252758
v -0.075021 0.079721 -0.251223
v -0.081824 0.077023 -0.252758
v -0.074514 0.082044 -0.244398
v -0.066931 0.076520 -0.198208
v -0.083709 0.080182 -0.198208
v -0.077270 0.069420 -0.186384
v -0.074514 0.082044 -0.198208
v -0.075021 0.079721 -0.191381
v -0.081824 0.077023 -0.189847
v -0.069961 0.074434 -0.189847
v -0.184559 -0.003960 -0.244398
v -0.180673 0.013841 -0.244398
v -0.174198 0.003103 -0.256220
v -0.186097 0.005700 -0.244398
v -0.183908 0.005222 -0.251223
v -0.178771 0.010694 -0.252757
v -0.181518 -0.001893 -0.252757
v -0.184559 -0.003960 -0.198208
v -0.174198 0.003103 -0.186384
v -0.180673 0.013841 -0.198208
v -0.181518 -0.001893 -0.189847
v -0.183908 0.005222 -0.191381
v -0.178771 0.010694 -0.189847
v -0.186097 0.005700 -0.198208
v -0.066812 -0.083075 -0.363354
v -0.066812 -0.070557 -0.351532
v -0.079330 -0.070557 -0.363354
v -0.066812 -0.079408 -0.354994
v -0.074039 -0.077784 -0.356529
v -0.075664 -0.070557 -0.354994
v 0.066812 -0.083075 -0.363354
v 0.079330 -0.070557 -0.363354
v 0.075664 -0.079408 -0.363354
v 0.074039 -0.077784 -0.356529
v 0.075664 -0.070557 -0.354994
v 0.066812 0.039048 -0.363354
v 0.066812 0.026530 -0.351532
v 0.075664 0.035382 -0.363354
v -0.066812 0.039048 -0.363354
v -0.066812 0.026530 -0.351532
v -0.075664 0.035382 -0.363354
v -0.074039 0.033757 -0.356529
v -0.075664 0.026530 -0.354994
v -0.066812 0.035382 -0.354994
v 0.066812 -0.083075 -0.409841
v 0.066812 -0.070557 -0.421664
v 0.079330 -0.070557 -0.409841
v 0.066812 -0.079408 -0.418201
v 0.074039 -0.077784 -0.416668
v 0.075664 -0.070557 -0.418201
v 0.075664 -0.079408 -0.409841
v -0.066812 -0.083075 -0.409841
v -0.079330 -0.070557 -0.409841
v -0.066812 -0.070557 -0.421664
v -0.075664 -0.079408 -0.409841
v -0.074039 -0.077784 -0.416668
v -0.075664 -0.070557 -0.418201
v -0.066812 -0.079408 -0.418201
v 0.066812 0.039048 -0.409841
v 0.079330 0.026530 -0.409841
v 0.066812 0.026530 -0.421664
v 0.075664 0.035382 -0.409841
v 0.074039 0.033757 -0.416668
v 0.075664 0.026530 -0.418201
v 0.066812 0.035382 -0.418201
v -0.066812 0.026530 -0.421664
v -0.079330 0.026530 -0.409841
v -0.066812 0.035382 -0.418201
v -0.075664 0.026530 -0.418201
v -0.075664 0.035382 -0.409841
v -0.089712 -0.075445 -0.124877
v -0.102230 -0.075445 -0.136700
v -0.089712 -0.087964 -0.136700
v -0.098564 -0.075445 -0.128340
v -0.096939 -0.082673 -0.129874
v -0.098564 -0.084297 -0.136700
v -0.089712 -0.084297 -0.128340
v 0.089712 -0.087964 -0.136700
v 0.089712 -0.075445 -0.124877
v 0.098564 -0.084297 -0.136700
v 0.096940 -0.082673 -0.129874
v 0.098564 -0.075445 -0.128340
v 0.089712 -0.084297 -0.128340
v -0.089712 -0.087964 -0.370861
v -0.089712 -0.075445 -0.382684
v -0.098564 -0.084297 -0.370861
v -0.096939 -0.082673 -0.377686
v -0.098564 -0.075445 -0.379221
v 0.102230 -0.075445 -0.370861
v 0.098564 -0.075445 -0.379221
v 0.096940 -0.082673 -0.377686
v 0.098564 -0.084297 -0.370861
v 0.089712 -0.084297 -0.379221
v 0.089712 0.109513 -0.136700
v 0.089712 0.096994 -0.124877
v 0.102230 0.096994 -0.136700
v 0.089712 0.105846 -0.128340
v 0.096940 0.104222 -0.129874
v 0.098564 0.096994 -0.128340
v 0.098564 0.105846 -0.136700
v -0.089712 0.096994 -0.124877
v -0.102230 0.096994 -0.136700
v -0.089712 0.105846 -0.128340
v -0.096939 0.104222 -0.129874
v -0.098564 0.096994 -0.128340
v 0.089712 0.096994 -0.382684
v 0.089712 0.109513 -0.370861
v 0.102230 0.096994 -0.370861
v 0.089712 0.105846 -0.379221
v 0.098564 0.105846 -0.370861
v 0.098564 0.096994 -0.379221
v -0.089712 0.096994 -0.382684
v -0.089712 0.105846 -0.379221
v -0.098564 0.096994 -0.379221
v -0.098564 0.105846 -0.370861
v -0.110259 -0.005329 -0.294396
v -0.110259 0.007190 -0.282573
v -0.122778 0.007190 -0.294396
v -0.110259 -0.001662 -0.286036
v -0.117487 -0.000038 -0.287570
v -0.119111 0.007190 -0.286036
v -0.119111 -0.001662 -0.294396
v -0.110259 -0.005329 -0.330071
v -0.122778 0.007190 -0.330072
v -0.110259 0.007190 -0.341894
v -0.119111 -0.001662 -0.330072
v -0.117487 -0.000038 -0.336897
v -0.119111 0.007190 -0.338431
v -0.110259 -0.001662 -0.338431
v -0.110259 0.066735 -0.294396
v -0.122778 0.054217 -0.294396
v -0.110259 0.054217 -0.282573
v -0.119111 0.063069 -0.294396
v -0.117487 0.061445 -0.287570
v -0.119111 0.054217 -0.286036
v -0.110259 0.063069 -0.286036
v -0.110259 0.066735 -0.330071
v -0.110259 0.054217 -0.341894
v -0.122778 0.054217 -0.330072
v -0.110259 0.063069 -0.338431
v -0.117487 0.061445 -0.336897
v -0.119111 0.054217 -0.338431
v -0.119111 0.063069 -0.330072
v -0.109017 -0.005329 -0.330071
v -0.109017 0.007190 -0.341894
v -0.096499 0.007190 -0.330072
v -0.109017 -0.001662 -0.338431
v -0.101789 -0.000038 -0.336897
v -0.100165 0.007190 -0.338431
v -0.100165 -0.001662 -0.330072
v -0.109017 -0.005329 -0.294396
v -0.096499 0.007190 -0.294396
v -0.109017 0.007190 -0.282573
v -0.100165 -0.001662 -0.294396
v -0.101789 -0.000038 -0.287570
v -0.100165 0.007190 -0.286036
v -0.109017 -0.001662 -0.286036
v -0.109017 0.066735 -0.330071
v -0.096499 0.054217 -0.330072
v -0.109017 0.054217 -0.341894
v -0.100165 0.063069 -0.330072
v -0.101789 0.061445 -0.336897
v -0.100165 0.054217 -0.338431
v -0.109017 0.063069 -0.338431
v -0.109017 0.066735 -0.294396
v -0.109017 0.054217 -0.282573
v -0.096499 0.054217 -0.294396
v -0.109017 0.063069 -0.286036
v -0.101789 0.061445 -0.287570
v -0.100165 0.054217 -0.286036
v -0.100165 0.063069 -0.294396
v 0.053066 -0.037630 0.383840
v 0.053066 -0.025112 0.372017
v 0.065584 -0.025112 0.383840
v 0.053066 -0.033963 0.375480
v -0.053066 -0.037630 0.383840
v -0.065584 -0.025112 0.383840
v -0.060294 -0.032339 0.377015
v -0.053066 -0.033963 0.375480
v 0.053066 0.061397 0.372017
v 0.061918 0.036360 0.375480
v 0.061918 0.048878 0.375480
v 0.053066 0.048878 0.372017
v 0.061918 0.061397 0.375480
v -0.053066 0.036360 0.372017
v -0.053066 0.048878 0.372017
v -0.061918 0.036360 0.375480
v 0.065584 -0.025112 0.446367
v 0.053066 -0.037630 0.458189
v 0.061918 -0.033963 0.458189
v 0.065584 -0.025112 0.458189
v 0.061918 -0.033963 0.470012
v -0.065584 -0.025112 0.446367
v -0.053066 -0.037630 0.446367
v -0.061918 -0.033963 0.458189
v -0.053066 -0.037630 0.458189
v 0.053066 0.061397 0.458189
v 0.063531 0.048878 0.458189
v 0.065584 0.048878 0.446367
v 0.061918 0.061397 0.454726
v -0.065584 0.036360 0.470012
v -0.053066 0.061397 0.458189
v -0.053066 0.052545 0.461652
v -0.061918 0.061397 0.454726
v 0.053066 0.122607 0.372017
v 0.053066 0.135126 0.383840
v 0.065584 0.122607 0.383840
v 0.061918 0.131459 0.383840
v 0.061918 0.122607 0.375480
v -0.053066 0.122607 0.372017
v -0.065584 0.122607 0.383840
v -0.053066 0.135126 0.383840
v -0.061918 0.122607 0.375480
v -0.060294 0.129835 0.377015
v -0.061918 0.131459 0.383840
v 0.065584 0.122607 0.446367
v 0.053066 0.135126 0.446367
v 0.061918 0.122607 0.454726
v 0.060294 0.129835 0.453192
v 0.061918 0.131459 0.446367
v -0.065584 0.122607 0.446367
v 0.053066 -0.037630 0.537297
v 0.053066 -0.037630 0.513651
v 0.065584 -0.025112 0.537297
v 0.061918 -0.033963 0.525474
v 0.061918 -0.033963 0.513651
v 0.061918 -0.033963 0.537297
v -0.065584 -0.025112 0.537297
v -0.061918 -0.033963 0.537297
v -0.061918 -0.033963 0.525474
v -0.061918 -0.033963 0.513651
v -0.053066 -0.037630 0.525474
v 0.065584 0.036360 0.513651
v 0.053066 0.061397 0.525474
v 0.061918 0.045211 0.513651
v 0.053066 0.052545 0.522011
v 0.061918 0.061397 0.528937
v -0.065584 0.036360 0.537297
v -0.053066 0.061397 0.525474
v -0.053066 0.048878 0.513651
v -0.065584 0.036360 0.513651
v -0.063531 0.048878 0.525474
v -0.061918 0.061397 0.528937
v -0.053066 0.052545 0.522011
v -0.061918 0.045211 0.513651
v -0.065584 0.036360 0.525474
v 0.053066 -0.037630 0.541357
v 0.065584 -0.025112 0.541357
v 0.053066 -0.025112 0.553180
v 0.061918 -0.033963 0.541357
v -0.060294 -0.032339 0.548182
v -0.061918 -0.025112 0.549717
v 0.065584 0.036360 0.541357
v 0.065584 0.061397 0.541357
v 0.053066 0.036360 0.553180
v 0.061918 0.061397 0.549717
v -0.065584 0.036360 0.541357
v -0.053066 0.061397 0.553180
v -0.065584 0.061397 0.541357
v -0.065584 0.048878 0.541357
v 0.053066 0.106153 0.513651
v 0.065584 0.093634 0.537297
v 0.053066 0.093634 0.525474
v 0.065584 0.106153 0.537297
v 0.053066 0.102486 0.522011
v -0.053066 0.106153 0.513651
v -0.065584 0.118671 0.537297
v -0.053066 0.102486 0.522011
v -0.065584 0.106153 0.537297
v 0.053066 0.093634 0.553180
v 0.065584 0.093634 0.541357
v 0.061918 0.106153 0.549717
v 0.061918 0.118671 0.549717
v -0.053066 0.118671 0.553180
v -0.065584 0.118671 0.541357
v -0.061918 0.118671 0.549717
v -0.053066 0.106153 0.553180
v 0.053066 0.134091 0.513651
v 0.065584 0.121573 0.537297
v 0.053066 0.134091 0.525474
v 0.065584 0.121573 0.525474
v 0.061918 0.130425 0.513651
v -0.065584 0.121573 0.513651
v -0.065584 0.121573 0.525474
v -0.053066 0.134091 0.525474
v 0.061918 0.130425 0.541357
v -0.053066 0.121573 0.553180
v -0.053066 0.134091 0.541357
v -0.060294 0.128801 0.548182
v 0.065584 0.118671 0.501676
v 0.060294 0.111443 0.494849
v 0.061918 0.118671 0.493315
v 0.061918 0.109820 0.501676
v -0.053066 0.106153 0.501676
v -0.065584 0.118671 0.501676
v -0.053066 0.118671 0.489853
v -0.061918 0.109820 0.501676
v -0.060294 0.111443 0.494849
v -0.061918 0.118671 0.493315
v 0.065584 0.121573 0.501676
v 0.060294 0.128801 0.494849
v 0.053066 0.130425 0.493315
v -0.053066 0.130425 0.493315
v -0.060294 0.128801 0.494849
v -0.061918 0.121573 0.493315
v -0.061918 0.130425 0.501676
v 0.089712 -0.087964 -0.354252
v 0.102230 -0.075445 -0.330606
v 0.089712 -0.087964 -0.330606
v 0.098564 -0.084297 -0.342429
v 0.102230 -0.075445 -0.342429
v 0.098564 -0.084297 -0.330606
v 0.089712 -0.087964 -0.342429
v -0.089712 -0.087964 -0.330606
v -0.102230 -0.075445 -0.330606
v -0.102230 -0.075445 -0.354252
v -0.098564 -0.084297 -0.330606
v -0.098564 -0.084297 -0.354252
v 0.089712 0.109513 -0.330606
v 0.102230 0.096994 -0.330606
v 0.098564 0.105846 -0.342429
v 0.098564 0.105846 -0.330606
v 0.098564 0.105846 -0.354252
v -0.089712 0.109513 -0.330606
v -0.089712 0.109513 -0.354252
v -0.102230 0.096994 -0.354252
v -0.102230 0.096994 -0.330606
v -0.089712 0.109513 -0.342429
v -0.098564 0.105846 -0.342429
v -0.098564 0.105846 -0.354252
v -0.102230 0.096994 -0.342429
v -0.098564 0.105846 -0.330606
v 0.108970 0.097167 -0.160294
v 0.108970 0.084648 -0.172116
v 0.116198 0.089939 -0.165291
v 0.117822 0.088314 -0.172116
v -0.108970 0.097167 -0.160294
v -0.121489 0.097167 -0.172116
v -0.117822 0.097167 -0.163757
v -0.116198 0.089939 -0.165291
v -0.108970 0.088314 -0.163757
v 0.108970 0.097167 -0.399007
v 0.121489 0.097167 -0.387184
v 0.108970 0.084648 -0.387184
v 0.116198 0.089939 -0.394010
v -0.108970 0.097167 -0.399007
v -0.108970 0.084648 -0.387184
v -0.121489 0.097167 -0.387184
v -0.116198 0.089939 -0.394010
v -0.117822 0.088314 -0.387184
v -0.117822 0.097167 -0.395544
v 0.108970 0.194649 -0.160294
v 0.121489 0.194649 -0.172116
v 0.108970 0.207168 -0.172116
v 0.116198 0.201877 -0.165291
v 0.117822 0.203501 -0.172116
v 0.108970 0.203501 -0.163757
v -0.108970 0.194649 -0.160294
v -0.108970 0.207168 -0.172116
v -0.121489 0.194649 -0.172116
v -0.117822 0.203501 -0.172116
v -0.117822 0.194649 -0.163757
v 0.108970 0.194649 -0.399007
v 0.108970 0.207168 -0.387184
v 0.121489 0.194649 -0.387184
v 0.108970 0.203501 -0.395544
v 0.117822 0.203501 -0.387184
v 0.117822 0.194649 -0.395544
v -0.108970 0.194649 -0.399007
v -0.108970 0.207168 -0.387184
v -0.117822 0.194649 -0.395544
v -0.117822 0.203501 -0.387184
v -0.108970 0.203501 -0.395544
v -0.064744 0.072878 -0.198208
v -0.075105 0.065815 -0.186384
v -0.062191 0.044315 -0.186384
v -0.051852 0.051414 -0.198208
v -0.067702 0.070682 -0.189847
v -0.061331 0.060074 -0.189847
v -0.068648 0.055065 -0.186384
v -0.054799 0.049199 -0.189847
v -0.058298 0.062146 -0.198208
v -0.051852 0.051414 -0.244398
v -0.062191 0.044315 -0.256220
v -0.075105 0.065815 -0.256220
v -0.064744 0.072878 -0.244398
v -0.054799 0.049199 -0.252758
v -0.061331 0.060074 -0.252758
v -0.068648 0.055065 -0.256220
v -0.067702 0.070682 -0.252758
v -0.058298 0.062146 -0.244398
v -0.172033 -0.000502 -0.186384
v -0.182372 -0.007602 -0.198208
v -0.169480 -0.029065 -0.198208
v -0.159119 -0.022002 -0.186384
v -0.179425 -0.005387 -0.189847
v -0.172893 -0.016261 -0.189847
v -0.175926 -0.018334 -0.198208
v -0.166522 -0.026869 -0.189847
v -0.165576 -0.011252 -0.186384
v -0.182372 -0.007602 -0.244398
v -0.172033 -0.000502 -0.256220
v -0.159119 -0.022002 -0.256220
v -0.169480 -0.029065 -0.244398
v -0.179425 -0.005387 -0.252757
v -0.172893 -0.016261 -0.252757
v -0.165576 -0.011252 -0.256220
v -0.166522 -0.026869 -0.252758
v -0.175926 -0.018334 -0.244398
v 0.025025 -0.021014 -0.417409
v 0.037543 -0.008495 -0.417409
v 0.025025 -0.008495 -0.405587
v 0.033876 -0.017348 -0.417409
v 0.033876 -0.008495 -0.409050
v 0.025025 -0.017348 -0.409050
v -0.025025 -0.021014 -0.417409
v -0.025025 -0.008495 -0.405587
v -0.037543 -0.008495 -0.417409
v -0.025025 -0.017348 -0.409050
v -0.033876 -0.008495 -0.409050
v 0.025025 0.035994 -0.417409
v 0.037543 0.023476 -0.417409
v 0.032252 0.030703 -0.410584
v 0.033876 0.023476 -0.409050
v 0.033876 0.032328 -0.417409
v -0.037543 0.023476 -0.417409
v -0.025025 0.023476 -0.405587
v -0.033876 0.032328 -0.417409
v -0.032252 0.030703 -0.410584
v -0.033876 0.023476 -0.409050
v -0.025025 0.032328 -0.409050
v 0.025025 -0.021014 -0.428047
v 0.037543 -0.008495 -0.428047
v 0.025025 -0.017348 -0.436407
v 0.033876 -0.008495 -0.436407
v -0.025025 -0.021014 -0.428047
v -0.037543 -0.008495 -0.428047
v -0.025025 -0.008495 -0.439870
v -0.033876 -0.017348 -0.428047
v -0.032252 -0.015723 -0.434873
v -0.033876 -0.008495 -0.436407
v -0.025025 -0.017348 -0.436407
v 0.025025 0.035994 -0.428047
v 0.025025 0.023476 -0.439870
v 0.033876 0.032328 -0.428047
v 0.032252 0.030703 -0.434873
v 0.033876 0.023476 -0.436407
v 0.025025 0.032328 -0.436407
v -0.025025 0.035994 -0.428047
v -0.032252 0.030703 -0.434873
v -0.033876 0.023476 -0.436407
v -0.033876 0.032328 -0.428047
v 0.049665 0.047773 -0.198208
v 0.060026 0.040710 -0.186384
v 0.053551 0.029973 -0.198208
v 0.052706 0.045706 -0.189847
v 0.050316 0.038591 -0.191381
v 0.055453 0.033119 -0.189847
v 0.048127 0.038113 -0.198208
v 0.049665 0.047773 -0.244398
v 0.053551 0.029973 -0.244398
v 0.060026 0.040710 -0.256220
v 0.048127 0.038113 -0.244398
v 0.050316 0.038591 -0.251223
v 0.055453 0.033119 -0.252757
v 0.052706 0.045706 -0.252757
v 0.167293 -0.032706 -0.198208
v 0.150515 -0.036369 -0.198208
v 0.156954 -0.025607 -0.186384
v 0.159710 -0.038231 -0.198208
v 0.159203 -0.035909 -0.191381
v 0.152400 -0.033210 -0.189847
v 0.164263 -0.030620 -0.189847
v 0.167293 -0.032706 -0.244398
v 0.156954 -0.025607 -0.256220
v 0.150515 -0.036369 -0.244398
v 0.164263 -0.030620 -0.252757
v 0.159203 -0.035909 -0.251223
v 0.152400 -0.033210 -0.252757
v 0.159710 -0.038231 -0.244398
v 0.066931 0.076520 -0.244398
v 0.077270 0.069420 -0.256220
v 0.083709 0.080182 -0.244398
v 0.069961 0.074434 -0.252758
v 0.075021 0.079721 -0.251223
v 0.081824 0.077023 -0.252758
v 0.074514 0.082044 -0.244398
v 0.066931 0.076520 -0.198208
v 0.083709 0.080182 -0.198208
v 0.077270 0.069420 -0.186384
v 0.074514 0.082044 -0.198208
v 0.075021 0.079721 -0.191381
v 0.081824 0.077023 -0.189847
v 0.069961 0.074434 -0.189847
v 0.184559 -0.003960 -0.244398
v 0.180673 0.013841 -0.244398
v 0.174198 0.003103 -0.256220
v 0.186097 0.005700 -0.244398
v 0.183908 0.005222 -0.251223
v 0.178771 0.010694 -0.252757
v 0.181518 -0.001893 -0.252757
v 0.184559 -0.003960 -0.198208
v 0.174198 0.003103 -0.186384
v 0.180673 0.013841 -0.198208
v 0.181518 -0.001893 -0.189847
v 0.183908 0.005222 -0.191381
v 0.178771 0.010694 -0.189847
v 0.186097 0.005700 -0.198208
v 0.066812 -0.070557 -0.351532
v 0.066812 -0.079408 -0.354994
v -0.075664 -0.079408 -0.363354
v -0.079330 0.026530 -0.363354
v 0.079330 0.026530 -0.363354
v 0.074039 0.033757 -0.356529
v 0.075664 0.026530 -0.354994
v 0.066812 0.035382 -0.354994
v -0.066812 0.039048 -0.409841
v -0.074039 0.033757 -0.416668
v 0.102230 -0.075445 -0.136700
v 0.089712 -0.087964 -0.370861
v 0.089712 -0.075445 -0.382684
v -0.102230 -0.075445 -0.370861
v -0.089712 -0.084297 -0.379221
v -0.089712 0.109513 -0.136700
v -0.098564 0.105846 -0.136700
v -0.089712 0.109513 -0.370861
v -0.102230 0.096994 -0.370861
v -0.096940 0.104222 -0.377686
v 0.096939 0.104222 -0.377686
v 0.110259 -0.005329 -0.294396
v 0.110259 0.007190 -0.282573
v 0.122778 0.007190 -0.294396
v 0.110259 -0.001662 -0.286036
v 0.117487 -0.000038 -0.287570
v 0.119111 0.007190 -0.286036
v 0.119111 -0.001662 -0.294396
v 0.110259 -0.005329 -0.330071
v 0.122778 0.007190 -0.330072
v 0.110259 0.007190 -0.341894
v 0.119111 -0.001662 -0.330072
v 0.117487 -0.000038 -0.336897
v 0.119111 0.007190 -0.338431
v 0.110259 -0.001662 -0.338431
v 0.110259 0.066735 -0.294396
v 0.122778 0.054217 -0.294396
v 0.110259 0.054217 -0.282573
v 0.119111 0.063069 -0.294396
v 0.117487 0.061445 -0.287570
v 0.119111 0.054217 -0.286036
v 0.110259 0.063069 -0.286036
v 0.110259 0.066735 -0.330071
v 0.110259 0.054217 -0.341894
v 0.122778 0.054217 -0.330072
v 0.110259 0.063069 -0.338431
v 0.117487 0.061445 -0.336897
v 0.119111 0.054217 -0.338431
v 0.119111 0.063069 -0.330072
v 0.109017 -0.005329 -0.330071
v 0.109017 0.007190 -0.341894
v 0.096499 0.007190 -0.330072
v 0.109017 -0.001662 -0.338431
v 0.101789 -0.000038 -0.336897
v 0.100165 0.007190 -0.338431
v 0.100165 -0.001662 -0.330072
v 0.109017 -0.005329 -0.294396
v 0.096499 0.007190 -0.294396
v 0.109017 0.007190 -0.282573
v 0.100165 -0.001662 -0.294396
v 0.101789 -0.000038 -0.287570
v 0.100165 0.007190 -0.286036
v 0.109017 -0.001662 -0.286036
v 0.109017 0.066735 -0.330071
v 0.096499 0.054217 -0.330072
v 0.109017 0.054217 -0.341894
v 0.100165 0.063069 -0.330072
v 0.101789 0.061445 -0.336897
v 0.100165 0.054217 -0.338431
v 0.109017 0.063069 -0.338431
v 0.109017 0.066735 -0.294396
v 0.109017 0.054217 -0.282573
v 0.096499 0.054217 -0.294396
v 0.109017 0.063069 -0.286036
v 0.101789 0.061445 -0.287570
v 0.100165 0.054217 -0.286036
v 0.100165 0.063069 -0.294396
v -0.053066 -0.025112 0.372017
v -0.061918 -0.025112 0.375480
v -0.061918 -0.033963 0.383840
v 0.061918 -0.033963 0.383840
v 0.060294 -0.032339 0.377015
v 0.061918 -0.025112 0.375480
v -0.065584 0.036360 0.383840
v -0.053066 0.061397 0.372017
v -0.065584 0.061397 0.383840
v -0.061918 0.048878 0.375480
v -0.061918 0.061397 0.375480
v -0.065584 0.048878 0.383840
v 0.065584 0.036360 0.383840
v 0.065584 0.061397 0.383840
v 0.053066 0.036360 0.372017
v 0.065584 0.048878 0.383840
v -0.053066 -0.037630 0.470012
v -0.065584 -0.025112 0.470012
v -0.061918 -0.033963 0.446367
v -0.065584 -0.025112 0.458189
v -0.061918 -0.033963 0.470012
v 0.053066 -0.037630 0.470012
v 0.065584 -0.025112 0.470012
v 0.053066 -0.037630 0.446367
v 0.061918 -0.033963 0.446367
v -0.065584 0.036360 0.446367
v -0.065584 0.061397 0.446367
v -0.053066 0.048878 0.470012
v -0.065584 0.036360 0.458189
v -0.063531 0.048878 0.458189
v -0.065584 0.048878 0.446367
v -0.061918 0.045211 0.470012
v 0.065584 0.036360 0.470012
v 0.053066 0.048878 0.470012
v 0.065584 0.061397 0.446367
v 0.065584 0.036360 0.446367
v 0.061918 0.045211 0.470012
v 0.053066 0.052545 0.461652
v 0.065584 0.036360 0.458189
v -0.053066 0.131459 0.375480
v 0.060294 0.129835 0.377015
v 0.053066 0.131459 0.375480
v -0.053066 0.122607 0.458189
v -0.053066 0.135126 0.446367
v -0.061918 0.122607 0.454726
v -0.060294 0.129835 0.453192
v -0.061918 0.131459 0.446367
v -0.053066 0.131459 0.454726
v 0.053066 0.122607 0.458189
v 0.053066 0.131459 0.454726
v -0.053066 -0.037630 0.537297
v -0.053066 -0.037630 0.513651
v -0.065584 -0.025112 0.513651
v -0.065584 -0.025112 0.525474
v 0.065584 -0.025112 0.513651
v 0.065584 -0.025112 0.525474
v 0.053066 -0.037630 0.525474
v -0.065584 0.061397 0.537297
v -0.065584 0.048878 0.537297
v 0.065584 0.036360 0.537297
v 0.065584 0.061397 0.537297
v 0.053066 0.048878 0.513651
v 0.065584 0.048878 0.537297
v 0.063531 0.048878 0.525474
v 0.065584 0.036360 0.525474
v -0.053066 -0.037630 0.541357
v -0.065584 -0.025112 0.541357
v -0.053066 -0.025112 0.553180
v -0.061918 -0.033963 0.541357
v -0.053066 -0.033963 0.549717
v 0.053066 -0.033963 0.549717
v 0.060294 -0.032339 0.548182
v 0.061918 -0.025112 0.549717
v -0.053066 0.036360 0.553180
v -0.061918 0.048878 0.549717
v -0.061918 0.061397 0.549717
v -0.053066 0.048878 0.553180
v -0.061918 0.036360 0.549717
v 0.053066 0.061397 0.553180
v 0.061918 0.036360 0.549717
v 0.061918 0.048878 0.549717
v 0.053066 0.048878 0.553180
v 0.065584 0.048878 0.541357
v -0.065584 0.118671 0.513651
v -0.065584 0.093634 0.537297
v -0.053066 0.093634 0.525474
v -0.061918 0.109820 0.513651
v -0.063531 0.106153 0.525474
v -0.065584 0.118671 0.525474
v -0.061918 0.093634 0.528937
v 0.065584 0.118671 0.537297
v 0.065584 0.118671 0.513651
v 0.063531 0.106153 0.525474
v 0.061918 0.093634 0.528937
v 0.065584 0.118671 0.525474
v 0.061918 0.109820 0.513651
v -0.053066 0.093634 0.553180
v -0.065584 0.093634 0.541357
v -0.061918 0.106153 0.549717
v -0.061918 0.093634 0.549717
v -0.065584 0.106153 0.541357
v 0.053066 0.118671 0.553180
v 0.065584 0.118671 0.541357
v 0.065584 0.106153 0.541357
v 0.061918 0.093634 0.549717
v 0.053066 0.106153 0.553180
v -0.053066 0.134091 0.513651
v -0.053066 0.134091 0.537297
v -0.065584 0.121573 0.537297
v -0.061918 0.130425 0.525474
v -0.061918 0.130425 0.537297
v -0.061918 0.130425 0.513651
v 0.065584 0.121573 0.513651
v 0.053066 0.134091 0.537297
v 0.061918 0.130425 0.525474
v 0.061918 0.130425 0.537297
v -0.065584 0.121573 0.541357
v -0.061918 0.121573 0.549717
v -0.061918 0.130425 0.541357
v -0.053066 0.130425 0.549717
v 0.053066 0.121573 0.553180
v 0.053066 0.134091 0.541357
v 0.065584 0.121573 0.541357
v 0.053066 0.130425 0.549717
v 0.060294 0.128801 0.548182
v 0.061918 0.121573 0.549717
v -0.053066 0.109820 0.493315
v 0.053066 0.106153 0.501676
v 0.053066 0.118671 0.489853
v 0.053066 0.109820 0.493315
v -0.053066 0.134091 0.501676
v -0.065584 0.121573 0.501676
v -0.053066 0.121573 0.489853
v 0.053066 0.134091 0.501676
v 0.053066 0.121573 0.489853
v 0.061918 0.121573 0.493315
v 0.061918 0.130425 0.501676
v -0.089712 -0.087964 -0.354252
v -0.098564 -0.084297 -0.342429
v -0.102230 -0.075445 -0.342429
v -0.089712 -0.087964 -0.342429
v 0.102230 -0.075445 -0.354252
v 0.098564 -0.084297 -0.354252
v 0.089712 0.109513 -0.354252
v 0.102230 0.096994 -0.354252
v 0.089712 0.109513 -0.342429
v 0.102230 0.096994 -0.342429
v -0.108970 0.084648 -0.172116
v -0.117822 0.088314 -0.172116
v 0.121489 0.097167 -0.172116
v 0.117822 0.097167 -0.163757
v 0.108970 0.088314 -0.163757
v -0.108970 0.088314 -0.395544
v 0.108970 0.088314 -0.395544
v 0.117822 0.088314 -0.387184
v 0.117822 0.097167 -0.395544
v -0.116198 0.201877 -0.165291
v -0.108970 0.203501 -0.163757
v 0.117822 0.194649 -0.163757
v -0.121489 0.194649 -0.387184
v -0.116198 0.201877 -0.394010
v 0.116198 0.201877 -0.394010
v 0.064744 0.072878 -0.198208
v 0.075105 0.065815 -0.186384
v 0.062191 0.044315 -0.186384
v 0.051852 0.051414 -0.198208
v 0.067702 0.070682 -0.189847
v 0.061331 0.060074 -0.189847
v 0.068648 0.055065 -0.186384
v 0.054799 0.049199 -0.189847
v 0.058298 0.062146 -0.198208
v 0.051852 0.051414 -0.244398
v 0.062191 0.044315 -0.256220
v 0.075105 0.065815 -0.256220
v 0.064744 0.072878 -0.244398
v 0.054799 0.049199 -0.252758
v 0.061331 0.060074 -0.252758
v 0.068648 0.055065 -0.256220
v 0.067702 0.070682 -0.252758
v 0.058298 0.062146 -0.244398
v 0.172033 -0.000502 -0.186384
v 0.182372 -0.007602 -0.198208
v 0.169480 -0.029065 -0.198208
v 0.159119 -0.022002 -0.186384
v 0.179425 -0.005387 -0.189847
v 0.172893 -0.016261 -0.189847
v 0.175926 -0.018334 -0.198208
v 0.166522 -0.026869 -0.189847
v 0.165576 -0.011252 -0.186384
v 0.182372 -0.007602 -0.244398
v 0.172033 -0.000502 -0.256220
v 0.159119 -0.022002 -0.256220
v 0.169480 -0.029065 -0.244398
v 0.179425 -0.005387 -0.252757
v 0.172893 -0.016261 -0.252757
v 0.165576 -0.011252 -0.256220
v 0.166522 -0.026869 -0.252758
v 0.175926 -0.018334 -0.244398
v -0.033876 -0.017348 -0.417409
v -0.032252 -0.015723 -0.410584
v 0.032252 -0.015723 -0.410584
v -0.025025 0.035994 -0.417409
v 0.025025 0.023476 -0.405587
v 0.025025 0.032328 -0.409050
v 0.025025 -0.008495 -0.439870
v 0.033876 -0.017348 -0.428047
v 0.032252 -0.015723 -0.434873
v -0.037543 0.023476 -0.428047
v -0.025025 0.023476 -0.439870
v -0.025025 0.032328 -0.436407
v 0.037543 0.023476 -0.428047
vn -0.5221 0.8529 -0.0000
vn -1.0000 -0.0000 -0.0000
vn -0.5221 -0.8529 -0.0000
vn 1.0000 -0.0000 -0.0000
vn 0.0441 0.0280 0.9986
vn 0.0624 0.0154 0.9979
vn 0.0819 0.0021 0.9966
vn -0.0433 0.0284 -0.9987
vn -0.0647 0.0138 -0.9978
vn -0.0851 -0.0002 -0.9964
vn -0.0440 -0.0279 -0.9986
vn -0.0624 -0.0154 -0.9979
vn -0.0291 -0.0381 -0.9988
vn -0.0805 0.0271 -0.9964
vn -0.0821 0.0186 -0.9964
vn -0.0802 0.0281 -0.9964
vn -0.0824 -0.0064 -0.9966
vn -0.0838 -0.0146 -0.9964
vn -0.0822 -0.0049 -0.9966
vn 0.0434 -0.0284 0.9987
vn 0.0648 -0.0138 0.9978
vn 0.0291 -0.0382 0.9988
vn 0.0825 0.0064 0.9966
vn 0.0839 0.0147 0.9964
vn 0.0840 0.0156 0.9963
vn 0.0805 -0.0271 0.9964
vn 0.0822 -0.0186 0.9964
vn 0.0826 -0.0167 0.9964
vn 0.7840 0.6207 -0.0000
vn 0.7841 0.6207 -0.0000
vn 0.7841 -0.6207 -0.0000
vn -0.9966 -0.0818 -0.0000
vn -0.7001 0.7140 -0.0000
vn -0.4082 -0.9129 -0.0000
vn -0.4082 0.9129 -0.0000
vn 0.0473 -0.0589 0.9971
vn 0.0400 -0.0646 0.9971
vn 0.0611 -0.0480 0.9970
vn -0.0412 -0.0547 -0.9977
vn -0.0398 -0.0562 -0.9976
vn -0.0574 -0.0377 -0.9976
vn -0.0473 0.0588 -0.9971
vn -0.0400 0.0645 -0.9971
vn -0.0294 0.0728 -0.9969
vn -0.0639 0.0840 -0.9944
vn -0.0607 0.0634 -0.9961
vn -0.0604 0.0616 -0.9963
vn -0.0659 0.0728 -0.9952
vn -0.0747 0.0188 -0.9970
vn -0.0644 0.0815 -0.9946
vn 0.0814 -0.0265 0.9963
vn 0.0830 -0.0246 0.9962
vn 0.0882 -0.0179 0.9959
vn 0.0659 -0.0728 0.9952
vn 0.0747 -0.0188 0.9970
vn 0.0755 -0.0140 0.9970
vn 0.0639 -0.0841 0.9944
vn 0.0607 -0.0634 0.9961
vn 0.0644 -0.0874 0.9941
vn -0.7840 -0.6207 -0.0000
vn -0.7841 0.6207 -0.0000
vn 0.8528 0.5222 -0.0000
vn 0.9055 -0.4244 -0.0000
vn 0.0413 0.0547 0.9976
vn 0.0398 0.0562 0.9976
vn 0.0277 0.0689 0.9972
vn 0.0553 0.0980 0.9936
vn 0.0577 0.0695 0.9959
vn 0.0542 0.0763 0.9956
vn 0.0569 0.0796 0.9952
vn 0.0560 0.0909 0.9943
vn -0.0716 -0.0581 -0.9957
vn -0.0689 -0.0547 -0.9961
vn -0.0813 -0.0702 -0.9942
vn -0.0568 -0.0794 -0.9952
vn -0.0562 -0.0747 -0.9956
vn -0.0584 -0.0716 -0.9957
vn -0.0553 -0.0980 -0.9937
vn -0.0560 -0.0908 -0.9943
vn -0.5911 -0.8066 -0.0000
vn -0.5911 0.8066 -0.0000
vn -0.0814 0.0266 -0.9963
vn -0.0830 0.0246 -0.9962
vn -0.0763 0.0331 -0.9965
vn -0.0879 -0.0108 -0.9961
vn -0.0857 0.0083 -0.9963
vn -0.0880 -0.0118 -0.9961
vn -0.0817 -0.0418 -0.9958
vn -0.0854 0.0001 -0.9963
vn -0.0856 0.0024 -0.9963
vn 0.5770 0.8167 -0.0000
vn 0.7549 -0.6559 -0.0000
vn 0.0717 0.0582 0.9957
vn 0.0689 0.0547 0.9961
vn 0.0594 0.0429 0.9973
vn 0.0818 0.0417 0.9958
vn 0.0854 -0.0001 0.9963
vn 0.0816 0.0435 0.9957
vn 0.0878 0.0100 0.9961
vn 0.0857 -0.0084 0.9963
vn 0.0855 -0.0100 0.9963
vn 0.0670 0.9978 -0.0000
vn -0.0837 -0.9965 -0.0000
vn -0.0030 0.0556 0.9985
vn -0.0052 0.0584 0.9983
vn 0.0042 0.0462 0.9989
vn 0.0071 0.0666 -0.9978
vn 0.0080 0.0656 -0.9978
vn 0.0126 0.0598 -0.9981
vn 0.0158 -0.0826 -0.9965
vn 0.0242 -0.0909 -0.9956
vn 0.0223 -0.0660 -0.9976
vn 0.0232 -0.1022 -0.9945
vn 0.0321 -0.0476 -0.9984
vn 0.0274 -0.0010 -0.9996
vn 0.0315 -0.0267 -0.9991
vn 0.0321 -0.0308 -0.9990
vn -0.0246 -0.0205 0.9995
vn -0.0236 -0.0218 0.9995
vn -0.0280 -0.0163 0.9995
vn -0.0314 0.0269 0.9991
vn -0.0275 0.0025 0.9996
vn -0.0320 0.0308 0.9990
vn -0.0232 0.1017 0.9945
vn -0.0222 0.0666 0.9975
vn -0.0320 0.0476 0.9984
vn -0.7840 0.6207 -0.0000
vn -0.7841 -0.6207 -0.0000
vn -0.0080 -0.0656 0.9978
vn -0.0071 -0.0667 0.9977
vn -0.0126 -0.0599 0.9981
vn -0.0157 -0.0860 0.9962
vn -0.0160 -0.0928 0.9956
vn -0.0159 -0.0868 0.9961
vn -0.0163 -0.0873 0.9960
vn 0.0151 0.0870 -0.9961
vn 0.0163 0.0901 -0.9958
vn 0.0163 0.0873 -0.9961
vn 0.0160 0.0928 -0.9956
vn 0.0159 0.0868 -0.9961
vn 0.0157 0.0860 -0.9962
vn 0.0235 0.0216 -0.9995
vn 0.0245 0.0204 -0.9995
vn 0.0277 0.0162 -0.9995
vn 0.0148 0.0715 -0.9973
vn 0.0199 0.0282 -0.9994
vn 0.0201 0.0260 -0.9995
vn 0.0151 0.0884 -0.9960
vn 0.0150 0.0821 -0.9965
vn 0.8920 -0.4521 -0.0000
vn 0.7549 0.6559 -0.0000
vn -0.0163 -0.0902 0.9958
vn -0.0155 -0.0868 0.9961
vn -0.0150 -0.0821 0.9965
vn -0.0151 -0.0884 0.9960
vn -0.0199 -0.0282 0.9994
vn -0.0148 -0.0715 0.9973
vn -0.0201 -0.0260 0.9995
vn -0.5329 0.8462 -0.0000
vn -0.5329 -0.8462 -0.0000
vn 0.0052 -0.0583 -0.9983
vn 0.0030 -0.0555 -0.9985
vn -0.0042 -0.0462 -0.9989
vn 0.0137 -0.0776 -0.9969
vn 0.0139 -0.0884 -0.9960
vn 0.0137 -0.0793 -0.9968
vn -0.0241 0.0906 0.9956
vn -0.0158 0.0826 0.9965
vn -0.0140 0.0884 0.9960
vn -0.0138 0.0793 0.9968
vn -0.0137 0.0777 0.9969
vn 0.5221 -0.8529 -0.0000
vn 0.4457 0.8952 -0.0000
vn -0.0504 -0.0608 0.9969
vn -0.0685 -0.0495 0.9964
vn -0.0879 -0.0374 0.9954
vn 0.0499 -0.0614 -0.9969
vn 0.0491 -0.0627 -0.9968
vn 0.0571 -0.0508 -0.9971
vn 0.0503 0.0608 -0.9969
vn 0.0684 0.0495 -0.9964
vn 0.0362 0.0696 -0.9969
vn 0.0882 0.0387 -0.9954
vn 0.0881 0.0358 -0.9955
vn 0.0874 0.0419 -0.9953
vn 0.0872 0.0448 -0.9952
vn 0.0877 0.0352 -0.9955
vn -0.0729 0.0250 0.9970
vn -0.0792 0.0207 0.9966
vn -0.0643 0.0307 0.9975
vn -0.0862 -0.0475 0.9951
vn -0.0878 -0.0352 0.9955
vn -0.0839 -0.0575 0.9948
vn -0.0882 -0.0387 0.9953
vn -0.0881 -0.0358 0.9955
vn -0.5946 -0.8040 -0.0000
vn -0.6377 0.7703 -0.0000
vn 0.5538 0.8327 -0.0000
vn 0.7710 -0.6369 -0.0000
vn -0.0500 0.0615 0.9969
vn -0.0491 0.0628 0.9968
vn -0.0438 0.0707 0.9965
vn -0.0585 0.0767 0.9953
vn -0.0586 0.0753 0.9954
vn -0.0558 0.0111 0.9984
vn -0.0649 0.0740 0.9951
vn -0.0550 0.0055 0.9985
vn 0.0728 -0.0249 -0.9970
vn 0.0792 -0.0207 -0.9966
vn 0.0876 -0.0151 -0.9960
vn 0.0558 -0.0112 -0.9984
vn 0.0649 -0.0740 -0.9951
vn 0.0653 -0.0768 -0.9949
vn 0.0585 -0.0766 -0.9953
vn 0.0585 -0.0753 -0.9954
vn 0.0584 -0.0767 -0.9953
vn -0.5906 -0.8070 -0.0000
vn -0.5906 0.8070 -0.0000
vn 0.6903 -0.7235 -0.0000
vn 0.6885 0.7253 -0.0000
vn -0.0478 -0.0225 0.9986
vn -0.0450 -0.0269 0.9986
vn -0.0600 -0.0033 0.9982
vn 0.0304 -0.0293 -0.9991
vn 0.0401 -0.0224 -0.9989
vn 0.0498 -0.0155 -0.9986
vn 0.0477 0.0225 -0.9986
vn 0.0449 0.0269 -0.9986
vn 0.0385 0.0369 -0.9986
vn 0.0529 0.0242 -0.9983
vn 0.0581 0.0114 -0.9982
vn 0.0592 0.0088 -0.9982
vn 0.0514 0.0419 -0.9978
vn 0.0534 0.0564 -0.9970
vn 0.0510 0.0394 -0.9979
vn -0.0635 -0.0101 0.9979
vn -0.0605 -0.0083 0.9981
vn -0.0663 -0.0116 0.9977
vn -0.0514 -0.0420 0.9978
vn -0.0535 -0.0565 0.9970
vn -0.0537 -0.0579 0.9969
vn -0.0530 -0.0242 0.9983
vn -0.0582 -0.0114 0.9982
vn -0.0517 -0.0274 0.9983
vn -0.0304 0.0293 0.9991
vn -0.0401 0.0225 0.9989
vn -0.0234 0.0343 0.9991
vn -0.0508 0.0220 0.9985
vn -0.0636 0.0331 0.9974
vn -0.0506 0.0235 0.9984
vn -0.0485 -0.0273 0.9985
vn -0.0434 -0.0082 0.9990
vn 0.0635 0.0101 -0.9979
vn 0.0604 0.0083 -0.9981
vn 0.0577 0.0068 -0.9983
vn 0.0485 0.0273 -0.9985
vn 0.0637 -0.0338 -0.9974
vn 0.0687 -0.0532 -0.9962
vn 0.0507 -0.0220 -0.9985
vn 0.0437 0.0077 -0.9990
vn -0.9808 -0.1951 -0.0000
vn -0.8315 -0.5556 -0.0000
vn -0.5556 -0.8315 -0.0000
vn -0.1951 -0.9808 -0.0000
vn 0.1951 -0.9808 -0.0000
vn 0.5556 -0.8315 -0.0000
vn 0.8315 -0.5556 -0.0000
vn 0.9808 -0.1951 -0.0000
vn 0.9808 0.1951 -0.0000
vn 0.8315 0.5556 -0.0000
vn 0.5556 0.8315 -0.0000
vn 0.1951 0.9808 -0.0000
vn -0.1951 0.9808 -0.0000
vn -0.5556 0.8315 -0.0000
vn -0.0000 -0.0307 -0.9995
vn -0.0118 -0.0284 -0.9995
vn -0.8315 0.5556 -0.0000
vn -0.9808 0.1951 -0.0000
vn 0.0252 0.0169 0.9995
vn 0.0301 0.0204 0.9993
vn 0.0307 -0.0000 -0.9995
vn 0.0284 0.0118 -0.9995
vn -0.0217 0.0217 -0.9995
vn -0.0118 0.0284 -0.9995
vn -0.0217 -0.0217 -0.9995
vn -0.0284 -0.0118 -0.9995
vn 0.0217 -0.0217 -0.9995
vn 0.0284 -0.0118 -0.9995
vn -0.0000 0.0307 -0.9995
vn 0.0118 0.0284 -0.9995
vn 0.0118 -0.0284 -0.9995
vn 0.0217 0.0217 -0.9995
vn -0.0284 0.0118 -0.9995
vn -0.0307 -0.0000 -0.9995
vn -0.0204 -0.0301 0.9993
vn -0.0175 -0.0257 0.9995
vn -0.0205 -0.0303 0.9993
vn -0.0252 0.0169 0.9995
vn -0.0301 0.0204 0.9993
vn -0.0059 -0.0298 0.9995
vn -0.0071 -0.0356 0.9993
vn -0.0059 0.0298 0.9995
vn -0.0071 0.0356 0.9993
vn -0.0210 -0.0210 0.9996
vn -0.0252 -0.0169 0.9995
vn 0.0252 -0.0169 0.9995
vn 0.0301 -0.0204 0.9993
vn 0.0169 0.0252 0.9995
vn 0.0204 0.0301 0.9993
vn -0.0298 0.0059 0.9995
vn -0.0356 0.0071 0.9993
vn 0.0298 0.0059 0.9995
vn 0.0356 0.0071 0.9993
vn 0.0059 -0.0298 0.9995
vn 0.0071 -0.0356 0.9993
vn -0.0169 0.0252 0.9995
vn -0.0204 0.0301 0.9993
vn 0.0298 -0.0059 0.9995
vn 0.0356 -0.0071 0.9993
vn 0.0059 0.0298 0.9995
vn 0.0071 0.0356 0.9993
vn -0.0298 -0.0059 0.9995
vn -0.0356 -0.0071 0.9993
vn 0.0169 -0.0252 0.9995
vn 0.0204 -0.0301 0.9993
vn 0.0304 -0.0063 0.9995
vn 0.0301 -0.0060 0.9995
vn -0.0022 0.0281 0.9996
vn 0.0063 0.0304 0.9995
vn -0.0072 -0.0360 0.9993
vn -0.0072 0.0360 0.9993
vn 0.0072 -0.0360 0.9993
vn -0.0204 0.0306 0.9993
vn 0.0204 -0.0306 0.9993
vn -0.0305 0.0204 0.9993
vn 0.0305 -0.0204 0.9993
vn -0.0360 0.0072 0.9993
vn 0.0304 0.0063 0.9995
vn -0.0360 -0.0072 0.9993
vn 0.0305 0.0204 0.9993
vn -0.0305 -0.0204 0.9993
vn 0.0204 0.0306 0.9993
vn 0.0067 -0.0162 0.9998
vn 0.0099 -0.0148 0.9998
vn -0.0278 -0.0115 0.9995
vn -0.0301 -0.0060 0.9995
vn 0.0255 0.0170 0.9995
vn 0.0213 0.0213 0.9995
vn -0.0255 -0.0170 0.9995
vn 0.0170 0.0255 0.9995
vn -0.0115 -0.0278 0.9995
vn -0.0170 -0.0255 0.9995
vn 0.0060 0.0301 0.9995
vn -0.0088 -0.0267 0.9996
vn -0.0000 -0.0301 0.9995
vn -0.0115 0.0278 0.9995
vn -0.0000 0.0301 0.9995
vn 0.0115 -0.0278 0.9995
vn -0.0213 0.0213 0.9995
vn 0.0170 -0.0255 0.9995
vn -0.0278 0.0115 0.9995
vn 0.0255 -0.0170 0.9995
vn 0.0153 -0.0105 0.9998
vn -0.0301 0.0060 0.9995
vn 0.0301 0.0060 0.9995
vn -0.0162 0.0067 0.9998
vn -0.0124 0.0124 0.9998
vn 0.0148 -0.0099 0.9998
vn -0.0175 0.0035 0.9998
vn 0.0175 0.0035 0.9998
vn 0.0175 -0.0000 0.9998
vn 0.0175 -0.0035 0.9998
vn -0.0162 -0.0067 0.9998
vn -0.0175 -0.0035 0.9998
vn 0.0124 0.0124 0.9998
vn 0.0148 0.0099 0.9998
vn -0.0124 -0.0124 0.9998
vn 0.0067 0.0162 0.9998
vn -0.0067 -0.0162 0.9998
vn -0.0000 0.0175 0.9998
vn -0.0000 -0.0175 0.9998
vn -0.0067 0.0162 0.9998
vn -0.0000 -0.0000 1.0000
vn 0.0418 -0.0626 -0.9972
vn 0.0471 -0.0709 -0.9964
vn 0.0471 0.0709 -0.9964
vn 0.0480 0.0719 -0.9963
vn -0.0418 0.0626 -0.9972
vn -0.0471 0.0709 -0.9964
vn 0.0626 -0.0418 -0.9972
vn 0.0709 -0.0471 -0.9964
vn -0.0626 0.0418 -0.9972
vn -0.0709 0.0471 -0.9964
vn 0.0738 -0.0147 -0.9972
vn 0.0835 -0.0166 -0.9964
vn -0.0738 -0.0147 -0.9972
vn -0.0835 -0.0166 -0.9964
vn -0.0738 0.0147 -0.9972
vn -0.0835 0.0166 -0.9964
vn 0.0738 0.0147 -0.9972
vn 0.0835 0.0166 -0.9964
vn -0.0626 -0.0418 -0.9972
vn -0.0709 -0.0471 -0.9964
vn 0.0626 0.0418 -0.9972
vn 0.0709 0.0471 -0.9964
vn -0.0418 -0.0626 -0.9972
vn -0.0471 -0.0709 -0.9964
vn 0.0418 0.0626 -0.9972
vn -0.0147 -0.0738 -0.9972
vn -0.0166 -0.0835 -0.9964
vn 0.0147 0.0738 -0.9972
vn 0.0166 0.0835 -0.9964
vn 0.0147 -0.0738 -0.9972
vn 0.0166 -0.0835 -0.9964
vn -0.0147 0.0738 -0.9972
vn -0.0166 0.0835 -0.9964
vn -0.0856 -0.0168 -0.9962
vn -0.0857 -0.0170 -0.9962
vn -0.0168 -0.0854 -0.9962
vn 0.0168 0.0854 -0.9962
vn 0.0168 -0.0854 -0.9962
vn -0.0168 0.0854 -0.9962
vn 0.0480 -0.0719 -0.9963
vn -0.0480 0.0719 -0.9963
vn 0.0719 -0.0480 -0.9963
vn -0.0719 0.0480 -0.9963
vn 0.0856 -0.0168 -0.9962
vn -0.0854 0.0168 -0.9962
vn 0.0855 0.0168 -0.9962
vn -0.0719 -0.0480 -0.9963
vn 0.0719 0.0480 -0.9963
vn -0.0480 -0.0719 -0.9963
vn -0.0000 -0.0000 -1.0000
vn -0.0856 0.0168 -0.9962
vn -0.0857 0.0170 -0.9962
vn 0.0857 0.0170 -0.9962
vn -0.0726 -0.0485 -0.9962
vn 0.0726 0.0485 -0.9962
vn -0.0485 -0.0726 -0.9962
vn 0.0485 0.0726 -0.9962
vn -0.0170 -0.0857 -0.9962
vn 0.0170 0.0857 -0.9962
vn 0.0170 -0.0857 -0.9962
vn -0.0170 0.0857 -0.9962
vn 0.0485 -0.0726 -0.9962
vn -0.0485 0.0726 -0.9962
vn 0.0726 -0.0485 -0.9962
vn -0.0726 0.0485 -0.9962
vn 0.0857 -0.0170 -0.9962
vn -0.0000 0.2294 0.9733
vn -0.0000 -0.9370 -0.3493
vn -0.0000 0.9957 0.0922
vn -0.0000 0.0125 0.9999
vn -0.0000 -0.2123 -0.9772
vn -0.0000 -0.0318 -0.9995
vn -0.0000 -0.2294 0.9733
vn -0.0000 0.9370 -0.3493
vn -0.0000 -0.9957 0.0922
vn -0.0000 -0.0125 0.9999
vn -0.0000 0.2123 -0.9772
vn -0.0000 0.0318 -0.9995
vn -0.0000 -0.9370 -0.3492
vn 0.8660 0.5000 -0.0000
vn -0.0000 1.0000 -0.0000
vn -0.8660 0.5000 -0.0000
vn -0.8660 -0.5000 -0.0000
vn -0.5320 -0.3072 -0.7891
vn -0.5320 -0.3072 -0.7890
vn -0.0000 -1.0000 -0.0000
vn 0.8660 -0.5000 -0.0000
vn -0.0000 0.6143 -0.7890
vn -0.0000 0.6143 -0.7891
vn -0.0000 -0.6143 -0.7890
vn -0.0000 -0.6143 -0.7891
vn 0.5320 0.3072 -0.7891
vn 0.5320 0.3072 -0.7890
vn -0.5320 0.3072 -0.7891
vn 0.5320 -0.3072 -0.7891
vn -0.9659 0.2588 -0.0000
vn -0.7071 -0.7071 -0.0000
vn 0.2589 -0.9659 -0.0000
vn 0.9659 -0.2588 -0.0000
vn 0.5934 -0.1590 -0.7890
vn 0.7071 0.7071 -0.0000
vn -0.2588 0.9659 -0.0000
vn -0.4344 -0.4344 -0.7890
vn 0.4344 0.4344 -0.7890
vn 0.4344 0.4344 -0.7891
vn -0.5934 0.1590 -0.7890
vn 0.1590 -0.5934 -0.7890
vn -0.1590 0.5934 -0.7891
vn -0.5000 0.8660 -0.0000
vn -0.5000 -0.8660 -0.0000
vn 0.5000 -0.8660 -0.0000
vn 0.3072 -0.5320 -0.7891
vn 0.3072 -0.5320 -0.7890
vn 0.5000 0.8660 -0.0000
vn -0.6143 -0.0000 -0.7890
vn 0.6143 -0.0000 -0.7890
vn 0.6143 -0.0000 -0.7891
vn -0.3072 0.5320 -0.7891
vn -0.3072 -0.5320 -0.7891
vn 0.3072 0.5320 -0.7891
vn 0.2588 0.9659 -0.0000
vn -0.7071 0.7071 -0.0000
vn -0.9659 -0.2588 -0.0000
vn -0.2588 -0.9659 -0.0000
vn -0.1590 -0.5934 -0.7891
vn 0.7071 -0.7071 -0.0000
vn 0.9659 0.2588 -0.0000
vn -0.4344 0.4344 -0.7890
vn 0.4344 -0.4344 -0.7891
vn 0.1590 0.5934 -0.7890
vn -0.5934 -0.1590 -0.7890
vn -0.5934 -0.1590 -0.7891
vn 0.5934 0.1590 -0.7891
vn -0.5934 0.1590 -0.7891
vn 0.2588 -0.9659 -0.0000
vn -0.4344 -0.4344 -0.7891
vn -0.1590 0.5934 -0.7890
vn 0.1590 -0.5934 -0.7891
vn -0.3072 0.5320 -0.7890
vn -0.6143 -0.0000 -0.7891
vn 0.1590 0.5934 -0.7891
vn 0.4344 -0.4344 -0.7890
vn -0.4344 0.4344 -0.7891
vn -0.1590 -0.5934 -0.7890
vn 0.5934 0.1590 -0.7890
vn -0.9774 0.0023 0.2115
vn -0.9639 0.1793 -0.1967
vn -0.9773 -0.0000 -0.2121
vn -0.1802 0.0169 0.9835
vn 0.1530 -0.1530 0.9763
vn 0.1679 -0.0000 0.9858
vn 0.1802 0.0169 -0.9835
vn -0.1530 -0.1530 -0.9763
vn -0.1679 -0.0000 -0.9858
vn 0.1479 0.1605 -0.9759
vn -0.1683 -0.0000 -0.9857
vn -0.1531 0.1531 -0.9763
vn 0.9783 -0.0067 0.2072
vn 0.9639 -0.1793 -0.1967
vn 0.9773 -0.0000 -0.2121
vn -0.9664 -0.1713 0.1918
vn -0.9639 -0.1793 -0.1967
vn -0.9773 -0.0000 -0.2120
vn 0.9772 -0.0000 -0.2121
vn 0.1735 -0.9653 0.1949
vn -0.1793 -0.9639 -0.1967
vn 0.1793 -0.9639 -0.1967
vn 0.9645 0.1766 0.1965
vn 0.9773 -0.0000 -0.2119
vn 0.9639 0.1793 -0.1967
vn -0.1735 0.9653 0.1949
vn 0.1793 0.9639 -0.1967
vn -0.1793 0.9639 -0.1967
vn -0.1795 0.0166 0.9836
vn 0.1531 0.1531 0.9763
vn -0.1532 0.1532 0.9763
vn -0.1844 0.9635 -0.1940
vn -0.5457 0.5457 -0.6359
vn -0.6974 0.6976 -0.1641
vn -0.0155 0.6893 -0.7243
vn -0.6614 0.2695 -0.7000
vn 0.5457 0.5457 -0.6359
vn 0.5890 0.1382 -0.7962
vn 0.1741 0.9651 -0.1954
vn 0.2702 0.6612 -0.6999
vn 0.7044 0.6924 -0.1562
vn -0.5457 -0.5457 -0.6359
vn -0.5872 -0.1381 -0.7976
vn -0.2701 -0.6612 -0.6999
vn -0.7044 -0.6924 -0.1562
vn 0.5457 -0.5457 -0.6359
vn 0.6974 -0.6976 -0.1641
vn 0.1700 -0.1960 -0.9658
vn 0.0155 -0.6893 -0.7243
vn 0.6608 -0.2717 -0.6997
vn 0.5457 0.5457 0.6359
vn 0.1382 0.5885 0.7966
vn 0.6613 0.2695 0.7000
vn 0.1844 0.9635 0.1940
vn 0.6923 0.7045 0.1562
vn -0.1741 0.9651 0.1954
vn -0.5457 0.5457 0.6359
vn -0.1407 0.5882 0.7964
vn -0.9676 0.1726 0.1843
vn -0.7044 0.6924 0.1562
vn -0.6894 0.0161 0.7242
vn 0.5457 -0.5457 0.6359
vn 0.1407 -0.5882 0.7964
vn 0.9676 -0.1726 0.1843
vn 0.7044 -0.6924 0.1562
vn 0.6893 -0.0139 0.7243
vn -0.1700 -0.1961 0.9657
vn -0.5457 -0.5457 0.6359
vn -0.1381 -0.5885 0.7966
vn -0.6608 -0.2718 0.6996
vn -0.1726 -0.9676 0.1843
vn -0.6924 -0.7044 0.1562
vn 0.6975 -0.6976 -0.1641
vn 0.1700 -0.1961 -0.9657
vn 0.6608 -0.2718 -0.6997
vn 0.6614 0.2695 0.7000
vn 0.1726 0.9676 0.1843
vn 0.6924 0.7044 0.1562
vn -0.1407 0.5881 0.7964
vn -0.6893 0.0162 0.7243
vn 0.6893 -0.0139 0.7244
vn -0.1700 -0.1960 0.9658
vn -0.1382 -0.5885 0.7966
vn -0.6608 -0.2717 0.6997
vn 0.1749 0.0142 -0.9845
vn 0.6177 -0.0000 -0.7864
vn 0.6317 0.0561 -0.7732
vn 0.2028 -0.0000 -0.9792
vn 0.9779 0.0057 -0.2092
vn -0.6317 0.0561 0.7732
vn -0.1679 -0.0000 0.9858
vn -0.9779 0.0057 0.2092
vn -0.6300 0.0554 0.7746
vn -0.9801 -0.0000 0.1983
vn -0.6189 -0.0000 0.7855
vn -0.1749 0.0142 0.9845
vn -0.6178 -0.0000 -0.7863
vn -0.1749 -0.0142 -0.9845
vn -0.6894 0.0972 -0.7179
vn -0.6308 -0.0568 -0.7738
vn 0.9779 -0.0057 0.2092
vn 0.6177 -0.0000 0.7864
vn 0.6309 -0.0546 0.7739
vn 0.9801 -0.0000 0.1983
vn 0.1749 -0.0142 0.9845
vn 0.2025 -0.0000 0.9793
vn 0.6300 0.0554 -0.7746
vn 0.2027 -0.0000 -0.9792
vn -0.6309 -0.0546 -0.7739
vn -0.6307 -0.0570 -0.7739
vn 0.6310 -0.0545 0.7739
vn 0.2024 -0.0000 0.9793
vn 0.9638 0.1863 -0.1905
vn 0.9773 -0.0000 0.2119
vn -0.1592 -0.1484 0.9760
vn 0.1592 -0.1485 -0.9760
vn 0.1679 -0.0000 -0.9858
vn 0.1796 0.0163 -0.9836
vn 0.1531 0.1531 -0.9763
vn -0.9636 -0.1816 -0.1961
vn -0.9773 -0.0000 0.2121
vn 0.9773 0.0021 -0.2118
vn 0.9639 -0.1793 0.1967
vn 0.9774 0.0023 -0.2116
vn 0.9639 0.1793 0.1967
vn -0.1592 -0.1485 0.9760
vn 0.1592 -0.1484 -0.9760
vn 0.1796 0.0164 -0.9836
vn 0.9773 0.0021 -0.2117
vn 0.1848 -0.9635 -0.1937
vn -0.1793 -0.9639 0.1967
vn -0.9782 -0.0065 -0.2075
vn -0.9639 0.1793 0.1967
vn -0.1847 0.9635 -0.1937
vn 0.1793 0.9639 0.1967
vn -0.1479 0.1605 0.9759
vn 0.1680 -0.0000 0.9858
vn 0.1532 0.1532 0.9763
vn -0.9782 -0.0064 -0.2074
vn 0.1407 0.5882 -0.7964
vn -0.1382 0.5885 -0.7966
vn -0.1845 0.9635 -0.1940
vn -0.6614 0.2694 -0.7000
vn 0.1381 -0.5885 -0.7966
vn 0.6608 -0.2716 -0.6997
vn -0.1407 -0.5882 -0.7964
vn -0.1960 -0.1700 -0.9658
vn -0.5871 -0.1381 -0.7976
vn -0.5879 0.1381 0.7970
vn -0.6975 0.6975 0.1641
vn -0.2701 0.6612 0.6999
vn 0.1845 0.9635 0.1940
vn 0.6974 0.6976 0.1641
vn 0.9658 0.1838 0.1828
vn 0.5887 0.1407 0.7960
vn 0.0155 0.6893 0.7243
vn -0.6974 -0.6976 0.1641
vn -0.9658 -0.1838 0.1828
vn -0.5869 -0.1406 0.7974
vn -0.0154 -0.6893 0.7243
vn 0.1961 -0.1700 0.9657
vn 0.5871 -0.1381 0.7976
vn 0.6975 -0.6975 0.1641
vn 0.1838 -0.9658 0.1828
vn 0.2701 -0.6612 0.6999
vn 0.9676 0.1726 -0.1844
vn -0.1961 -0.1700 -0.9657
vn -0.5871 -0.1381 -0.7977
vn -0.5890 0.1382 0.7962
vn -0.1837 0.9658 0.1828
vn -0.6975 -0.6975 0.1641
vn -0.5869 -0.1407 0.7974
vn -0.0155 -0.6893 0.7243
vn 0.1960 -0.1700 0.9658
vn 0.6976 -0.6974 0.1641
vn 0.2700 -0.6612 0.6999
vn -0.6307 -0.0569 -0.7739
vn -0.6189 -0.0000 -0.7855
vn -0.2028 -0.0000 -0.9792
vn 0.6189 -0.0000 0.7855
vn 0.9773 -0.0000 0.2121
vn 0.6178 -0.0000 0.7864
vn 0.6178 -0.0000 -0.7863
vn 0.6193 -0.0000 -0.7852
vn 0.6179 -0.0000 -0.7863
vn 0.9787 -0.0070 -0.2052
vn -0.6299 0.0554 0.7747
vn -0.6197 -0.0000 0.7848
vn -0.2026 -0.0000 0.9793
vn -0.9779 -0.0057 -0.2092
vn -0.6178 -0.0000 -0.7864
vn -0.2027 -0.0000 -0.9792
vn 0.6189 -0.0000 -0.7855
vn -0.6189 -0.0000 0.7854
vn -0.2024 -0.0000 0.9793
vn -0.1094 0.1217 0.9865
vn 0.1130 -0.1130 0.9871
vn 0.1130 0.1130 0.9871
vn 0.9825 0.1259 0.1373
vn 0.9821 -0.1285 -0.1378
vn 0.9821 0.1285 -0.1378
vn 0.1301 0.9820 0.1368
vn -0.1285 0.9821 -0.1378
vn -0.1285 0.9821 0.1378
vn 0.1094 0.1217 -0.9865
vn -0.1130 -0.1130 -0.9871
vn -0.1131 0.1130 -0.9871
vn -0.1260 -0.9825 -0.1373
vn 0.1285 -0.9821 0.1378
vn -0.1285 -0.9821 0.1378
vn -0.8335 0.1455 0.5330
vn -0.8596 0.4939 0.1312
vn -0.9821 0.1285 0.1378
vn -0.4249 0.1493 0.8928
vn -0.7519 0.4671 0.4652
vn -0.0721 0.4372 0.8965
vn -0.4384 0.7536 0.4898
vn -0.4588 0.4466 0.7681
vn -0.4910 0.8610 0.1330
vn -0.1589 0.8478 0.5059
vn -0.8610 0.4910 -0.1330
vn -0.8314 0.1183 -0.5429
vn -0.9821 0.1285 -0.1378
vn -0.4384 0.7536 -0.4898
vn -0.7778 0.4223 -0.4656
vn -0.1455 0.8335 -0.5330
vn -0.4880 0.8629 -0.1318
vn -0.1493 0.4249 -0.8928
vn -0.4372 0.0721 -0.8965
vn -0.4466 0.4588 -0.7681
vn 0.8610 0.4910 0.1330
vn 0.8314 0.1183 0.5429
vn 0.4384 0.7536 0.4898
vn 0.7778 0.4223 0.4656
vn 0.1455 0.8335 0.5330
vn 0.4880 0.8629 0.1318
vn 0.1493 0.4249 0.8928
vn 0.4370 0.0719 0.8966
vn 0.4466 0.4588 0.7681
vn 0.8335 0.1455 -0.5330
vn 0.8596 0.4939 -0.1312
vn 0.4249 0.1493 -0.8928
vn 0.7519 0.4671 -0.4652
vn 0.0721 0.4372 -0.8964
vn 0.4384 0.7536 -0.4898
vn 0.4588 0.4466 -0.7681
vn 0.4910 0.8610 -0.1330
vn 0.1589 0.8478 -0.5059
vn 0.1272 0.9830 -0.1322
vn -0.8610 -0.4910 0.1330
vn -0.8314 -0.1183 0.5429
vn -0.9821 -0.1285 0.1378
vn -0.4384 -0.7536 0.4898
vn -0.7778 -0.4223 0.4656
vn -0.1455 -0.8335 0.5331
vn -0.4880 -0.8628 0.1318
vn -0.1493 -0.4249 0.8928
vn -0.4372 -0.0722 0.8964
vn -0.1295 -0.1300 0.9830
vn -0.4466 -0.4588 0.7681
vn -0.8335 -0.1455 -0.5330
vn -0.8596 -0.4939 -0.1312
vn -0.9821 -0.1285 -0.1378
vn -0.4249 -0.1493 -0.8928
vn -0.7519 -0.4671 -0.4652
vn -0.0721 -0.4372 -0.8964
vn -0.4384 -0.7536 -0.4898
vn -0.4588 -0.4466 -0.7681
vn -0.4910 -0.8610 -0.1329
vn -0.1589 -0.8478 -0.5059
vn 0.8335 -0.1455 0.5330
vn 0.8596 -0.4939 0.1312
vn 0.9831 -0.1270 0.1323
vn 0.4252 -0.1492 0.8927
vn 0.7519 -0.4671 0.4652
vn 0.0721 -0.4372 0.8965
vn 0.4384 -0.7536 0.4898
vn 0.4588 -0.4466 0.7681
vn 0.4910 -0.8610 0.1329
vn 0.1589 -0.8478 0.5059
vn 0.8610 -0.4910 -0.1330
vn 0.8314 -0.1183 -0.5429
vn 0.4384 -0.7536 -0.4898
vn 0.7778 -0.4223 -0.4656
vn 0.1455 -0.8335 -0.5330
vn 0.4880 -0.8628 -0.1318
vn 0.1270 -0.9830 -0.1323
vn 0.1493 -0.4249 -0.8928
vn 0.4372 -0.0721 -0.8965
vn 0.1295 -0.1300 -0.9830
vn 0.4466 -0.4588 -0.7681
vn 0.2366 -0.0798 0.9683
vn -0.1439 -0.0864 0.9858
vn -0.0454 -0.2078 0.9771
vn -0.2152 0.0460 -0.9755
vn 0.1439 0.0864 -0.9858
vn -0.1439 -0.0864 -0.9858
vn -0.6942 0.6944 -0.1896
vn -0.3925 0.8981 0.1985
vn -0.3925 0.8981 -0.1984
vn -0.9174 -0.3466 0.1954
vn -0.8377 -0.5032 -0.2122
vn -0.8377 -0.5032 0.2120
vn -0.1863 -0.9639 0.1904
vn 0.1793 -0.9639 0.1967
vn 0.1684 0.0805 0.9824
vn -0.2150 0.0469 0.9755
vn -0.9647 -0.1758 0.1963
vn 0.1863 0.9639 0.1904
vn -0.1793 0.9639 0.1966
vn -0.1457 -0.1756 -0.9736
vn 0.1532 -0.1532 -0.9763
vn 0.9637 -0.1861 0.1913
vn 0.9639 0.1793 0.1966
vn 0.9641 -0.1786 -0.1967
vn 0.1796 -0.9639 -0.1966
vn -0.1793 -0.9639 0.1966
vn -0.9639 0.1793 -0.1966
vn 0.1845 0.9635 0.1939
vn 0.9639 -0.1793 0.1966
vn 0.1454 -0.1720 0.9743
vn -0.1531 0.1531 0.9763
vn -0.1532 -0.1532 0.9763
vn 0.1527 -0.1536 0.9763
vn -0.1531 -0.1531 0.9763
vn -0.1702 -0.0091 -0.9854
vn 0.1531 -0.1531 -0.9763
vn -0.1531 -0.1531 -0.9763
vn -0.9651 -0.1744 0.1956
vn 0.1527 0.1536 -0.9763
vn 0.9636 0.1854 -0.1928
vn 0.1796 0.9639 0.1966
vn -0.1793 0.9639 -0.1966
vn -0.1793 0.9639 0.1967
vn -0.9635 -0.1847 -0.1937
vn -0.1858 0.9637 -0.1919
vn 0.1793 0.9639 -0.1966
vn -0.1913 0.9598 0.2052
vn 0.1926 0.9585 -0.2102
vn 0.1926 0.9585 0.2103
vn 0.1858 -0.9637 -0.1919
vn -0.1793 -0.9639 -0.1966
vn -0.1766 -0.0152 -0.9842
vn 0.9777 0.0049 -0.2100
vn 0.9777 0.0002 0.2100
vn -0.9780 0.0035 0.2084
vn -0.9773 -0.0000 -0.2119
vn 0.9777 0.0050 -0.2100
vn 0.9639 -0.1793 -0.1966
vn -0.9807 0.1955 -0.0003
vn 0.1884 0.1766 0.9661
vn -0.1790 0.1793 0.9674
vn 0.1802 -0.0169 0.9835
vn -0.1680 -0.0000 0.9858
vn -0.1917 -0.9600 -0.2040
vn 0.1925 -0.9585 -0.2103
vn -0.9773 -0.0000 0.2119
vn -0.1905 0.1771 -0.9656
vn 0.1792 -0.1795 -0.9673
vn 0.1790 0.1793 -0.9674
vn -0.9807 -0.1954 -0.0002
vn 0.9777 0.0008 -0.2098
vn 0.9773 -0.0000 0.2120
vn 0.1463 -0.1782 0.9731
vn -0.1681 -0.0000 0.9858
vn -0.9773 0.0008 0.2118
vn -0.9777 -0.0002 -0.2099
vn -0.9777 0.0002 -0.2099
vn -0.1526 -0.1890 -0.9700
vn 0.1849 -0.0179 0.9826
vn 0.9807 -0.1953 -0.0003
vn -0.1736 -0.9653 -0.1950
vn -0.9778 0.0057 0.2093
vn -0.1786 -0.9641 -0.1967
vn -0.1454 -0.1720 -0.9743
vn -0.9655 -0.1732 0.1946
vn 0.1674 0.1457 0.9751
vn 0.1532 -0.1532 0.9763
vn -0.1865 -0.9640 0.1894
vn 0.1793 -0.9639 -0.1966
vn 0.1472 -0.1807 0.9725
vn -0.1472 -0.1807 -0.9725
vn -0.9635 0.1825 0.1956
vn -0.9639 -0.1793 0.1967
vn 0.1848 0.9635 0.1936
vn 0.9636 0.1825 -0.1956
vn -0.8380 -0.5027 0.2123
vn -0.7311 -0.6527 -0.1984
vn -0.7311 -0.6528 0.1984
vn 0.7307 0.6533 -0.1983
vn 0.8377 0.5032 0.2123
vn 0.8377 0.5032 -0.2122
vn -0.1436 -0.0870 -0.9858
vn 0.2150 -0.0469 -0.9755
vn -0.0454 -0.2078 -0.9771
vn 0.6868 -0.7000 0.1956
vn 0.3925 -0.8981 -0.1984
vn 0.6889 -0.6980 -0.1957
vn 0.9639 -0.1863 0.1903
vn -0.1459 -0.1771 -0.9733
vn 0.1530 0.1530 -0.9763
vn 0.1865 0.9640 0.1894
vn 0.1659 0.1460 0.9753
vn 0.1531 -0.1531 0.9763
vn -0.9639 0.1864 0.1903
vn 0.9194 0.3429 0.1927
vn 0.7587 -0.1657 0.6300
vn 0.9644 -0.2105 0.1604
vn 0.5958 0.3442 0.7256
vn 0.5949 -0.4012 0.6965
vn 0.9155 0.3521 -0.1947
vn 0.7587 -0.1656 -0.6300
vn 0.5771 0.1873 -0.7949
vn 0.9638 -0.2185 -0.1530
vn 0.4010 -0.5596 -0.7253
vn -0.1633 -0.7480 0.6433
vn -0.4226 -0.4225 0.8018
vn 0.3995 -0.8979 0.1850
vn -0.2014 -0.9662 0.1608
vn 0.3757 -0.5790 0.7236
vn -0.1633 -0.7480 -0.6433
vn -0.2104 -0.9628 -0.1694
vn -0.5845 -0.3671 -0.7236
vn 0.1444 -0.6949 -0.7044
vn 0.1633 0.7480 -0.6433
vn 0.2103 0.9628 -0.1694
vn 0.0699 0.2431 -0.9675
vn 0.5845 0.3670 -0.7237
vn -0.1443 0.6949 -0.7044
vn 0.7296 0.6586 0.1845
vn 0.1633 0.7480 0.6433
vn 0.4226 0.4225 0.8018
vn 0.2013 0.9662 0.1608
vn 0.0376 0.2502 0.9675
vn -0.3757 0.5790 0.7236
vn -0.9206 -0.3455 -0.1818
vn -0.7587 0.1656 -0.6300
vn -0.5771 -0.1873 -0.7949
vn -0.9638 0.2186 -0.1530
vn -0.4010 0.5596 -0.7253
vn -0.7587 0.1657 0.6300
vn -0.9644 0.2105 0.1604
vn -0.5958 -0.3441 0.7256
vn -0.6929 0.6977 0.1820
vn -0.5950 0.4011 0.6965
vn -0.6975 -0.6976 0.1641
vn -0.0163 -0.6893 0.7243
vn -0.6613 -0.2696 0.7000
vn 0.1407 -0.5887 0.7960
vn 0.6893 -0.0161 0.7243
vn 0.0163 0.6893 0.7243
vn 0.6613 0.2696 0.7000
vn -0.1407 0.5887 0.7960
vn -0.1960 0.1700 0.9658
vn -0.6893 0.0161 0.7243
vn 0.6974 -0.6976 -0.1640
vn 0.0162 -0.6894 -0.7242
vn 0.9658 -0.1838 -0.1828
vn 0.6613 -0.2696 -0.7000
vn -0.1837 -0.9658 -0.1828
vn -0.1407 -0.5887 -0.7960
vn -0.6894 -0.0160 -0.7242
vn 0.1838 0.9658 -0.1828
vn 0.1407 0.5887 -0.7960
vn 0.6894 0.0160 -0.7242
vn -0.1700 0.1960 -0.9657
vn -0.0162 0.6894 -0.7242
vn -0.6613 0.2696 -0.7000
vn -0.1382 -0.5891 0.7962
vn -0.6614 -0.2694 0.7000
vn 0.1407 -0.5888 0.7959
vn 0.6893 -0.0162 0.7243
vn -0.1407 -0.5888 -0.7959
vn -0.7045 -0.6923 -0.1562
vn -0.6894 -0.0163 -0.7242
vn 0.1382 -0.5891 -0.7962
vn 0.6614 -0.2694 -0.7000
vn 0.1726 -0.9676 -0.1843
vn 0.6923 -0.7045 -0.1562
vn 0.6975 0.6975 0.1640
vn 0.1700 0.1960 0.9657
vn 0.6614 0.2694 0.7000
vn -0.5891 0.1382 0.7962
vn -0.2694 0.6614 0.7000
vn 0.5891 0.1382 -0.7961
vn 0.2694 0.6614 -0.7000
vn 0.9676 0.1726 -0.1843
vn 0.7045 0.6923 -0.1562
vn -0.0163 0.6894 -0.7242
vn -0.0129 -0.6893 0.7244
vn -0.6612 -0.2701 0.6999
vn -0.1406 -0.5861 -0.7980
vn -0.6893 -0.0156 -0.7243
vn -0.1406 0.5861 0.7980
vn -0.6893 0.0155 0.7243
vn -0.6975 0.6976 -0.1641
vn -0.0128 0.6893 -0.7244
vn -0.6612 0.2701 -0.6999
vn 0.0129 -0.6893 -0.7244
vn 0.6612 -0.2701 -0.6999
vn 0.1406 -0.5861 0.7980
vn 0.6893 -0.0155 0.7243
vn 0.1406 0.5861 -0.7980
vn 0.6893 0.0155 -0.7243
vn 0.1700 0.1961 0.9657
vn 0.0128 0.6893 0.7244
vn 0.6612 0.2701 0.6999
vn 0.6975 -0.6975 -0.1640
vn 0.0161 -0.6894 -0.7242
vn 0.6613 -0.2699 -0.6999
vn -0.1407 -0.5886 -0.7961
vn -0.6893 -0.0158 -0.7243
vn 0.6308 0.0547 -0.7740
vn 0.2025 -0.0000 -0.9793
vn 0.6315 0.0562 -0.7733
vn -0.6187 -0.0000 -0.7856
vn 0.9953 0.0847 0.0477
vn 0.7334 0.6684 0.1238
vn 0.9948 0.0469 0.0901
vn 0.6964 0.0633 0.7148
vn 0.2539 0.6395 0.7256
vn -0.7355 0.6679 0.1136
vn -0.9953 0.0849 0.0475
vn -0.1734 0.6629 0.7284
vn -0.6880 0.1539 0.7092
vn -0.9948 0.0489 0.0893
vn 0.5887 0.1382 -0.7964
vn 0.2696 0.6613 -0.7000
vn -0.1382 0.5890 -0.7963
vn -0.6614 0.2693 -0.7000
vn -0.6924 0.7044 -0.1562
vn 0.1382 0.5896 0.7958
vn 0.6613 0.2699 0.6999
vn -0.6976 0.6974 0.1640
vn 0.7356 0.6679 -0.1136
vn 0.9953 0.0846 -0.0473
vn 0.9809 0.1947 0.0003
vn 0.1734 0.6629 -0.7284
vn 0.6879 0.1541 -0.7093
vn 0.9948 0.0489 -0.0893
vn -0.9948 0.0469 -0.0901
vn -0.9953 0.0846 -0.0473
vn -0.6963 0.0631 -0.7150
vn -0.2539 0.6395 -0.7257
vn -0.7368 0.6631 -0.1322
vn -0.1994 0.9587 -0.2029
vn 0.1407 -0.5886 0.7961
vn 0.7045 -0.6923 0.1562
vn 0.6893 -0.0158 0.7243
vn -0.6975 -0.6975 0.1642
vn -0.0161 -0.6894 0.7242
vn -0.6613 -0.2699 0.6999
vn 0.9779 -0.0057 0.2091
vn 0.6187 -0.0000 0.7856
vn 0.9801 -0.0000 0.1984
vn 0.6305 -0.0549 0.7742
vn 0.2028 -0.0000 0.9792
vn -0.6308 0.0547 0.7740
vn -0.9773 -0.0000 0.2120
vn -0.6313 0.0565 0.7735
vn 0.7367 -0.6631 -0.1324
vn 0.2087 -0.6373 -0.7418
vn 0.9948 -0.0469 -0.0901
vn 0.9953 -0.0846 -0.0473
vn 0.6963 -0.0631 -0.7150
vn 0.9797 0.0002 -0.2005
vn -0.1734 -0.6629 -0.7284
vn -0.7333 -0.6685 -0.1238
vn -0.6879 -0.1541 -0.7093
vn -0.1928 -0.1935 -0.9620
vn -0.9948 -0.0489 -0.0893
vn -0.9953 -0.0846 -0.0473
vn 0.6168 -0.0000 0.7872
vn 0.6313 -0.0565 0.7735
vn -0.6299 0.0577 0.7745
vn -0.9779 0.0057 0.2091
vn -0.6184 -0.0000 0.7858
vn 0.5859 0.1406 0.7981
vn 0.6922 0.7046 0.1562
vn -0.5863 0.1380 0.7983
vn -0.2696 0.6613 0.7000
vn -0.7046 0.6922 0.1562
vn 0.6974 -0.6976 -0.1642
vn 0.0160 -0.6893 -0.7243
vn 0.6606 -0.2728 -0.6995
vn -0.7045 -0.6923 -0.1561
vn -0.6893 -0.0127 -0.7244
vn 0.1837 0.9658 -0.1828
vn 0.1407 0.5886 -0.7961
vn 0.7045 0.6923 -0.1561
vn 0.6893 0.0127 -0.7244
vn -0.6975 0.6975 -0.1642
vn -0.0160 0.6893 -0.7243
vn -0.9658 0.1838 -0.1828
vn -0.6606 0.2728 -0.6995
vn 0.5890 -0.1382 0.7963
vn 0.2693 -0.6614 0.7000
vn 0.7043 -0.6925 0.1562
vn -0.1382 -0.5892 0.7961
vn 0.1382 -0.5891 -0.7961
vn 0.6924 -0.7044 -0.1562
vn -0.5889 -0.1382 -0.7963
vn -0.2693 -0.6614 -0.7000
vn 0.1700 0.1960 0.9658
vn 0.1382 0.5891 0.7961
vn 0.9658 0.1837 0.1828
vn -0.5889 0.1382 0.7963
vn -0.2693 0.6614 0.7000
vn 0.5889 0.1382 -0.7963
vn 0.2693 0.6614 -0.7000
vn 0.7043 0.6925 -0.1562
vn -0.1700 0.1960 -0.9658
vn -0.1382 0.5892 -0.7961
vn -0.9658 0.1837 -0.1828
vn 0.5693 0.2756 0.7746
vn 0.8378 0.5032 0.2121
vn 0.6404 0.2689 0.7194
vn 0.5709 0.2740 0.7740
vn 0.1507 0.1111 0.9823
vn 0.1741 0.1042 0.9792
vn 0.8401 0.4998 0.2108
vn 0.8352 0.5086 -0.2090
vn 0.5295 0.3180 -0.7864
vn 0.8378 0.5032 -0.2121
vn 0.1429 0.1030 -0.9844
vn 0.6452 0.2702 -0.7146
vn 0.1739 0.1044 -0.9792
vn 0.6450 0.2709 -0.7146
vn -0.5709 -0.2740 0.7740
vn -0.1439 -0.0865 0.9858
vn -0.6382 -0.2678 0.7218
vn -0.5693 -0.2756 0.7746
vn -0.8354 -0.5100 0.2050
vn -0.5295 -0.3180 -0.7864
vn -0.8378 -0.5032 -0.2120
vn -0.1430 -0.1030 -0.9844
vn -0.6453 -0.2702 -0.7146
vn -0.6449 -0.2710 -0.7146
vn -0.8401 -0.5048 -0.1984
vn 0.1407 -0.5883 0.7963
vn 0.6893 -0.0151 0.7243
vn -0.0156 -0.6893 0.7243
vn -0.6611 -0.2705 0.6998
vn 0.6974 0.6976 0.1642
vn 0.0156 0.6893 0.7243
vn 0.6611 0.2705 0.6998
vn -0.7045 0.6923 0.1562
vn -0.1961 0.1700 0.9657
vn -0.6893 0.0151 0.7243
vn 0.0156 -0.6893 -0.7243
vn 0.6611 -0.2705 -0.6998
vn -0.1838 -0.9658 -0.1828
vn -0.6893 -0.0151 -0.7243
vn 0.1407 0.5882 -0.7963
vn 0.6893 0.0151 -0.7243
vn -0.6974 0.6976 -0.1642
vn -0.1700 0.1961 -0.9657
vn -0.0156 0.6893 -0.7243
vn -0.6611 0.2705 -0.6998
vn -0.1800 0.9638 0.1965
vn -0.6613 0.2698 0.6999
vn -0.9783 -0.0066 0.2072
vn 0.2696 0.6613 0.7000
vn 0.1532 0.1895 0.9698
vn -0.2152 -0.0460 0.9755
vn 0.1439 -0.0864 0.9858
vn -0.1439 0.0864 0.9858
vn -0.1683 0.0804 -0.9824
vn 0.2150 0.0469 -0.9755
vn 0.1439 -0.0864 -0.9858
vn 0.3861 0.9021 -0.1928
vn 0.6889 0.6980 0.1957
vn 0.6889 0.6980 -0.1957
vn 0.8425 -0.4978 -0.2058
vn 0.9171 -0.3473 0.1956
vn 0.8377 -0.5032 0.2120
vn -0.1436 0.0870 0.9858
vn 0.2150 0.0469 0.9755
vn -0.0454 0.2078 0.9771
vn 0.1710 -0.9668 0.1898
vn 0.1889 0.1527 0.9700
vn 0.1890 -0.1527 -0.9700
vn 0.1709 0.9668 -0.1898
vn 0.7378 -0.6474 -0.1910
vn 0.8377 -0.5032 0.2123
vn 0.7311 -0.6527 0.1984
vn -0.8352 0.5100 0.2059
vn -0.7311 0.6527 -0.1984
vn -0.8377 0.5032 -0.2122
vn -0.2366 -0.0798 -0.9683
vn 0.1440 -0.0864 -0.9858
vn 0.0454 -0.2078 -0.9771
vn -0.3861 -0.9021 -0.1928
vn -0.6889 -0.6980 0.1957
vn -0.6889 -0.6980 -0.1957
vn -0.9155 0.3521 0.1947
vn -0.7587 -0.1656 0.6300
vn -0.5771 0.1873 0.7949
vn -0.4463 -0.4149 0.7929
vn -0.9638 -0.2185 0.1530
vn -0.9194 0.3429 -0.1927
vn -0.7587 -0.1657 -0.6300
vn -0.9644 -0.2105 -0.1604
vn -0.4481 -0.4133 -0.7927
vn -0.5958 0.3442 -0.7256
vn 0.1633 -0.7480 0.6433
vn 0.2104 -0.9628 0.1694
vn -0.3887 -0.9027 0.1845
vn -0.2098 -0.5624 0.7998
vn 0.0700 -0.2432 0.9675
vn 0.5845 -0.3670 0.7236
vn 0.1633 -0.7480 -0.6433
vn 0.4226 -0.4225 -0.8018
vn -0.2122 -0.5612 -0.8000
vn 0.2014 -0.9662 -0.1608
vn -0.1633 0.7480 -0.6433
vn -0.4226 0.4225 -0.8018
vn -0.0375 0.2501 -0.9675
vn 0.2122 0.5612 -0.8000
vn -0.2013 0.9662 -0.1608
vn -0.7373 0.6497 0.1850
vn -0.1633 0.7480 0.6433
vn -0.2103 0.9628 0.1694
vn 0.3887 0.9027 0.1845
vn 0.2098 0.5625 0.7998
vn -0.5845 0.3670 0.7236
vn 0.9164 -0.3555 -0.1842
vn 0.7587 0.1657 -0.6300
vn 0.9644 0.2105 -0.1604
vn 0.4481 0.4133 -0.7927
vn 0.5958 -0.3441 -0.7257
vn 0.7587 0.1656 0.6300
vn 0.5771 -0.1873 0.7949
vn 0.4463 0.4149 0.7929
vn 0.9638 0.2186 0.1530
vn 0.1406 -0.5861 0.7979
vn 0.5885 -0.1382 0.7966
vn 0.5876 -0.1407 -0.7968
vn 0.0128 -0.6893 -0.7244
vn 0.6975 0.6976 0.1641
vn 0.5882 0.1407 0.7964
vn -0.1406 -0.5861 -0.7979
vn -0.5885 -0.1382 -0.7966
vn -0.5882 -0.1407 0.7964
vn -0.0128 -0.6893 0.7244
vn -0.1726 0.9676 -0.1843
vn -0.5882 0.1407 -0.7964
vn -0.5885 0.1381 0.7966
vn -0.9676 0.1725 0.1843
vn -0.7044 0.6924 0.1561
vn -0.0151 0.7017 0.7123
vn -0.8353 0.5084 0.2091
vn -0.5287 0.3179 0.7870
vn -0.6456 0.2722 0.7136
vn -0.1439 0.0865 0.9858
vn -0.5289 0.3173 0.7871
vn -0.8353 0.5086 0.2090
vn -0.8401 0.4998 -0.2108
vn -0.5295 0.3180 -0.7864
vn -0.5289 0.3173 -0.7871
vn -0.1439 0.0865 -0.9858
vn -0.1741 0.1041 -0.9792
vn -0.5287 0.3179 -0.7870
vn -0.8354 0.5100 -0.2050
vn 0.1430 -0.1030 0.9844
vn 0.5289 -0.3173 0.7872
vn 0.1739 -0.1045 0.9792
vn 0.6435 -0.2708 0.7159
vn 0.8378 -0.5032 0.2121
vn 0.5287 -0.3179 0.7870
vn 0.5295 -0.3180 -0.7864
vn 0.5289 -0.3173 -0.7871
vn 0.1439 -0.0865 -0.9858
vn 0.5287 -0.3179 -0.7870
vn 0.8354 -0.5100 -0.2050
vn 0.8400 -0.5051 -0.1984
vn 0.0291 0.0382 0.9988
vn -0.0291 0.0381 -0.9988
vn -0.0818 -0.0021 -0.9966
vn -0.0825 0.0167 -0.9964
vn -0.0839 -0.0155 -0.9963
vn 0.0851 0.0002 0.9964
vn 0.0822 0.0049 0.9966
vn 0.0803 -0.0281 0.9964
vn 0.0294 -0.0729 0.9969
vn -0.0277 -0.0689 -0.9972
vn -0.0611 0.0480 -0.9970
vn -0.0644 0.0873 -0.9941
vn -0.0754 0.0140 -0.9971
vn 0.0764 -0.0330 0.9965
vn 0.0645 -0.0815 0.9946
vn 0.0604 -0.0616 0.9963
vn 0.0574 0.0377 0.9976
vn 0.0584 0.0717 0.9957
vn -0.0594 -0.0428 -0.9973
vn -0.0542 -0.0762 -0.9956
vn -0.0882 0.0179 -0.9959
vn -0.0855 0.0100 -0.9963
vn -0.0816 -0.0436 -0.9957
vn 0.0813 0.0702 0.9942
vn 0.0856 -0.0024 0.9963
vn 0.0879 0.0109 0.9961
vn -0.0129 0.0683 0.9976
vn 0.0024 0.0724 -0.9974
vn 0.0131 -0.0900 -0.9959
vn 0.0270 0.0013 -0.9996
vn -0.0202 -0.0262 0.9995
vn -0.0271 0.0003 0.9996
vn -0.0024 -0.0725 0.9974
vn -0.0153 -0.0941 0.9954
vn 0.0153 0.0941 -0.9954
vn 0.0201 0.0259 -0.9995
vn 0.0143 0.0754 -0.9971
vn 0.0143 0.0784 -0.9968
vn -0.0143 -0.0784 0.9968
vn -0.0143 -0.0755 0.9970
vn 0.0129 -0.0682 -0.9976
vn 0.0128 -0.0847 -0.9963
vn -0.0131 0.0901 0.9958
vn -0.0128 0.0847 0.9963
vn -0.0362 -0.0696 0.9969
vn 0.0438 -0.0706 -0.9965
vn 0.0879 0.0373 -0.9954
vn 0.0838 0.0575 -0.9948
vn -0.0877 0.0151 0.9960
vn -0.0875 -0.0419 0.9953
vn -0.0571 0.0508 0.9971
vn -0.0585 0.0768 0.9953
vn -0.0653 0.0768 0.9949
vn 0.0642 -0.0307 -0.9975
vn 0.0549 -0.0056 -0.9985
vn 0.0585 -0.0752 -0.9954
vn -0.0385 -0.0369 0.9986
vn 0.0234 -0.0343 -0.9991
vn 0.0599 0.0033 -0.9982
vn 0.0516 0.0274 -0.9983
vn 0.0536 0.0578 -0.9969
vn -0.0578 -0.0068 0.9983
vn -0.0510 -0.0395 0.9979
vn -0.0592 -0.0088 0.9982
vn -0.0499 0.0155 0.9986
vn -0.0688 0.0532 0.9962
vn 0.0662 0.0116 -0.9977
vn 0.0506 -0.0234 -0.9984
vn -0.0169 -0.0252 0.9995
vn -0.0854 -0.0168 -0.9962
vn 0.0168 0.0856 -0.9962
vn 0.0855 -0.0168 -0.9962
vn -0.0000 0.6144 -0.7890
vn -0.0000 -0.6144 -0.7890
vn -0.5320 0.3072 -0.7890
vn 0.5320 -0.3072 -0.7890
vn 0.5934 -0.1590 -0.7891
vn 0.3072 0.5320 -0.7890
vn -0.3072 -0.5320 -0.7890
vn 0.6183 -0.0000 -0.7860
vn -0.6183 -0.0000 0.7860
vn -0.6183 -0.0000 0.7859
vn 0.6183 -0.0000 0.7860
vn 0.6183 -0.0000 -0.7859
vn -0.6183 -0.0000 -0.7860
vn 0.6183 -0.0000 0.7859
vn -0.6183 -0.0000 -0.7859
vn 0.8096 0.3507 0.4707
vn -0.8095 0.3510 0.4707
vn 0.8095 0.3510 -0.4707
vn -0.8095 0.3510 -0.4707
vn 0.8095 -0.3509 -0.4707
vn -0.8096 -0.3507 -0.4707
vt 0.000000 0.000000
vt 0.282227 0.093750
vt 0.347656 0.092773
vt 0.406250 0.094727
vt 0.466797 0.092773
s 1
usemtl Atlas.001
f 1/1/1 4/1/1 3/1/1
f 9/1/2 8/1/2 7/1/2
f 8/1/3 5/1/3 7/1/3
f 15/1/4 2/1/4 1/1/4
f 7/1/5 17/1/6 9/1/7
f 4/1/8 20/1/9 12/1/10
f 8/1/11 18/1/12 6/1/13
f 13/1/14 18/1/15 14/1/16
f 12/1/17 19/1/18 13/1/19
f 3/1/20 15/1/21 1/1/22
f 11/1/23 16/1/24 15/1/25
f 10/1/26 17/1/27 16/1/28
f 6/1/4 17/1/4 5/1/4
f 17/1/29 19/1/29 16/1/30
f 19/1/31 15/1/31 16/1/31
f 4/1/32 11/1/32 3/1/32
f 11/1/2 13/1/2 10/1/2
f 10/1/33 14/1/33 9/1/33
f 21/1/34 24/1/34 23/1/34
f 29/1/4 28/1/4 27/1/4
f 28/1/35 25/1/35 27/1/35
f 50/1/2 22/1/2 21/1/2
f 29/1/36 25/1/37 37/1/38
f 47/1/39 22/1/40 46/1/41
f 34/1/42 26/1/43 28/1/44
f 34/1/45 39/1/46 38/1/47
f 32/1/48 39/1/49 33/1/50
f 59/1/51 35/1/52 58/1/53
f 31/1/54 36/1/55 35/1/56
f 29/1/57 36/1/58 30/1/59
f 26/1/2 37/1/2 25/1/2
f 38/1/60 36/1/60 37/1/60
f 36/1/61 40/1/61 35/1/61
f 59/1/4 32/1/4 31/1/4
f 31/1/4 33/1/4 30/1/4
f 30/1/4 34/1/4 29/1/4
f 24/1/4 43/1/4 23/1/4
f 47/1/62 42/1/62 43/1/62
f 48/1/63 41/1/63 42/1/63
f 43/1/64 21/1/65 23/1/66
f 43/1/67 51/1/68 50/1/69
f 41/1/70 51/1/68 42/1/71
f 49/1/72 64/1/73 53/1/74
f 49/1/75 45/1/76 44/1/77
f 47/1/78 45/1/76 48/1/79
f 56/1/2 44/1/2 52/1/2
f 44/1/80 51/1/80 52/1/80
f 51/1/81 46/1/81 50/1/81
f 40/1/2 58/1/2 35/1/2
f 62/1/2 57/1/2 58/1/2
f 63/1/2 56/1/2 57/1/2
f 55/1/82 40/1/83 32/1/84
f 54/1/85 62/1/86 55/1/87
f 54/1/88 64/1/89 63/1/90
f 49/1/4 61/1/4 41/1/4
f 61/1/91 54/1/91 60/1/91
f 54/1/92 59/1/92 60/1/92
f 41/1/93 56/1/94 52/1/95
f 60/1/96 56/1/97 61/1/98
f 60/1/99 58/1/100 57/1/101
f 67/1/102 66/1/102 65/1/102
f 115/1/4 72/1/4 111/1/4
f 71/1/103 70/1/103 72/1/103
f 94/1/2 66/1/2 90/1/2
f 115/1/104 69/1/105 71/1/106
f 90/1/107 68/1/108 91/1/109
f 109/1/110 82/1/111 78/1/112
f 78/1/112 83/1/113 77/1/114
f 83/1/115 76/1/116 77/1/117
f 103/1/118 79/1/119 75/1/120
f 75/1/121 80/1/122 74/1/123
f 80/1/124 73/1/125 74/1/126
f 81/1/2 120/1/2 112/1/2
f 80/1/127 82/1/127 81/1/127
f 79/1/128 83/1/128 80/1/128
f 75/1/4 99/1/4 103/1/4
f 75/1/4 77/1/4 76/1/4
f 74/1/4 78/1/4 77/1/4
f 87/1/4 68/1/4 67/1/4
f 86/1/4 91/1/4 87/1/4
f 85/1/4 92/1/4 86/1/4
f 67/1/129 94/1/130 87/1/131
f 87/1/132 95/1/133 86/1/134
f 95/1/133 85/1/135 86/1/134
f 97/1/136 88/1/137 93/1/138
f 93/1/138 89/1/139 92/1/140
f 89/1/139 91/1/141 92/1/140
f 100/1/2 88/1/2 108/1/2
f 96/1/81 89/1/81 88/1/81
f 95/1/80 90/1/80 89/1/80
f 79/1/2 106/1/2 84/1/2
f 102/1/2 107/1/2 106/1/2
f 101/1/2 108/1/2 107/1/2
f 84/1/142 99/1/143 76/1/144
f 106/1/145 98/1/146 99/1/147
f 98/1/148 108/1/149 97/1/136
f 105/1/4 93/1/4 85/1/4
f 104/1/150 97/1/150 105/1/150
f 103/1/151 98/1/151 104/1/151
f 96/1/152 105/1/153 85/1/135
f 100/1/154 104/1/155 105/1/153
f 104/1/156 102/1/157 103/1/158
f 114/1/2 70/1/2 69/1/2
f 113/1/159 118/1/159 114/1/159
f 112/1/160 119/1/160 113/1/160
f 70/1/161 111/1/162 72/1/163
f 111/1/164 119/1/165 110/1/166
f 119/1/165 109/1/110 110/1/166
f 81/1/167 117/1/168 73/1/125
f 117/1/168 113/1/169 116/1/170
f 113/1/169 115/1/171 116/1/170
f 73/1/4 109/1/4 78/1/4
f 117/1/4 110/1/4 109/1/4
f 116/1/4 111/1/4 110/1/4
f 121/1/172 124/1/172 123/1/172
f 129/1/4 128/1/4 127/1/4
f 128/1/173 125/1/173 127/1/173
f 150/1/2 122/1/2 121/1/2
f 127/1/174 137/1/175 129/1/176
f 124/1/177 146/1/178 147/1/179
f 128/1/180 138/1/181 126/1/182
f 134/1/183 139/1/184 138/1/185
f 133/1/186 140/1/187 139/1/184
f 141/1/188 135/1/189 152/1/190
f 130/1/191 135/1/192 131/1/193
f 129/1/194 136/1/195 130/1/191
f 126/1/2 137/1/2 125/1/2
f 137/1/196 139/1/196 136/1/196
f 139/1/197 135/1/197 136/1/197
f 149/1/4 131/1/4 141/1/4
f 132/1/198 130/1/198 131/1/198
f 130/1/199 134/1/199 129/1/199
f 124/1/4 143/1/4 123/1/4
f 147/1/4 142/1/4 143/1/4
f 148/1/4 141/1/4 142/1/4
f 123/1/200 150/1/201 121/1/202
f 143/1/203 151/1/204 150/1/204
f 141/1/205 151/1/206 142/1/207
f 149/1/208 140/1/209 132/1/210
f 149/1/211 145/1/212 144/1/213
f 147/1/214 145/1/215 148/1/216
f 135/1/2 144/1/2 152/1/2
f 152/1/217 145/1/217 151/1/217
f 145/1/218 150/1/218 151/1/218
f 154/1/219 155/1/219 153/1/219
f 161/1/4 160/1/4 159/1/4
f 160/1/220 157/1/220 159/1/220
f 182/1/2 154/1/2 153/1/2
f 159/1/221 169/1/222 161/1/223
f 156/1/224 178/1/225 179/1/226
f 160/1/227 170/1/228 158/1/229
f 166/1/230 171/1/231 170/1/232
f 164/1/233 171/1/234 165/1/235
f 173/1/236 167/1/237 184/1/238
f 163/1/239 168/1/240 167/1/241
f 161/1/242 168/1/243 162/1/244
f 158/1/2 169/1/2 157/1/2
f 169/1/196 171/1/196 168/1/196
f 171/1/197 167/1/197 168/1/197
f 173/1/4 164/1/4 163/1/4
f 163/1/4 165/1/4 162/1/4
f 162/1/4 166/1/4 161/1/4
f 156/1/4 175/1/4 155/1/4
f 179/1/4 174/1/4 175/1/4
f 174/1/4 181/1/4 173/1/4
f 155/1/245 182/1/246 153/1/247
f 175/1/248 183/1/249 182/1/250
f 173/1/251 183/1/249 174/1/252
f 181/1/253 172/1/254 164/1/255
f 181/1/256 177/1/257 176/1/258
f 179/1/259 177/1/257 180/1/260
f 172/1/2 184/1/2 167/1/2
f 184/1/217 177/1/217 183/1/217
f 177/1/218 182/1/218 183/1/218
f 186/1/261 187/1/261 185/1/261
f 188/1/262 189/1/262 187/1/262
f 190/1/263 191/1/263 189/1/263
f 192/1/264 193/1/264 191/1/264
f 194/1/265 195/1/265 193/1/265
f 196/1/266 197/1/266 195/1/266
f 198/1/267 199/1/267 197/1/267
f 200/1/268 201/1/268 199/1/268
f 202/1/269 203/1/269 201/1/269
f 204/1/270 205/1/270 203/1/270
f 206/1/271 207/1/271 205/1/271
f 208/1/272 209/1/272 207/1/272
f 210/1/273 211/1/273 209/1/273
f 212/1/274 213/1/274 211/1/274
f 194/1/275 220/1/276 221/1/275
f 214/1/277 215/1/277 213/1/277
f 215/1/278 186/1/278 185/1/278
f 189/1/279 298/1/280 187/1/279
f 218/1/269 233/1/269 217/1/269
f 202/1/281 226/1/282 204/1/282
f 214/1/283 230/1/284 231/1/283
f 190/1/285 217/1/286 219/1/285
f 198/1/287 224/1/288 200/1/288
f 210/1/289 228/1/290 229/1/289
f 194/1/275 222/1/291 196/1/291
f 204/1/282 227/1/292 206/1/292
f 214/1/283 232/1/293 216/1/293
f 190/1/285 220/1/276 192/1/276
f 202/1/281 224/1/288 225/1/281
f 186/1/294 217/1/286 188/1/286
f 210/1/289 230/1/284 212/1/284
f 198/1/287 222/1/291 223/1/287
f 206/1/292 228/1/290 208/1/290
f 186/1/294 232/1/293 218/1/294
f 232/1/268 234/1/268 218/1/268
f 225/1/261 242/1/261 226/1/261
f 217/1/270 235/1/270 219/1/270
f 226/1/262 243/1/262 227/1/262
f 219/1/271 236/1/271 220/1/271
f 227/1/263 244/1/263 228/1/263
f 220/1/272 237/1/272 221/1/272
f 228/1/264 245/1/264 229/1/264
f 221/1/273 238/1/273 222/1/273
f 229/1/265 246/1/265 230/1/265
f 222/1/274 239/1/274 223/1/274
f 230/1/266 247/1/266 231/1/266
f 223/1/277 240/1/277 224/1/277
f 231/1/267 248/1/267 232/1/267
f 224/1/278 241/1/278 225/1/278
f 308/1/295 323/1/296 307/1/297
f 199/1/298 303/1/299 197/1/298
f 207/1/300 309/1/301 308/1/301
f 195/1/302 301/1/303 193/1/302
f 205/1/304 306/1/305 203/1/305
f 215/1/306 311/1/307 213/1/306
f 191/1/308 299/1/309 189/1/308
f 199/1/310 305/1/311 304/1/311
f 187/1/312 297/1/313 185/1/312
f 211/1/314 309/1/315 209/1/314
f 195/1/316 303/1/317 302/1/317
f 205/1/304 308/1/295 307/1/297
f 215/1/318 297/1/319 312/1/319
f 191/1/320 301/1/321 300/1/321
f 203/1/322 305/1/323 201/1/322
f 213/1/324 310/1/325 211/1/324
f 328/1/326 329/1/327 344/1/327
f 300/1/321 317/1/328 316/1/329
f 308/1/301 325/1/330 324/1/330
f 302/1/303 317/1/331 301/1/303
f 310/1/315 325/1/332 309/1/315
f 302/1/317 319/1/333 318/1/333
f 310/1/325 327/1/334 326/1/334
f 304/1/299 319/1/335 303/1/299
f 312/1/307 327/1/336 311/1/307
f 304/1/311 321/1/337 320/1/337
f 298/1/313 313/1/338 297/1/313
f 312/1/319 313/1/326 328/1/326
f 306/1/323 321/1/339 305/1/323
f 298/1/280 315/1/340 314/1/340
f 306/1/341 323/1/341 322/1/341
f 300/1/309 315/1/342 299/1/309
f 342/1/343 359/1/344 358/1/343
f 322/1/345 337/1/346 321/1/346
f 314/1/347 331/1/348 330/1/347
f 322/1/345 339/1/349 338/1/345
f 316/1/350 331/1/348 315/1/348
f 323/1/296 340/1/351 339/1/352
f 317/1/328 332/1/353 316/1/329
f 324/1/354 341/1/355 340/1/351
f 318/1/356 333/1/357 317/1/328
f 326/1/358 341/1/355 325/1/355
f 318/1/356 335/1/359 334/1/356
f 326/1/358 343/1/360 342/1/358
f 319/1/359 336/1/361 335/1/359
f 328/1/362 343/1/363 327/1/362
f 320/1/361 337/1/364 336/1/361
f 314/1/338 329/1/365 313/1/338
f 336/1/366 351/1/367 335/1/367
f 344/1/363 359/1/368 343/1/363
f 336/1/366 353/1/369 352/1/366
f 330/1/370 345/1/371 329/1/371
f 344/1/372 345/1/371 360/1/372
f 338/1/373 353/1/374 337/1/374
f 331/1/375 346/1/376 330/1/376
f 339/1/377 354/1/373 338/1/373
f 331/1/375 348/1/378 347/1/375
f 340/1/379 355/1/377 339/1/377
f 332/1/378 349/1/380 348/1/378
f 340/1/379 357/1/381 356/1/379
f 334/1/382 349/1/380 333/1/380
f 342/1/343 357/1/381 341/1/381
f 335/1/367 350/1/382 334/1/382
f 352/1/383 356/1/383 360/1/383
f 238/1/384 255/1/385 239/1/384
f 259/1/386 276/1/387 260/1/386
f 246/1/388 263/1/389 247/1/388
f 240/1/390 255/1/391 256/1/391
f 248/1/392 263/1/393 264/1/393
f 241/1/394 256/1/395 257/1/395
f 234/1/396 249/1/397 233/1/396
f 234/1/398 264/1/399 250/1/399
f 242/1/400 257/1/401 258/1/401
f 233/1/402 251/1/403 235/1/402
f 243/1/404 258/1/405 259/1/405
f 236/1/406 251/1/407 252/1/407
f 244/1/408 259/1/386 260/1/386
f 237/1/409 252/1/410 253/1/410
f 245/1/411 260/1/412 261/1/412
f 237/1/413 254/1/414 238/1/413
f 245/1/415 262/1/416 246/1/415
f 265/1/417 282/1/418 281/1/418
f 252/1/410 269/1/419 253/1/410
f 260/1/412 277/1/420 261/1/412
f 253/1/414 270/1/421 254/1/414
f 262/1/416 277/1/422 278/1/422
f 254/1/385 271/1/423 255/1/385
f 262/1/389 279/1/424 263/1/389
f 255/1/391 272/1/425 256/1/391
f 264/1/393 279/1/426 280/1/426
f 256/1/395 273/1/427 257/1/395
f 250/1/397 265/1/417 249/1/397
f 264/1/399 266/1/428 250/1/399
f 258/1/401 273/1/429 274/1/429
f 249/1/403 267/1/430 251/1/403
f 258/1/405 275/1/431 259/1/405
f 252/1/407 267/1/432 268/1/432
f 291/1/433 287/1/433 283/1/433
f 280/1/434 282/1/435 266/1/428
f 274/1/429 289/1/436 290/1/436
f 267/1/430 281/1/437 283/1/437
f 275/1/431 290/1/438 291/1/438
f 267/1/432 284/1/439 268/1/432
f 275/1/387 292/1/440 276/1/387
f 268/1/419 285/1/441 269/1/419
f 277/1/420 292/1/442 293/1/442
f 270/1/421 285/1/443 286/1/443
f 278/1/422 293/1/444 294/1/444
f 271/1/423 286/1/445 287/1/445
f 279/1/424 294/1/446 295/1/446
f 271/1/425 288/1/447 272/1/425
f 279/1/426 296/1/448 280/1/426
f 273/1/427 288/1/449 289/1/449
f 505/1/4 508/1/4 507/1/4
f 512/1/450 513/1/450 508/1/450
f 512/1/2 509/1/2 511/1/2
f 510/1/433 505/1/433 509/1/433
f 511/1/451 505/1/451 507/1/451
f 508/1/452 510/1/452 512/1/452
f 516/1/453 529/1/453 513/1/453
f 507/1/4 513/1/4 514/1/4
f 511/1/2 516/1/2 512/1/2
f 507/1/454 515/1/454 511/1/454
f 514/1/4 529/1/4 530/1/4
f 515/1/2 532/1/2 516/1/2
f 514/1/455 531/1/455 515/1/455
f 517/1/4 520/1/4 518/1/4
f 525/1/456 524/1/456 520/1/456
f 521/1/2 524/1/2 523/1/2
f 517/1/433 522/1/433 521/1/433
f 517/1/457 523/1/457 519/1/457
f 522/1/458 520/1/458 524/1/458
f 529/1/459 528/1/459 525/1/459
f 519/1/4 525/1/4 520/1/4
f 528/1/2 523/1/2 524/1/2
f 527/1/460 519/1/460 523/1/460
f 526/1/4 529/1/4 525/1/4
f 532/1/2 527/1/2 528/1/2
f 531/1/461 526/1/461 527/1/461
f 533/1/4 536/1/4 535/1/4
f 540/1/450 541/1/450 536/1/450
f 540/1/2 537/1/2 539/1/2
f 538/1/433 533/1/433 537/1/433
f 535/1/451 537/1/462 533/1/451
f 536/1/452 538/1/452 540/1/452
f 544/1/453 557/1/453 541/1/453
f 535/1/4 541/1/4 542/1/4
f 539/1/2 544/1/2 540/1/2
f 535/1/454 543/1/454 539/1/454
f 542/1/4 557/1/4 558/1/4
f 543/1/2 560/1/2 544/1/2
f 542/1/455 559/1/455 543/1/455
f 545/1/4 548/1/4 546/1/4
f 553/1/456 552/1/456 548/1/456
f 549/1/2 552/1/2 551/1/2
f 545/1/433 550/1/433 549/1/433
f 545/1/457 551/1/457 547/1/457
f 550/1/458 548/1/458 552/1/458
f 557/1/459 556/1/459 553/1/459
f 547/1/4 553/1/4 548/1/4
f 556/1/2 551/1/2 552/1/2
f 555/1/460 547/1/460 551/1/460
f 554/1/4 557/1/4 553/1/4
f 560/1/2 555/1/2 556/1/2
f 559/1/461 554/1/461 555/1/461
f 362/1/463 363/1/463 361/1/463
f 364/1/464 365/1/464 363/1/464
f 366/1/465 367/1/465 365/1/465
f 368/1/466 369/1/466 367/1/466
f 370/1/467 376/1/467 377/1/468
f 370/1/469 371/1/469 369/1/469
f 372/1/470 361/1/470 371/1/470
f 363/1/383 367/1/383 371/1/383
f 374/1/433 377/1/433 375/1/433
f 364/1/471 375/1/472 366/1/472
f 370/1/473 378/1/474 372/1/474
f 364/1/475 374/1/475 373/1/476
f 366/1/477 376/1/477 368/1/477
f 372/1/478 374/1/478 362/1/478
f 380/1/479 381/1/479 379/1/479
f 382/1/480 383/1/480 381/1/480
f 384/1/481 385/1/481 383/1/481
f 386/1/482 387/1/482 385/1/482
f 386/1/483 395/1/483 388/1/483
f 388/1/484 389/1/484 387/1/484
f 390/1/485 379/1/485 389/1/485
f 381/1/383 385/1/383 389/1/383
f 392/1/433 395/1/433 393/1/433
f 382/1/486 393/1/486 384/1/486
f 388/1/487 396/1/487 390/1/488
f 380/1/489 391/1/489 382/1/489
f 384/1/490 394/1/490 386/1/490
f 390/1/491 392/1/491 380/1/491
f 398/1/492 399/1/492 397/1/492
f 400/1/2 401/1/2 399/1/2
f 402/1/493 403/1/493 401/1/493
f 404/1/494 405/1/494 403/1/494
f 406/1/495 412/1/495 413/1/496
f 405/1/4 408/1/4 407/1/4
f 408/1/497 397/1/497 407/1/497
f 399/1/383 403/1/383 407/1/383
f 410/1/433 413/1/433 411/1/433
f 400/1/498 411/1/498 402/1/498
f 406/1/499 414/1/500 408/1/500
f 400/1/501 410/1/501 409/1/501
f 402/1/502 412/1/502 404/1/502
f 408/1/503 410/1/503 398/1/503
f 416/1/504 417/1/504 415/1/504
f 418/1/505 419/1/505 417/1/505
f 420/1/506 421/1/506 419/1/506
f 422/1/507 423/1/507 421/1/507
f 424/1/508 430/1/508 431/1/508
f 424/1/509 425/1/509 423/1/509
f 426/1/510 415/1/510 425/1/510
f 417/1/383 421/1/383 425/1/383
f 428/1/433 431/1/433 429/1/433
f 418/1/511 429/1/511 420/1/511
f 424/1/512 432/1/512 426/1/512
f 416/1/513 427/1/513 418/1/513
f 422/1/514 429/1/514 430/1/515
f 426/1/516 428/1/516 416/1/516
f 434/1/482 435/1/482 433/1/482
f 436/1/484 437/1/484 435/1/484
f 438/1/485 439/1/485 437/1/485
f 440/1/479 441/1/479 439/1/479
f 442/1/517 448/1/517 449/1/517
f 442/1/480 443/1/480 441/1/480
f 444/1/518 433/1/518 443/1/518
f 435/1/383 439/1/383 443/1/383
f 446/1/433 449/1/433 447/1/433
f 436/1/487 447/1/487 438/1/487
f 444/1/519 449/1/519 450/1/519
f 436/1/483 446/1/483 445/1/483
f 440/1/520 447/1/520 448/1/491
f 434/1/521 450/1/521 446/1/490
f 452/1/494 453/1/494 451/1/494
f 453/1/4 456/1/4 455/1/4
f 456/1/497 457/1/497 455/1/497
f 458/1/492 459/1/492 457/1/492
f 460/1/501 466/1/501 467/1/522
f 460/1/2 461/1/2 459/1/2
f 462/1/493 451/1/493 461/1/493
f 453/1/383 457/1/383 461/1/383
f 464/1/433 467/1/433 465/1/433
f 456/1/499 463/1/499 465/1/500
f 460/1/498 468/1/523 462/1/523
f 454/1/495 464/1/495 463/1/495
f 456/1/503 466/1/503 458/1/503
f 462/1/502 464/1/502 452/1/502
f 470/1/507 471/1/507 469/1/507
f 472/1/509 473/1/509 471/1/509
f 474/1/510 475/1/510 473/1/510
f 476/1/504 477/1/504 475/1/504
f 478/1/524 484/1/524 485/1/524
f 478/1/505 479/1/505 477/1/505
f 480/1/506 469/1/506 479/1/506
f 471/1/383 475/1/383 479/1/383
f 482/1/433 485/1/433 483/1/433
f 474/1/525 481/1/525 483/1/525
f 480/1/526 485/1/526 486/1/526
f 472/1/527 482/1/527 481/1/527
f 476/1/528 483/1/528 484/1/516
f 470/1/515 486/1/515 482/1/514
f 488/1/466 489/1/466 487/1/466
f 490/1/469 491/1/469 489/1/469
f 492/1/470 493/1/470 491/1/470
f 494/1/463 495/1/463 493/1/463
f 496/1/475 502/1/475 503/1/475
f 496/1/464 497/1/464 495/1/464
f 498/1/465 487/1/465 497/1/465
f 489/1/383 493/1/383 497/1/383
f 500/1/433 503/1/433 501/1/433
f 490/1/473 501/1/474 492/1/474
f 496/1/471 504/1/472 498/1/472
f 490/1/467 500/1/467 499/1/467
f 492/1/478 502/1/478 494/1/478
f 498/1/477 500/1/477 488/1/477
f 683/2/529 563/2/530 700/2/531
f 685/3/532 605/3/533 712/3/534
f 719/3/535 575/3/536 702/3/537
f 568/2/538 701/2/539 562/2/540
f 709/3/541 584/3/542 718/3/543
f 611/3/544 703/3/531 577/3/545
f 691/2/529 619/2/530 727/2/546
f 693/3/532 661/3/533 739/3/534
f 673/3/535 631/3/536 729/3/537
f 624/2/538 728/2/539 618/2/540
f 736/3/541 640/3/542 676/3/547
f 667/3/544 730/3/546 633/3/545
f 603/3/548 576/3/549 582/3/550
f 590/2/551 721/2/552 570/2/553
f 652/2/554 625/2/555 617/2/556
f 694/2/557 645/2/558 654/2/559
f 682/2/557 589/2/558 598/2/559
f 659/3/548 632/3/549 638/3/550
f 646/2/551 675/2/552 626/2/553
f 561/2/560 565/2/561 567/2/562
f 562/2/540 565/2/561 564/2/563
f 563/2/530 565/2/561 566/2/564
f 568/2/538 572/2/565 574/2/566
f 569/2/567 572/2/565 571/2/568
f 570/2/553 572/2/565 573/2/569
f 575/3/536 579/3/570 581/3/571
f 576/3/549 579/3/570 578/3/572
f 577/3/545 579/3/570 580/3/573
f 582/3/550 586/3/574 588/3/575
f 583/3/576 586/3/574 585/3/577
f 584/3/542 586/3/574 587/3/578
f 589/2/558 593/2/579 595/2/580
f 590/2/551 593/2/579 592/2/581
f 591/2/582 593/2/579 594/2/583
f 596/2/584 600/2/585 602/2/586
f 597/2/587 600/2/585 599/2/588
f 598/2/559 600/2/585 601/2/589
f 603/3/548 607/3/590 609/3/591
f 604/3/592 607/3/590 606/3/593
f 605/3/533 607/3/590 608/3/594
f 610/3/595 614/3/596 616/3/597
f 611/3/544 614/3/596 613/3/598
f 612/3/599 614/3/596 615/3/600
f 617/2/556 621/2/561 623/2/562
f 618/2/540 621/2/561 620/2/563
f 619/2/530 621/2/561 622/2/564
f 624/2/538 628/2/565 630/2/566
f 625/2/555 628/2/565 627/2/568
f 626/2/553 628/2/565 629/2/569
f 631/3/536 635/3/570 637/3/571
f 632/3/549 635/3/570 634/3/572
f 633/3/545 635/3/570 636/3/573
f 638/3/550 642/3/574 644/3/601
f 639/3/602 642/3/574 641/3/577
f 640/3/542 642/3/574 643/3/603
f 645/2/558 649/2/579 651/2/580
f 646/2/551 649/2/579 648/2/604
f 647/2/605 649/2/579 650/2/606
f 652/2/554 656/2/585 658/2/607
f 653/2/587 656/2/585 655/2/588
f 654/2/559 656/2/585 657/2/608
f 659/3/548 663/3/590 665/3/591
f 660/3/592 663/3/590 662/3/593
f 661/3/533 663/3/590 664/3/609
f 666/3/610 670/3/596 672/3/611
f 667/3/544 670/3/596 669/3/612
f 668/3/599 670/3/596 671/3/600
f 677/3/613 681/3/614 673/3/535
f 679/2/615 677/2/613 674/2/616
f 680/2/617 679/2/615 675/2/552
f 681/3/614 680/3/617 676/3/547
f 686/2/618 690/2/619 682/2/557
f 688/2/620 686/2/618 683/2/529
f 689/3/621 688/3/620 684/3/622
f 690/3/619 689/3/621 685/3/532
f 695/2/620 699/2/623 691/2/529
f 697/3/621 695/3/620 692/3/622
f 698/3/624 697/3/621 693/3/532
f 699/2/623 698/2/624 694/2/557
f 700/2/531 705/2/625 708/2/531
f 706/2/626 704/2/627 701/2/539
f 707/3/628 706/3/626 702/3/537
f 703/3/531 705/3/625 707/3/628
f 713/3/629 717/3/630 709/3/541
f 715/2/631 713/2/629 710/2/632
f 716/2/633 715/2/631 711/2/634
f 717/3/630 716/3/633 712/3/534
f 722/3/635 726/3/543 718/3/543
f 724/3/613 722/3/635 719/3/535
f 725/2/615 724/2/613 720/2/636
f 726/2/543 725/2/615 721/2/552
f 731/2/637 735/2/546 727/2/546
f 733/2/626 731/2/637 728/2/539
f 734/3/638 733/3/626 729/3/537
f 735/3/546 734/3/638 730/3/546
f 740/3/629 744/3/630 736/3/541
f 742/2/639 740/2/629 737/2/632
f 743/2/633 742/2/639 738/2/640
f 744/3/630 743/3/633 739/3/534
f 562/2/540 571/2/568 568/2/538
f 564/2/563 569/2/567 571/2/568
f 576/3/549 585/3/577 582/3/550
f 578/3/572 583/3/576 585/3/577
f 584/3/542 722/3/635 718/3/543
f 587/3/578 719/3/535 722/3/635
f 563/2/530 704/2/627 700/2/531
f 566/2/564 701/2/539 704/2/627
f 596/2/584 595/2/580 591/2/582
f 602/2/586 589/2/558 595/2/580
f 610/3/595 609/3/591 605/3/533
f 616/3/597 603/3/548 609/3/591
f 605/3/533 717/3/630 712/3/534
f 608/3/594 709/3/541 717/3/630
f 598/2/559 686/2/618 682/2/557
f 601/2/589 683/2/529 686/2/618
f 604/3/592 588/3/575 584/3/542
f 606/3/593 582/3/550 588/3/575
f 590/2/551 573/2/569 594/2/583
f 573/2/569 591/2/582 594/2/583
f 561/2/560 599/2/588 596/2/584
f 567/2/562 597/2/587 599/2/588
f 577/3/545 615/3/600 611/3/544
f 580/3/573 612/3/599 615/3/600
f 618/2/540 627/2/568 624/2/538
f 620/2/563 625/2/555 627/2/568
f 632/3/549 641/3/577 638/3/550
f 634/3/572 639/3/602 641/3/577
f 640/3/542 681/3/614 676/3/547
f 643/3/603 673/3/535 681/3/614
f 619/2/530 731/2/637 727/2/546
f 622/2/564 728/2/539 731/2/637
f 652/2/554 651/2/580 647/2/605
f 658/2/607 645/2/558 651/2/580
f 666/3/610 665/3/591 661/3/533
f 672/3/611 659/3/548 665/3/591
f 661/3/533 744/3/630 739/3/534
f 664/3/609 736/3/541 744/3/630
f 654/2/559 699/2/623 694/2/557
f 657/2/608 691/2/529 699/2/623
f 660/3/592 644/3/601 640/3/542
f 662/3/593 638/3/550 644/3/601
f 626/2/553 650/2/606 646/2/551
f 629/2/569 647/2/605 650/2/606
f 617/2/556 655/2/588 652/2/554
f 623/2/562 653/2/587 655/2/588
f 633/3/545 671/3/600 667/3/544
f 636/3/573 668/3/599 671/3/600
f 675/2/552 630/2/566 626/2/553
f 679/2/615 624/2/538 630/2/566
f 685/3/532 613/3/598 610/3/595
f 689/3/621 611/3/544 613/3/598
f 693/3/532 669/3/612 666/3/610
f 697/3/621 667/3/544 669/3/612
f 703/3/531 581/3/571 577/3/545
f 707/3/628 575/3/536 581/3/571
f 711/2/634 592/2/581 589/2/558
f 715/2/631 590/2/551 592/2/581
f 721/2/552 574/2/566 570/2/553
f 725/2/615 568/2/538 574/2/566
f 730/3/546 637/3/571 633/3/545
f 734/3/638 631/3/536 637/3/571
f 738/2/640 648/2/604 645/2/558
f 742/2/639 646/2/551 648/2/604
f 720/2/636 706/2/626 701/2/539
f 724/3/613 702/3/537 706/3/626
f 739/3/534 698/3/624 693/3/532
f 743/2/633 694/2/557 698/2/624
f 684/3/622 708/3/531 703/3/531
f 688/2/620 700/2/531 708/2/531
f 712/3/534 690/3/619 685/3/532
f 716/2/633 682/2/557 690/2/619
f 737/2/632 680/2/617 675/2/552
f 740/3/629 676/3/547 680/3/617
f 710/2/632 726/2/543 721/2/552
f 713/3/629 718/3/543 726/3/543
f 674/2/616 733/2/626 728/2/539
f 677/3/613 729/3/537 733/3/626
f 692/3/622 735/3/546 730/3/546
f 695/2/620 727/2/546 735/2/546
f 596/2/584 569/2/567 561/2/560
f 747/2/641 867/2/642 884/2/543
f 789/3/643 869/3/534 896/3/619
f 759/3/644 903/3/537 886/3/645
f 885/2/646 752/2/540 746/2/647
f 768/3/648 893/3/649 902/3/531
f 887/3/650 795/3/651 761/3/542
f 911/2/652 837/2/653 875/2/642
f 845/3/654 877/3/534 923/3/619
f 815/3/655 857/3/537 913/3/645
f 912/2/656 808/2/540 802/2/647
f 824/3/648 920/3/649 860/3/531
f 914/3/657 851/3/651 817/3/542
f 760/3/658 787/3/659 766/3/549
f 905/2/660 774/2/661 754/2/530
f 809/2/662 836/2/663 801/2/555
f 829/2/664 878/2/665 838/2/666
f 773/2/664 866/2/665 782/2/666
f 816/3/658 843/3/659 822/3/549
f 859/2/667 830/2/661 810/2/530
f 745/2/567 749/2/565 748/2/668
f 746/2/647 749/2/565 750/2/566
f 747/2/641 749/2/565 751/2/569
f 752/2/540 756/2/561 755/2/669
f 753/2/670 756/2/561 757/2/562
f 754/2/530 756/2/561 758/2/671
f 759/3/644 763/3/574 762/3/672
f 760/3/658 763/3/574 764/3/575
f 761/3/542 763/3/574 765/3/673
f 766/3/549 770/3/570 769/3/674
f 767/3/675 770/3/570 771/3/676
f 768/3/648 770/3/570 772/3/573
f 773/2/664 777/2/585 776/2/677
f 774/2/661 777/2/585 778/2/678
f 775/2/584 777/2/585 779/2/679
f 780/2/680 784/2/579 783/2/681
f 781/2/682 784/2/579 785/2/683
f 782/2/666 784/2/579 786/2/684
f 787/3/659 791/3/596 790/3/685
f 788/3/686 791/3/596 792/3/687
f 789/3/643 791/3/596 793/3/688
f 794/3/689 798/3/590 797/3/690
f 795/3/651 798/3/590 799/3/691
f 796/3/692 798/3/590 800/3/693
f 801/2/555 805/2/565 804/2/668
f 802/2/647 805/2/565 806/2/566
f 803/2/694 805/2/565 807/2/569
f 808/2/540 812/2/561 811/2/669
f 809/2/662 812/2/561 813/2/562
f 810/2/530 812/2/561 814/2/564
f 815/3/655 819/3/574 818/3/672
f 816/3/658 819/3/574 820/3/575
f 817/3/542 819/3/574 821/3/578
f 822/3/549 826/3/570 825/3/674
f 823/3/695 826/3/570 827/3/696
f 824/3/648 826/3/570 828/3/573
f 829/2/664 833/2/585 832/2/697
f 830/2/661 833/2/585 834/2/678
f 831/2/698 833/2/585 835/2/679
f 836/2/663 840/2/579 839/2/681
f 837/2/653 840/2/579 841/2/683
f 838/2/666 840/2/579 842/2/684
f 843/3/659 847/3/596 846/3/699
f 844/3/686 847/3/596 848/3/700
f 845/3/654 847/3/596 849/3/701
f 850/3/702 854/3/590 853/3/690
f 851/3/651 854/3/590 855/3/703
f 852/3/692 854/3/590 856/3/704
f 865/3/705 861/3/537 857/3/537
f 861/2/537 863/2/706 858/2/707
f 863/2/706 864/2/546 859/2/667
f 864/3/546 865/3/705 860/3/531
f 874/2/633 870/2/708 866/2/665
f 870/2/708 872/2/709 867/2/642
f 872/3/709 873/3/710 868/3/632
f 873/3/710 874/3/633 869/3/534
f 883/2/631 879/2/709 875/2/642
f 879/3/709 881/3/710 876/3/632
f 881/3/710 882/3/534 877/3/534
f 882/2/534 883/2/631 878/2/665
f 884/2/543 889/2/711 888/2/712
f 888/2/712 890/2/645 885/2/646
f 890/3/645 891/3/713 886/3/645
f 887/3/650 889/3/711 892/3/714
f 901/3/715 897/3/649 893/3/649
f 897/2/649 899/2/716 894/2/622
f 899/2/716 900/2/619 895/2/717
f 900/3/619 901/3/715 896/3/619
f 910/3/718 906/3/719 902/3/531
f 906/3/719 908/3/537 903/3/537
f 908/2/537 909/2/706 904/2/720
f 909/2/706 910/2/718 905/2/660
f 919/2/617 915/2/721 911/2/652
f 915/2/721 917/2/645 912/2/656
f 917/3/645 918/3/614 913/3/645
f 918/3/614 919/3/617 914/3/657
f 928/3/715 924/3/649 920/3/649
f 924/2/649 926/2/722 921/2/622
f 926/2/722 927/2/619 922/2/723
f 927/3/619 928/3/715 923/3/619
f 755/2/669 746/2/647 752/2/540
f 753/2/670 748/2/668 755/2/669
f 769/3/674 760/3/658 766/3/549
f 767/3/675 762/3/672 769/3/674
f 906/3/719 768/3/648 902/3/531
f 903/3/537 771/3/676 906/3/719
f 888/2/712 747/2/641 884/2/543
f 885/2/646 750/2/566 888/2/712
f 779/2/679 780/2/680 775/2/584
f 773/2/664 786/2/684 779/2/679
f 793/3/688 794/3/689 789/3/643
f 787/3/659 800/3/693 793/3/688
f 901/3/715 789/3/643 896/3/619
f 893/3/649 792/3/687 901/3/715
f 870/2/708 782/2/666 866/2/665
f 867/2/642 785/2/683 870/2/708
f 772/3/573 788/3/686 768/3/648
f 766/3/549 790/3/685 772/3/573
f 778/2/678 754/2/530 774/2/661
f 775/2/584 757/2/562 778/2/678
f 783/2/681 745/2/567 780/2/680
f 781/2/682 751/2/569 783/2/681
f 799/3/691 761/3/542 795/3/651
f 796/3/692 764/3/575 799/3/691
f 811/2/669 802/2/647 808/2/540
f 809/2/662 804/2/668 811/2/669
f 825/3/674 816/3/658 822/3/549
f 823/3/695 818/3/672 825/3/674
f 865/3/705 824/3/648 860/3/531
f 857/3/537 827/3/696 865/3/705
f 915/2/721 803/2/694 911/2/652
f 912/2/656 806/2/566 915/2/721
f 835/2/679 836/2/663 831/2/698
f 829/2/664 842/2/684 835/2/679
f 849/3/701 850/3/702 845/3/654
f 843/3/659 856/3/704 849/3/701
f 928/3/715 845/3/654 923/3/619
f 920/3/649 848/3/700 928/3/715
f 883/2/631 838/2/666 878/2/665
f 875/2/642 841/2/683 883/2/631
f 828/3/573 844/3/686 824/3/648
f 822/3/549 846/3/699 828/3/573
f 834/2/678 810/2/530 830/2/661
f 831/2/698 813/2/562 834/2/678
f 839/2/681 801/2/555 836/2/663
f 837/2/653 807/2/569 839/2/681
f 855/3/703 817/3/542 851/3/651
f 852/3/692 820/3/575 855/3/703
f 814/2/564 859/2/667 810/2/530
f 808/2/540 863/2/706 814/2/564
f 797/3/690 869/3/534 794/3/689
f 795/3/651 873/3/710 797/3/690
f 853/3/690 877/3/534 850/3/702
f 851/3/651 881/3/710 853/3/690
f 765/3/673 887/3/650 761/3/542
f 759/3/644 891/3/713 765/3/673
f 773/2/664 899/2/716 895/2/717
f 774/2/661 899/2/716 776/2/677
f 758/2/671 905/2/660 754/2/530
f 752/2/540 909/2/706 758/2/671
f 821/3/578 914/3/657 817/3/542
f 815/3/655 918/3/614 821/3/578
f 832/2/697 922/2/723 829/2/664
f 830/2/661 926/2/722 832/2/697
f 890/2/645 904/2/720 885/2/646
f 886/3/645 908/3/537 890/3/645
f 882/3/534 923/3/619 877/3/534
f 878/2/665 927/2/619 882/2/534
f 892/3/714 868/3/632 887/3/650
f 884/2/543 872/2/709 892/2/714
f 874/3/633 896/3/619 869/3/534
f 866/2/665 900/2/619 874/2/633
f 864/2/546 921/2/622 859/2/667
f 860/3/531 924/3/649 864/3/546
f 910/2/718 894/2/622 905/2/660
f 902/3/531 897/3/649 910/3/718
f 917/2/645 858/2/707 912/2/656
f 913/3/645 861/3/537 917/3/645
f 919/3/617 876/3/632 914/3/657
f 911/2/652 879/2/709 919/2/617
f 753/2/670 780/2/680 745/2/567
f 930/4/724 1002/4/725 955/4/726
f 953/4/727 1013/4/728 965/4/729
f 954/4/730 942/4/731 931/4/732
f 966/4/733 990/4/734 943/4/735
f 991/4/736 1003/4/737 978/4/738
f 932/4/739 933/4/740 929/4/741
f 936/4/742 934/4/743 932/4/739
f 935/4/744 936/4/742 930/4/724
f 935/4/744 940/4/745 937/4/746
f 938/4/747 939/4/748 931/4/732
f 933/4/740 940/4/745 938/4/747
f 934/4/743 937/4/746 940/4/745
f 944/4/749 945/4/750 941/4/751
f 944/4/749 949/4/752 946/4/753
f 947/4/754 948/4/755 942/4/731
f 951/4/756 949/4/752 947/4/754
f 950/4/757 951/4/756 943/4/735
f 950/4/757 946/4/753 952/4/758
f 946/4/753 949/4/752 952/4/758
f 956/4/759 957/4/760 953/4/727
f 956/4/759 961/4/761 958/4/762
f 959/4/763 960/4/764 954/4/730
f 963/4/765 961/4/761 959/4/763
f 962/4/766 963/4/765 955/4/726
f 962/4/766 958/4/762 964/4/767
f 958/4/762 961/4/761 964/4/767
f 968/4/768 969/4/769 965/4/729
f 972/4/770 970/4/771 968/4/768
f 971/4/772 972/4/770 966/4/733
f 971/4/772 976/4/773 973/4/774
f 974/4/775 975/4/776 967/4/777
f 969/4/769 976/4/773 974/4/775
f 970/4/771 973/4/774 976/4/773
f 980/4/778 981/4/779 977/4/780
f 980/4/778 985/4/781 982/4/782
f 983/4/783 984/4/784 978/4/738
f 987/4/785 985/4/781 983/4/783
f 986/4/786 987/4/785 979/4/787
f 986/4/786 982/4/782 988/4/788
f 982/4/782 985/4/781 988/4/788
f 992/4/789 993/4/790 989/4/791
f 996/4/792 994/4/793 992/4/789
f 995/4/794 996/4/792 990/4/734
f 995/4/794 1000/4/795 997/4/796
f 998/4/797 999/4/798 991/4/736
f 993/4/790 1000/4/795 998/4/797
f 994/4/793 997/4/796 1000/4/795
f 1004/4/799 1005/4/800 1001/4/801
f 1008/4/802 1006/4/803 1004/4/799
f 1007/4/804 1008/4/802 1002/4/725
f 1007/4/804 1012/4/805 1009/4/806
f 1010/4/807 1011/4/808 1003/4/737
f 1005/4/800 1012/4/805 1010/4/807
f 1006/4/803 1009/4/806 1012/4/805
f 1016/4/809 1017/4/810 1013/4/728
f 1016/4/809 1021/4/811 1018/4/812
f 1019/4/813 1020/4/814 1014/4/815
f 1023/4/816 1021/4/811 1019/4/813
f 1022/4/817 1023/4/816 1015/4/818
f 1022/4/817 1018/4/812 1024/4/819
f 1018/4/812 1021/4/811 1024/4/819
f 942/4/731 938/4/747 931/4/732
f 948/4/755 933/4/740 938/4/747
f 944/4/749 929/4/741 933/4/740
f 965/4/729 956/4/759 953/4/727
f 969/4/769 960/4/764 956/4/759
f 960/4/764 967/4/777 954/4/730
f 943/4/735 971/4/772 966/4/733
f 951/4/756 975/4/776 971/4/772
f 947/4/754 967/4/777 975/4/776
f 955/4/726 935/4/744 930/4/724
f 963/4/765 939/4/748 935/4/744
f 959/4/763 931/4/732 939/4/748
f 989/4/791 980/4/778 977/4/780
f 993/4/790 984/4/784 980/4/778
f 998/4/797 978/4/738 984/4/784
f 1014/4/815 1010/4/807 1003/4/737
f 1020/4/814 1005/4/800 1010/4/807
f 1016/4/809 1001/4/801 1005/4/800
f 991/4/736 1019/4/813 1014/4/815
f 999/4/798 1023/4/816 1019/4/813
f 995/4/794 1015/4/818 1023/4/816
f 1003/4/737 983/4/783 978/4/738
f 1011/4/808 987/4/785 983/4/783
f 1007/4/804 979/4/787 987/4/785
f 1013/4/728 968/4/768 965/4/729
f 1017/4/810 972/4/770 968/4/768
f 1022/4/817 966/4/733 972/4/770
f 941/4/751 992/4/789 989/4/791
f 945/4/750 996/4/792 992/4/789
f 950/4/757 990/4/734 996/4/792
f 930/4/724 986/4/786 979/4/787
f 936/4/742 981/4/779 986/4/786
f 932/4/739 977/4/780 981/4/779
f 953/4/727 1004/4/799 1001/4/801
f 957/4/760 1008/4/802 1004/4/799
f 1008/4/802 955/4/726 1002/4/725
f 929/4/741 989/4/791 977/4/780
f 1026/5/820 1451/5/821 1041/5/822
f 1069/2/823 1441/2/824 1458/2/825
f 1068/2/826 1061/2/827 1055/2/828
f 1074/2/829 1457/2/830 1449/2/831
f 1081/2/832 1101/2/550 1087/2/833
f 1431/2/834 1075/2/835 1448/2/821
f 1083/2/836 1123/2/530 1109/2/545
f 1370/2/264 1134/2/833 1129/2/659
f 1092/2/837 1573/2/556 1095/2/838
f 1110/2/839 1117/2/647 1102/2/840
f 1088/2/841 1116/2/553 1569/2/842
f 1145/2/843 1786/2/269 1783/2/268
f 1200/4/844 1172/4/845 1179/4/549
f 1372/2/261 1583/2/846 1578/2/545
f 1150/2/847 1380/2/273 1580/2/838
f 1364/2/268 1152/2/653 1575/2/848
f 1135/2/849 1157/2/850 1127/2/851
f 1209/4/852 1188/4/850 1173/4/853
f 1241/4/854 1229/4/855 1642/4/856
f 1174/4/857 1195/4/530 1180/4/545
f 1216/4/858 1181/4/856 1194/4/540
f 1215/4/859 1208/4/651 1202/4/542
f 1221/4/860 1193/4/861 1186/4/862
f 1233/4/863 1667/4/2 1648/4/546
f 1268/4/864 1273/4/663 1262/4/865
f 1669/4/866 1703/4/867 1675/4/868
f 1228/4/869 1250/4/264 1232/4/870
f 1649/4/871 1261/4/647 1236/4/645
f 1278/4/265 1707/4/659 1692/4/264
f 1655/4/872 1272/4/653 1676/4/873
f 1663/4/265 1693/4/264 1658/4/264
f 1668/4/874 1267/4/530 1650/4/875
f 1654/4/876 1244/4/268 1230/4/877
f 1701/4/4 1304/4/651 1280/4/268
f 1659/4/261 1297/4/878 1257/4/278
f 1253/4/879 1684/4/850 1258/4/880
f 1674/4/269 1696/4/268 1664/4/268
f 1720/4/881 1738/4/882 1314/4/619
f 1322/4/883 1769/4/550 1317/4/884
f 1284/4/261 1313/4/885 1294/4/2
f 1295/4/886 1319/4/887 1290/4/888
f 1339/4/278 1351/4/545 1725/4/889
f 1702/4/890 1327/4/642 1310/4/891
f 1305/4/892 1715/4/893 1709/4/851
f 1315/4/894 1726/4/895 1699/4/896
f 1352/4/897 1776/4/647 1770/4/855
f 1743/4/898 1343/4/850 1330/4/619
f 1733/4/899 1356/4/553 1754/4/269
f 1334/4/272 1772/4/556 1748/4/273
f 1403/4/900 1390/4/833 1789/4/845
f 1732/4/4 1764/4/653 1744/4/891
f 1331/4/901 1750/4/278 1323/4/2
f 1749/4/273 1763/4/663 1755/4/272
f 1140/2/902 1363/2/265 1779/2/264
f 1141/2/903 1162/2/647 1577/2/840
f 1785/2/272 1582/2/556 1381/2/273
f 1128/2/904 1383/2/278 1371/2/261
f 1093/2/905 1082/2/853 1565/2/906
f 1472/5/907 1488/5/908 1466/5/833
f 1389/4/909 1414/4/850 1393/4/851
f 1402/4/910 1419/4/647 1398/4/840
f 1416/4/911 1404/4/545 1394/4/912
f 1410/4/913 1426/4/556 1415/4/838
f 1421/4/914 1791/4/651 1399/4/877
f 1450/5/915 1046/5/916 1039/5/917
f 1053/2/918 1430/2/919 1442/2/920
f 1459/5/921 1034/5/922 1047/5/923
f 1027/5/924 1048/5/925 1033/5/926
f 1467/5/927 1852/5/553 1478/5/653
f 1494/5/928 1500/5/929 1846/5/855
f 1477/5/930 1505/5/556 1843/5/862
f 1844/5/931 1473/5/853 1468/5/932
f 1482/5/933 1493/5/545 1474/5/912
f 1025/5/934 1029/5/935 1031/5/936
f 1026/5/820 1029/5/935 1028/5/937
f 1027/5/924 1029/5/935 1030/5/938
f 1032/5/939 1036/5/940 1038/5/941
f 1033/5/926 1036/5/940 1035/5/942
f 1034/5/922 1036/5/940 1037/5/943
f 1039/5/917 1043/5/944 1045/5/945
f 1040/5/946 1043/5/944 1042/5/947
f 1041/5/822 1043/5/944 1044/5/948
f 1046/5/916 1050/5/949 1052/5/950
f 1047/5/923 1050/5/949 1049/5/951
f 1048/5/925 1050/5/949 1051/5/952
f 1053/2/918 1057/2/953 1059/2/954
f 1054/2/955 1057/2/953 1056/2/956
f 1055/2/828 1057/2/953 1058/2/957
f 1060/2/958 1064/2/959 1066/2/960
f 1061/2/827 1064/2/959 1063/2/961
f 1062/2/962 1064/2/959 1065/2/963
f 1067/2/964 1071/2/965 1073/2/966
f 1068/2/826 1071/2/965 1070/2/967
f 1069/2/823 1071/2/965 1072/2/968
f 1074/2/829 1078/2/969 1080/2/970
f 1075/2/835 1078/2/969 1077/2/971
f 1076/2/972 1078/2/969 1079/2/973
f 1081/2/832 1085/2/596 1567/2/974
f 1082/2/853 1085/2/596 1084/2/975
f 1083/2/836 1085/2/596 1086/2/976
f 1087/2/833 1090/2/590 1566/2/977
f 1088/2/841 1090/2/590 1089/2/593
f 1565/2/906 1090/2/590 1091/2/978
f 1092/2/837 1570/2/579 1094/2/681
f 1093/2/905 1570/2/579 1572/2/979
f 1569/2/842 1570/2/579 1571/2/980
f 1095/2/838 1098/2/585 1100/2/981
f 1568/2/587 1098/2/585 1097/2/588
f 1096/2/982 1098/2/585 1099/2/983
f 1101/2/550 1105/2/574 1107/2/984
f 1102/2/840 1105/2/574 1104/2/985
f 1103/2/986 1105/2/574 1106/2/987
f 1108/2/988 1112/2/570 1114/2/989
f 1109/2/545 1112/2/570 1111/2/573
f 1110/2/839 1112/2/570 1113/2/990
f 1115/2/991 1119/2/565 1121/2/992
f 1116/2/553 1119/2/565 1118/2/569
f 1117/2/647 1119/2/565 1120/2/993
f 1573/2/556 1574/2/561 1126/2/562
f 1122/2/994 1574/2/561 1124/2/995
f 1123/2/530 1574/2/561 1125/2/996
f 1127/2/851 1131/2/596 1133/2/997
f 1128/2/904 1131/2/596 1130/2/998
f 1129/2/659 1131/2/596 1132/2/600
f 1134/2/833 1137/2/590 1139/2/999
f 1575/2/848 1137/2/590 1136/2/593
f 1135/2/849 1137/2/590 1138/2/1000
f 1140/2/902 1143/2/570 1579/2/1001
f 1578/2/545 1143/2/570 1142/2/1002
f 1141/2/903 1143/2/570 1144/2/1003
f 1577/2/840 1147/2/574 1149/2/1004
f 1145/2/843 1147/2/574 1146/2/1005
f 1576/2/1006 1147/2/574 1148/2/1007
f 1150/2/847 1154/2/579 1156/2/1008
f 1151/2/1009 1154/2/579 1153/2/979
f 1152/2/653 1154/2/579 1155/2/1010
f 1157/2/850 1160/2/585 1161/2/1011
f 1580/2/838 1160/2/585 1159/2/1012
f 1158/2/587 1160/2/585 1581/2/588
f 1162/2/647 1585/2/565 1167/2/1013
f 1163/2/991 1585/2/565 1165/2/1014
f 1164/2/1015 1585/2/565 1166/2/1016
f 1582/2/556 1584/2/561 1171/2/562
f 1168/2/994 1584/2/561 1169/2/1017
f 1583/2/846 1584/2/561 1170/2/671
f 1172/4/845 1176/4/596 1178/4/685
f 1173/4/853 1176/4/596 1175/4/1018
f 1174/4/857 1176/4/596 1177/4/1019
f 1179/4/549 1183/4/570 1185/4/1020
f 1180/4/545 1183/4/570 1182/4/573
f 1181/4/856 1183/4/570 1184/4/1021
f 1186/4/862 1190/4/585 1192/4/1022
f 1187/4/587 1190/4/585 1189/4/588
f 1188/4/850 1190/4/585 1191/4/1023
f 1193/4/861 1197/4/561 1199/4/1024
f 1194/4/540 1197/4/561 1196/4/1025
f 1195/4/530 1197/4/561 1198/4/1026
f 1200/4/844 1204/4/574 1206/4/575
f 1201/4/602 1204/4/574 1203/4/1027
f 1202/4/542 1204/4/574 1205/4/1028
f 1207/4/692 1211/4/590 1213/4/1029
f 1208/4/651 1211/4/590 1210/4/593
f 1209/4/852 1211/4/590 1212/4/1030
f 1214/4/991 1218/4/565 1220/4/1031
f 1215/4/859 1218/4/565 1217/4/569
f 1216/4/858 1218/4/565 1219/4/1032
f 1221/4/860 1225/4/579 1227/4/681
f 1222/4/1033 1225/4/579 1224/4/1034
f 1223/4/682 1225/4/579 1226/4/1035
f 1228/4/869 1646/4/574 1645/4/1036
f 1229/4/855 1646/4/574 1231/4/1037
f 1230/4/877 1646/4/574 1647/4/1038
f 1232/4/870 1234/4/570 1235/4/1039
f 1233/4/863 1234/4/570 1644/4/573
f 1642/4/856 1234/4/570 1643/4/1040
f 1237/4/1041 1657/4/543 1654/4/876
f 1239/4/613 1237/4/1041 1656/4/1042
f 1240/4/1043 1239/4/613 1236/4/645
f 1657/4/543 1240/4/1043 1655/4/872
f 1653/4/718 1243/4/1044 1648/4/546
f 1242/4/626 1652/4/625 1649/4/871
f 1243/4/1044 1242/4/626 1241/4/854
f 1245/4/265 1248/4/509 1663/4/265
f 1666/4/509 1245/4/265 1665/4/265
f 1247/4/268 1666/4/509 1244/4/268
f 1248/4/509 1247/4/268 1664/4/268
f 1662/4/480 1252/4/264 1658/4/264
f 1661/4/261 1662/4/480 1659/4/261
f 1660/4/480 1661/4/261 1249/4/261
f 1252/4/264 1660/4/480 1250/4/264
f 1680/4/1045 1678/4/1046 1674/4/269
f 1255/4/1047 1680/4/1045 1677/4/4
f 1256/4/1048 1255/4/1047 1676/4/873
f 1679/4/1049 1256/4/1048 1253/4/879
f 1678/4/1046 1679/4/1049 1675/4/868
f 1673/4/1050 1670/4/1051 1257/4/278
f 1259/4/1052 1673/4/1050 1669/4/866
f 1260/4/1053 1259/4/1052 1258/4/880
f 1672/4/1054 1260/4/1053 1668/4/874
f 1261/4/647 1682/4/565 1265/4/1055
f 1262/4/865 1682/4/565 1683/4/1056
f 1263/4/1015 1682/4/565 1264/4/569
f 1266/4/994 1270/4/561 1681/4/1057
f 1267/4/530 1270/4/561 1269/4/1058
f 1268/4/864 1270/4/561 1271/4/1059
f 1690/4/1009 1275/4/579 1691/4/1060
f 1272/4/653 1275/4/579 1274/4/1061
f 1273/4/663 1275/4/579 1276/4/606
f 1277/4/587 1687/4/585 1688/4/1062
f 1698/4/265 1283/4/509 1278/4/265
f 1282/4/509 1698/4/265 1279/4/265
f 1697/4/268 1282/4/509 1696/4/268
f 1283/4/509 1697/4/268 1280/4/268
f 1285/4/480 1288/4/264 1692/4/264
f 1695/4/261 1285/4/480 1284/4/261
f 1287/4/480 1695/4/261 1694/4/261
f 1288/4/264 1287/4/480 1693/4/264
f 1291/4/1063 1706/4/1064 1289/4/1065
f 1292/4/1066 1291/4/1063 1703/4/867
f 1293/4/1067 1292/4/1066 1290/4/888
f 1704/4/1068 1293/4/1067 1702/4/890
f 1700/4/1069 1302/4/1070 1294/4/2
f 1299/4/1071 1700/4/1069 1699/4/896
f 1300/4/1072 1299/4/1071 1295/4/886
f 1301/4/1073 1300/4/1072 1296/4/1074
f 1302/4/1070 1301/4/1073 1297/4/878
f 1303/4/692 1713/4/590 1712/4/1075
f 1304/4/651 1713/4/590 1306/4/1076
f 1305/4/892 1713/4/590 1714/4/1077
f 1707/4/659 1307/4/596 1710/4/1078
f 1709/4/851 1307/4/596 1711/4/1079
f 1708/4/686 1307/4/596 1308/4/1080
f 1724/4/1081 1721/4/1082 1309/4/1083
f 1312/4/1084 1724/4/1081 1310/4/891
f 1723/4/633 1312/4/1084 1720/4/881
f 1721/4/1082 1723/4/633 1311/4/1085
f 1719/4/1086 1316/4/1087 1313/4/885
f 1717/4/1088 1718/4/619 1314/4/619
f 1316/4/1087 1717/4/1088 1315/4/894
f 1737/4/1089 1321/4/1090 1317/4/884
f 1320/4/1091 1736/4/1092 1732/4/4
f 1735/4/1093 1320/4/1091 1318/4/1094
f 1321/4/1090 1735/4/1093 1319/4/887
f 1324/4/1095 1728/4/1096 1322/4/883
f 1731/4/1097 1324/4/1095 1727/4/1098
f 1325/4/1099 1731/4/1097 1726/4/895
f 1730/4/1100 1325/4/1099 1323/4/2
f 1747/4/633 1329/4/1101 1743/4/898
f 1746/4/1102 1747/4/633 1326/4/1085
f 1745/4/1081 1746/4/1102 1327/4/642
f 1329/4/1101 1745/4/1081 1744/4/891
f 1332/4/1103 1333/4/619 1330/4/619
f 1742/4/1104 1332/4/1103 1331/4/901
f 1333/4/619 1741/4/1105 1738/4/882
f 1336/4/272 1338/4/484 1334/4/272
f 1757/4/484 1336/4/272 1755/4/272
f 1337/4/269 1757/4/484 1335/4/269
f 1338/4/484 1337/4/269 1754/4/269
f 1748/4/273 1751/4/505 1341/4/273
f 1340/4/278 1753/4/505 1339/4/278
f 1752/4/505 1340/4/278 1750/4/278
f 1749/4/273 1751/4/505 1752/4/505
f 1764/4/653 1766/4/579 1767/4/1106
f 1763/4/663 1766/4/579 1342/4/1107
f 1343/4/850 1345/4/585 1759/4/1108
f 1344/4/698 1345/4/585 1761/4/1109
f 1758/4/587 1345/4/585 1760/4/1110
f 1769/4/550 1347/4/574 1349/4/1111
f 1770/4/855 1347/4/574 1771/4/1112
f 1346/4/986 1347/4/574 1348/4/1113
f 1350/4/988 1354/4/570 1768/4/1039
f 1351/4/545 1354/4/570 1353/4/1114
f 1352/4/897 1354/4/570 1355/4/1115
f 1775/4/1116 1357/4/565 1358/4/1117
f 1356/4/553 1357/4/565 1778/4/1118
f 1776/4/647 1357/4/565 1777/4/1119
f 1772/4/556 1360/4/561 1362/4/1120
f 1774/4/994 1360/4/561 1359/4/1121
f 1773/4/1122 1360/4/561 1361/4/1123
f 1784/2/509 1369/2/265 1363/2/265
f 1367/2/268 1784/2/509 1783/2/268
f 1368/2/509 1367/2/268 1364/2/268
f 1369/2/265 1368/2/509 1365/2/265
f 1373/2/480 1782/2/264 1370/2/264
f 1781/2/261 1373/2/480 1371/2/261
f 1374/2/480 1781/2/261 1372/2/261
f 1782/2/264 1374/2/480 1779/2/264
f 1787/2/272 1379/2/484 1785/2/272
f 1378/2/484 1787/2/272 1375/2/272
f 1788/2/269 1378/2/484 1376/2/269
f 1379/2/484 1788/2/269 1786/2/269
f 1384/2/273 1388/2/505 1380/2/273
f 1386/2/505 1384/2/273 1381/2/273
f 1387/2/278 1386/2/505 1382/2/278
f 1388/2/505 1387/2/278 1383/2/278
f 1389/4/909 1391/4/590 1792/4/1124
f 1390/4/833 1391/4/590 1793/4/1125
f 1791/4/651 1391/4/590 1392/4/1126
f 1393/4/851 1396/4/596 1397/4/1127
f 1394/4/912 1396/4/596 1395/4/976
f 1789/4/845 1396/4/596 1790/4/600
f 1398/4/840 1401/4/574 1795/4/1128
f 1399/4/877 1401/4/574 1797/4/987
f 1400/4/1006 1401/4/574 1796/4/1129
f 1402/4/910 1405/4/570 1407/4/1130
f 1403/4/900 1405/4/570 1794/4/1131
f 1404/4/545 1405/4/570 1406/4/573
f 1408/4/1132 1411/4/579 1413/4/1133
f 1409/4/1134 1411/4/579 1800/4/980
f 1410/4/913 1411/4/579 1412/4/606
f 1414/4/850 1798/4/585 1418/4/1135
f 1415/4/838 1798/4/585 1799/4/1136
f 1416/4/911 1798/4/585 1417/4/588
f 1419/4/647 1803/4/565 1424/4/1137
f 1420/4/1116 1803/4/565 1422/4/1138
f 1421/4/914 1803/4/565 1423/4/1139
f 1425/4/1140 1802/4/561 1429/4/1141
f 1801/4/1142 1802/4/561 1427/4/996
f 1426/4/556 1802/4/561 1428/4/1059
f 1434/2/1143 1438/2/1144 1430/2/919
f 1431/2/834 1435/2/1145 1434/2/1143
f 1437/5/1146 1436/5/1147 1432/5/1148
f 1433/5/1149 1435/5/1145 1437/5/1146
f 1439/5/1150 1444/5/1151 1447/5/1152
f 1445/5/1153 1443/5/1154 1440/5/1155
f 1441/2/824 1444/2/1151 1445/2/1153
f 1447/2/1152 1446/2/1156 1442/2/920
f 1452/2/1157 1456/2/1158 1448/2/821
f 1449/2/831 1453/2/1159 1452/2/1157
f 1455/5/1160 1454/5/1161 1450/5/915
f 1451/5/821 1453/5/1159 1455/5/1160
f 1457/2/830 1462/2/1162 1465/2/1163
f 1463/2/1164 1461/2/1165 1458/2/825
f 1459/5/921 1462/5/1162 1463/5/1164
f 1465/5/1163 1464/5/1166 1460/5/1167
f 1466/5/833 1842/5/590 1471/5/1168
f 1467/5/927 1842/5/590 1469/5/1076
f 1468/5/932 1842/5/590 1470/5/1169
f 1472/5/907 1841/5/596 1840/5/1078
f 1473/5/853 1841/5/596 1475/5/1170
f 1474/5/912 1841/5/596 1476/5/1171
f 1477/5/930 1479/5/579 1481/5/1172
f 1844/5/931 1479/5/579 1845/5/1173
f 1478/5/653 1479/5/579 1480/5/1174
f 1843/5/862 1485/5/585 1487/5/586
f 1482/5/933 1485/5/585 1484/5/1175
f 1483/5/1176 1485/5/585 1486/5/1177
f 1488/5/908 1848/5/574 1847/5/1111
f 1846/5/855 1848/5/574 1490/5/1178
f 1489/5/986 1848/5/574 1491/5/1179
f 1492/5/1180 1496/5/570 1498/5/674
f 1493/5/545 1496/5/570 1495/5/1002
f 1494/5/928 1496/5/570 1497/5/1181
f 1499/5/991 1502/5/565 1504/5/1182
f 1852/5/553 1502/5/565 1501/5/1016
f 1500/5/929 1502/5/565 1503/5/1183
f 1505/5/556 1506/5/561 1508/5/1184
f 1850/5/1185 1506/5/561 1851/5/1186
f 1849/5/1122 1506/5/561 1507/5/1187
f 1025/5/934 1035/5/942 1032/5/939
f 1035/5/942 1027/5/924 1033/5/926
f 1040/5/946 1052/5/950 1048/5/925
f 1042/5/947 1046/5/916 1052/5/950
f 1033/5/926 1051/5/952 1037/5/943
f 1037/5/943 1047/5/923 1034/5/922
f 1027/5/924 1044/5/948 1040/5/946
f 1030/5/938 1041/5/822 1044/5/948
f 1061/2/827 1059/2/954 1055/2/828
f 1063/2/961 1053/2/918 1059/2/954
f 1074/2/829 1070/2/967 1067/2/964
f 1080/2/970 1068/2/826 1070/2/967
f 1054/2/955 1072/2/968 1058/2/957
f 1058/2/957 1068/2/826 1055/2/828
f 1062/2/962 1079/2/973 1075/2/835
f 1065/2/963 1076/2/972 1079/2/973
f 1430/2/919 1066/2/960 1434/2/1143
f 1434/2/1143 1062/2/962 1431/2/834
f 1032/5/939 1443/5/1154 1439/5/1150
f 1038/5/941 1440/5/1155 1443/5/1154
f 1448/2/821 1077/2/971 1452/2/1157
f 1452/2/1157 1074/2/829 1449/2/831
f 1067/2/964 1461/2/1165 1457/2/830
f 1073/2/966 1458/2/825 1461/2/1165
f 1082/2/853 1566/2/977 1565/2/906
f 1084/2/975 1087/2/833 1566/2/977
f 1095/2/838 1572/2/979 1092/2/837
f 1100/2/981 1093/2/905 1572/2/979
f 1096/2/982 1086/2/976 1082/2/853
f 1099/2/983 1083/2/836 1086/2/976
f 1565/2/906 1571/2/980 1093/2/905
f 1091/2/978 1569/2/842 1571/2/980
f 1108/2/988 1104/2/985 1101/2/550
f 1114/2/989 1102/2/840 1104/2/985
f 1122/2/994 1121/2/992 1117/2/647
f 1124/2/995 1115/2/991 1121/2/992
f 1123/2/530 1113/2/990 1109/2/545
f 1125/2/996 1110/2/839 1113/2/990
f 1103/2/986 1120/2/993 1116/2/553
f 1106/2/987 1117/2/647 1120/2/993
f 1127/2/851 1139/2/999 1135/2/849
f 1133/2/997 1134/2/833 1139/2/999
f 1140/2/902 1149/2/1004 1576/2/1006
f 1579/2/1001 1577/2/840 1149/2/1004
f 1576/2/1006 1784/2/509 1363/2/265
f 1148/2/1007 1783/2/268 1784/2/509
f 1129/2/659 1373/2/480 1370/2/264
f 1132/2/600 1371/2/261 1373/2/480
f 1580/2/838 1153/2/979 1150/2/847
f 1159/2/1012 1151/2/1009 1153/2/979
f 1168/2/994 1165/2/1014 1162/2/647
f 1169/2/1017 1163/2/991 1165/2/1014
f 1164/2/1015 1379/2/484 1786/2/269
f 1166/2/1016 1785/2/272 1379/2/484
f 1158/2/587 1388/2/505 1383/2/278
f 1581/2/588 1380/2/273 1388/2/505
f 1583/2/846 1144/2/1003 1578/2/545
f 1170/2/671 1141/2/903 1144/2/1003
f 1145/2/843 1167/2/1013 1164/2/1015
f 1146/2/1005 1162/2/647 1167/2/1013
f 1135/2/849 1155/2/1010 1151/2/1009
f 1138/2/1000 1152/2/653 1155/2/1010
f 1128/2/904 1161/2/1011 1158/2/587
f 1130/2/998 1157/2/850 1161/2/1011
f 1179/4/549 1178/4/685 1182/4/573
f 1178/4/685 1180/4/545 1182/4/573
f 1187/4/587 1199/4/1024 1195/4/530
f 1189/4/588 1193/4/861 1199/4/1024
f 1195/4/530 1184/4/1021 1180/4/545
f 1198/4/1026 1181/4/856 1184/4/1021
f 1174/4/857 1191/4/1023 1187/4/587
f 1177/4/1019 1188/4/850 1191/4/1023
f 1202/4/542 1210/4/593 1206/4/575
f 1210/4/593 1200/4/844 1206/4/575
f 1214/4/991 1227/4/681 1217/4/569
f 1227/4/681 1215/4/859 1217/4/569
f 1216/4/858 1205/4/1028 1201/4/602
f 1219/4/1032 1202/4/542 1205/4/1028
f 1209/4/852 1226/4/1035 1222/4/1033
f 1212/4/1030 1223/4/682 1226/4/1035
f 1207/4/692 1175/4/1018 1172/4/845
f 1213/4/1029 1173/4/853 1175/4/1018
f 1179/4/549 1203/4/1027 1200/4/844
f 1185/4/1020 1201/4/602 1203/4/1027
f 1222/4/1033 1192/4/1022 1188/4/850
f 1224/4/1034 1186/4/862 1192/4/1022
f 1214/4/991 1196/4/1025 1193/4/861
f 1220/4/1031 1194/4/540 1196/4/1025
f 1232/4/870 1231/4/1037 1228/4/869
f 1235/4/1039 1229/4/855 1231/4/1037
f 1230/4/877 1237/4/1041 1654/4/876
f 1647/4/1038 1656/4/1042 1237/4/1041
f 1648/4/546 1643/4/1040 1233/4/863
f 1243/4/1044 1642/4/856 1643/4/1040
f 1241/4/854 1239/4/613 1656/4/1042
f 1242/4/626 1236/4/645 1239/4/613
f 1658/4/264 1245/4/265 1663/4/265
f 1252/4/264 1665/4/265 1245/4/265
f 1664/4/268 1680/4/1045 1674/4/269
f 1247/4/268 1677/4/4 1680/4/1045
f 1257/4/278 1661/4/261 1659/4/261
f 1670/4/1051 1249/4/261 1661/4/261
f 1258/4/880 1679/4/1049 1253/4/879
f 1259/4/1052 1675/4/868 1679/4/1049
f 1244/4/268 1645/4/1036 1230/4/877
f 1666/4/509 1228/4/869 1645/4/1036
f 1233/4/863 1660/4/480 1249/4/261
f 1644/4/573 1250/4/264 1660/4/480
f 1654/4/876 1255/4/1047 1677/4/4
f 1657/4/543 1676/4/873 1255/4/1047
f 1266/4/994 1683/4/1056 1261/4/647
f 1681/4/1057 1262/4/865 1683/4/1056
f 1685/4/1188 1691/4/1060 1273/4/663
f 1277/4/587 1271/4/1059 1267/4/530
f 1688/4/1062 1268/4/864 1271/4/1059
f 1263/4/1015 1276/4/606 1272/4/653
f 1264/4/569 1273/4/663 1276/4/606
f 1272/4/653 1256/4/1048 1676/4/873
f 1274/4/1061 1253/4/879 1256/4/1048
f 1668/4/874 1686/4/1189 1277/4/587
f 1260/4/1053 1684/4/850 1686/4/1189
f 1650/4/875 1269/4/1058 1652/4/625
f 1269/4/1058 1649/4/871 1652/4/625
f 1655/4/872 1265/4/1055 1263/4/1015
f 1240/4/1043 1261/4/647 1265/4/1055
f 1692/4/264 1698/4/265 1278/4/265
f 1288/4/264 1279/4/265 1698/4/265
f 1280/4/268 1706/4/1064 1701/4/4
f 1697/4/268 1289/4/1065 1706/4/1064
f 1294/4/2 1695/4/261 1284/4/261
f 1302/4/1070 1694/4/261 1695/4/261
f 1296/4/1074 1292/4/1066 1703/4/867
f 1300/4/1072 1290/4/888 1292/4/1066
f 1297/4/878 1673/4/1050 1257/4/278
f 1301/4/1073 1669/4/866 1673/4/1050
f 1674/4/269 1291/4/1063 1289/4/1065
f 1678/4/1046 1703/4/867 1291/4/1063
f 1279/4/265 1248/4/509 1282/4/509
f 1248/4/509 1696/4/268 1282/4/509
f 1693/4/264 1662/4/480 1658/4/264
f 1287/4/480 1659/4/261 1662/4/480
f 1709/4/851 1712/4/1075 1305/4/892
f 1711/4/1079 1303/4/692 1712/4/1075
f 1305/4/892 1721/4/1082 1311/4/1085
f 1714/4/1077 1309/4/1083 1721/4/1082
f 1715/4/893 1308/4/1080 1709/4/851
f 1719/4/1086 1708/4/686 1308/4/1080
f 1314/4/619 1723/4/633 1720/4/881
f 1718/4/619 1311/4/1085 1723/4/633
f 1304/4/651 1283/4/509 1280/4/268
f 1306/4/1076 1278/4/265 1283/4/509
f 1284/4/261 1710/4/1078 1708/4/686
f 1285/4/480 1707/4/659 1710/4/1078
f 1313/4/885 1700/4/1069 1294/4/2
f 1316/4/1087 1699/4/896 1700/4/1069
f 1701/4/4 1724/4/1081 1309/4/1083
f 1704/4/1068 1310/4/891 1724/4/1081
f 1727/4/1098 1321/4/1090 1319/4/887
f 1324/4/1095 1317/4/884 1321/4/1090
f 1330/4/619 1747/4/633 1743/4/898
f 1333/4/619 1326/4/1085 1747/4/633
f 1739/4/1190 1325/4/1099 1726/4/895
f 1742/4/1104 1323/4/2 1325/4/1099
f 1318/4/1094 1745/4/1081 1327/4/642
f 1320/4/1091 1744/4/891 1745/4/1081
f 1327/4/642 1312/4/1084 1310/4/891
f 1746/4/1102 1720/4/881 1312/4/1084
f 1315/4/894 1741/4/1105 1739/4/1190
f 1717/4/1088 1738/4/882 1741/4/1105
f 1726/4/895 1299/4/1071 1699/4/896
f 1731/4/1097 1295/4/886 1299/4/1071
f 1702/4/890 1735/4/1093 1318/4/1094
f 1293/4/1067 1319/4/887 1735/4/1093
f 1748/4/273 1336/4/272 1334/4/272
f 1341/4/273 1755/4/272 1336/4/272
f 1344/4/698 1765/4/1191 1763/4/663
f 1761/4/1109 1762/4/1192 1765/4/1191
f 1760/4/1110 1749/4/273 1752/4/505
f 1335/4/269 1342/4/1107 1764/4/653
f 1757/4/484 1763/4/663 1342/4/1107
f 1343/4/850 1332/4/1103 1330/4/619
f 1759/4/1108 1331/4/901 1332/4/1103
f 1725/4/889 1340/4/278 1339/4/278
f 1730/4/1100 1750/4/278 1340/4/278
f 1732/4/4 1337/4/269 1335/4/269
f 1736/4/1092 1754/4/269 1337/4/269
f 1743/4/898 1767/4/1106 1762/4/1192
f 1329/4/1101 1764/4/653 1767/4/1106
f 1350/4/988 1771/4/1112 1769/4/550
f 1768/4/1039 1770/4/855 1771/4/1112
f 1774/4/994 1358/4/1117 1776/4/647
f 1359/4/1121 1775/4/1116 1358/4/1117
f 1352/4/897 1361/4/1123 1774/4/994
f 1355/4/1115 1773/4/1122 1361/4/1123
f 1346/4/986 1777/4/1119 1356/4/553
f 1348/4/1113 1776/4/647 1777/4/1119
f 1772/4/556 1753/4/505 1748/4/273
f 1362/4/1120 1339/4/278 1753/4/505
f 1322/4/883 1353/4/1114 1350/4/988
f 1728/4/1096 1351/4/545 1353/4/1114
f 1733/4/899 1349/4/1111 1346/4/986
f 1737/4/1089 1769/4/550 1349/4/1111
f 1334/4/272 1778/4/1118 1775/4/1116
f 1338/4/484 1356/4/553 1778/4/1118
f 1365/2/265 1136/2/593 1134/2/833
f 1368/2/509 1575/2/848 1136/2/593
f 1779/2/264 1142/2/1002 1140/2/902
f 1374/2/480 1578/2/545 1142/2/1002
f 1376/2/269 1156/2/1008 1152/2/653
f 1378/2/484 1150/2/847 1156/2/1008
f 1382/2/278 1171/2/562 1583/2/846
f 1386/2/505 1582/2/556 1171/2/562
f 1383/2/278 1781/2/261 1371/2/261
f 1387/2/278 1372/2/261 1781/2/261
f 1786/2/269 1367/2/268 1783/2/268
f 1788/2/269 1364/2/268 1367/2/268
f 1381/2/273 1787/2/272 1785/2/272
f 1384/2/273 1375/2/272 1787/2/272
f 1363/2/265 1782/2/264 1779/2/264
f 1369/2/265 1370/2/264 1782/2/264
f 1087/2/833 1107/2/984 1089/2/593
f 1107/2/984 1088/2/841 1089/2/593
f 1092/2/837 1118/2/569 1115/2/991
f 1094/2/681 1116/2/553 1118/2/569
f 1568/2/587 1126/2/562 1123/2/530
f 1097/2/588 1573/2/556 1126/2/562
f 1081/2/832 1111/2/573 1108/2/988
f 1567/2/974 1109/2/545 1111/2/573
f 1393/4/851 1793/4/1125 1389/4/909
f 1397/4/1127 1390/4/833 1793/4/1125
f 1403/4/900 1795/4/1128 1400/4/1006
f 1794/4/1131 1398/4/840 1795/4/1128
f 1400/4/1006 1392/4/1126 1390/4/833
f 1392/4/1126 1399/4/877 1791/4/651
f 1789/4/845 1406/4/573 1403/4/900
f 1790/4/600 1404/4/545 1406/4/573
f 1415/4/838 1413/4/1133 1410/4/913
f 1799/4/1136 1408/4/1132 1413/4/1133
f 1425/4/1140 1422/4/1138 1419/4/647
f 1429/4/1141 1420/4/1116 1422/4/1138
f 1409/4/1134 1423/4/1139 1412/4/606
f 1423/4/1139 1410/4/913 1412/4/606
f 1416/4/911 1428/4/1059 1801/4/1142
f 1417/4/588 1426/4/556 1428/4/1059
f 1389/4/909 1800/4/980 1408/4/1132
f 1792/4/1124 1409/4/1134 1800/4/980
f 1419/4/647 1797/4/987 1398/4/840
f 1424/4/1137 1399/4/877 1797/4/987
f 1394/4/912 1418/4/1135 1416/4/911
f 1395/4/976 1414/4/850 1418/4/1135
f 1402/4/910 1427/4/996 1425/4/1140
f 1407/4/1130 1801/4/1142 1427/4/996
f 1025/5/934 1437/5/1146 1028/5/937
f 1028/5/937 1432/5/1148 1026/5/820
f 1442/2/920 1056/2/956 1053/2/918
f 1446/2/1156 1054/2/955 1056/2/956
f 1041/5/822 1455/5/1160 1045/5/945
f 1045/5/945 1450/5/915 1039/5/917
f 1460/5/1167 1049/5/951 1046/5/916
f 1464/5/1166 1047/5/923 1049/5/951
f 1458/2/825 1445/2/1153 1463/2/1164
f 1463/5/1164 1440/5/1155 1459/5/921
f 1457/2/830 1454/2/1161 1449/2/831
f 1465/5/1163 1450/5/915 1454/5/1161
f 1448/2/821 1436/2/1147 1431/2/834
f 1456/5/1158 1432/5/1148 1436/5/1147
f 1430/2/919 1447/2/1152 1442/2/920
f 1438/5/1144 1439/5/1150 1447/5/1152
f 1473/5/853 1471/5/1168 1468/5/932
f 1475/5/1170 1466/5/833 1471/5/1168
f 1843/5/862 1845/5/1173 1477/5/930
f 1487/5/586 1844/5/931 1845/5/1173
f 1483/5/1176 1476/5/1171 1473/5/853
f 1486/5/1177 1474/5/912 1476/5/1171
f 1468/5/932 1480/5/1174 1844/5/931
f 1470/5/1169 1478/5/653 1480/5/1174
f 1492/5/1180 1490/5/1178 1488/5/908
f 1498/5/674 1846/5/855 1490/5/1178
f 1850/5/1185 1504/5/1182 1500/5/929
f 1851/5/1186 1499/5/991 1504/5/1182
f 1849/5/1122 1497/5/1181 1493/5/545
f 1507/5/1187 1494/5/928 1497/5/1181
f 1489/5/986 1503/5/1183 1852/5/553
f 1491/5/1179 1500/5/929 1503/5/1183
f 1852/5/553 1481/5/1172 1478/5/653
f 1501/5/1016 1477/5/930 1481/5/1172
f 1482/5/933 1508/5/1184 1849/5/1122
f 1484/5/1175 1505/5/556 1508/5/1184
f 1472/5/907 1495/5/1002 1492/5/1180
f 1840/5/1078 1493/5/545 1495/5/1002
f 1489/5/986 1469/5/1076 1847/5/1111
f 1847/5/1111 1466/5/833 1488/5/908
f 1439/5/1150 1025/5/934 1032/5/939
f 1510/5/1193 1825/5/1194 1806/5/1195
f 1815/2/1196 1553/2/1197 1832/2/1198
f 1539/2/1199 1560/2/1200 1552/2/1201
f 1831/2/1202 1558/2/1203 1823/2/1204
f 1805/2/1205 1559/2/1206 1546/2/1207
f 1586/4/1208 1614/4/549 1593/4/550
f 1602/4/1209 1623/4/853 1587/4/932
f 1609/4/859 1588/4/651 1594/4/542
f 1595/4/1210 1630/4/540 1608/4/647
f 1622/4/857 1629/4/530 1616/4/545
f 1607/4/1211 1635/4/838 1600/4/663
f 1530/5/1212 1824/5/1213 1523/5/1214
f 1804/2/1215 1537/2/1216 1816/2/1217
f 1518/5/1218 1833/5/1219 1531/5/1220
f 1532/5/1221 1511/5/1222 1517/5/1223
f 1509/5/1224 1513/5/1225 1512/5/1226
f 1510/5/1193 1513/5/1225 1514/5/1227
f 1511/5/1222 1513/5/1225 1515/5/1228
f 1516/5/1229 1520/5/1230 1519/5/1231
f 1517/5/1223 1520/5/1230 1521/5/1232
f 1518/5/1218 1520/5/1230 1522/5/1233
f 1523/5/1214 1527/5/1234 1526/5/1235
f 1524/5/1236 1527/5/1234 1528/5/1237
f 1525/5/1238 1527/5/1234 1529/5/1239
f 1530/5/1212 1534/5/1240 1533/5/1241
f 1531/5/1220 1534/5/1240 1535/5/1242
f 1532/5/1221 1534/5/1240 1536/5/1243
f 1537/2/1216 1541/2/1244 1540/2/1245
f 1538/2/1246 1541/2/1244 1542/2/1247
f 1539/2/1199 1541/2/1244 1543/2/1248
f 1544/2/1249 1548/2/1250 1547/2/1251
f 1545/2/1252 1548/2/1250 1549/2/1253
f 1546/2/1207 1548/2/1250 1550/2/1254
f 1551/2/1255 1555/2/1256 1554/2/1257
f 1552/2/1201 1555/2/1256 1556/2/1258
f 1553/2/1197 1555/2/1256 1557/2/1259
f 1558/2/1203 1562/2/1260 1561/2/1261
f 1559/2/1206 1562/2/1260 1563/2/1262
f 1560/2/1200 1562/2/1260 1564/2/1263
f 1586/4/1208 1590/4/590 1589/4/1264
f 1587/4/932 1590/4/590 1591/4/1265
f 1588/4/651 1590/4/590 1592/4/593
f 1593/4/550 1597/4/574 1596/4/575
f 1594/4/542 1597/4/574 1598/4/1266
f 1595/4/1210 1597/4/574 1599/4/1267
f 1600/4/663 1604/4/579 1603/4/1268
f 1601/4/682 1604/4/579 1605/4/1269
f 1602/4/1209 1604/4/579 1606/4/1034
f 1607/4/1211 1611/4/565 1610/4/1031
f 1608/4/647 1611/4/565 1612/4/1137
f 1609/4/859 1611/4/565 1613/4/569
f 1614/4/549 1618/4/570 1617/4/1270
f 1615/4/695 1618/4/570 1619/4/1271
f 1616/4/545 1618/4/570 1620/4/573
f 1621/4/599 1625/4/596 1624/4/685
f 1622/4/857 1625/4/596 1626/4/1272
f 1623/4/853 1625/4/596 1627/4/1273
f 1628/4/1274 1632/4/561 1631/4/562
f 1629/4/530 1632/4/561 1633/4/1275
f 1630/4/540 1632/4/561 1634/4/1025
f 1635/4/838 1639/4/585 1638/4/1022
f 1636/4/1176 1639/4/585 1640/4/1276
f 1637/4/1277 1639/4/585 1641/4/1278
f 1652/4/625 1653/4/718 1650/4/875
f 1670/4/1051 1672/4/1054 1667/4/2
f 1684/4/850 1687/4/585 1686/4/1189
f 1685/4/1188 1687/4/585 1689/4/1279
f 1706/4/1064 1704/4/1068 1701/4/4
f 1718/4/619 1719/4/1086 1715/4/893
f 1728/4/1096 1730/4/1100 1725/4/889
f 1736/4/1092 1737/4/1089 1733/4/899
f 1741/4/1105 1742/4/1104 1739/4/1190
f 1762/4/1192 1766/4/579 1765/4/1191
f 1812/2/1280 1808/2/1281 1804/2/1215
f 1805/2/1205 1809/2/1282 1810/2/1283
f 1810/5/1283 1811/5/1284 1806/5/1195
f 1807/5/1285 1809/5/1282 1812/5/1280
f 1813/5/1286 1818/5/1287 1817/5/1288
f 1817/5/1288 1819/5/1289 1814/5/1290
f 1815/2/1196 1818/2/1287 1820/2/1291
f 1820/2/1291 1821/2/1292 1816/2/1217
f 1830/2/1293 1826/2/1294 1822/2/1295
f 1823/2/1204 1827/2/1296 1828/2/1297
f 1828/5/1297 1829/5/1298 1824/5/1213
f 1825/5/1194 1827/5/1296 1830/5/1293
f 1831/2/1202 1836/2/1299 1835/2/1300
f 1835/2/1300 1837/2/1301 1832/2/1198
f 1833/5/1219 1836/5/1299 1838/5/1302
f 1838/5/1302 1839/5/1303 1834/5/1304
f 1519/5/1231 1509/5/1224 1516/5/1229
f 1517/5/1223 1515/5/1228 1519/5/1231
f 1532/5/1221 1526/5/1235 1524/5/1236
f 1536/5/1243 1523/5/1214 1526/5/1235
f 1517/5/1223 1535/5/1242 1532/5/1221
f 1521/5/1232 1531/5/1220 1535/5/1242
f 1528/5/1237 1511/5/1222 1524/5/1236
f 1525/5/1238 1514/5/1227 1528/5/1237
f 1543/2/1248 1545/2/1252 1539/2/1199
f 1537/2/1216 1547/2/1251 1543/2/1248
f 1554/2/1257 1558/2/1203 1551/2/1255
f 1552/2/1201 1564/2/1263 1554/2/1257
f 1538/2/1246 1556/2/1258 1553/2/1197
f 1542/2/1247 1552/2/1201 1556/2/1258
f 1563/2/1262 1546/2/1207 1559/2/1206
f 1560/2/1200 1549/2/1253 1563/2/1262
f 1804/2/1215 1550/2/1254 1544/2/1249
f 1808/2/1281 1546/2/1207 1550/2/1254
f 1817/5/1288 1516/5/1229 1813/5/1286
f 1814/5/1290 1522/5/1233 1817/5/1288
f 1822/2/1295 1561/2/1261 1559/2/1206
f 1826/2/1294 1558/2/1203 1561/2/1261
f 1835/2/1300 1551/2/1255 1831/2/1202
f 1832/2/1198 1557/2/1259 1835/2/1300
f 1593/4/550 1592/4/593 1586/4/1208
f 1594/4/542 1592/4/593 1596/4/575
f 1613/4/569 1601/4/682 1609/4/859
f 1607/4/1211 1603/4/1268 1613/4/569
f 1594/4/542 1612/4/1137 1609/4/859
f 1595/4/1210 1612/4/1137 1598/4/1266
f 1605/4/1269 1588/4/651 1601/4/682
f 1602/4/1209 1591/4/1265 1605/4/1269
f 1616/4/545 1624/4/685 1622/4/857
f 1614/4/549 1624/4/685 1620/4/573
f 1628/4/1274 1641/4/1278 1635/4/838
f 1629/4/530 1641/4/1278 1631/4/562
f 1619/4/1271 1630/4/540 1615/4/695
f 1616/4/545 1633/4/1275 1619/4/1271
f 1640/4/1276 1623/4/853 1636/4/1176
f 1637/4/1277 1626/4/1272 1640/4/1276
f 1589/4/1264 1621/4/599 1586/4/1208
f 1587/4/932 1627/4/1273 1589/4/1264
f 1617/4/1270 1593/4/550 1614/4/549
f 1615/4/695 1599/4/1267 1617/4/1270
f 1606/4/1034 1636/4/1176 1602/4/1209
f 1600/4/663 1638/4/1022 1606/4/1034
f 1610/4/1031 1628/4/1274 1607/4/1211
f 1608/4/647 1634/4/1025 1610/4/1031
f 1672/4/1054 1648/4/546 1667/4/2
f 1668/4/874 1653/4/718 1672/4/1054
f 1684/4/850 1691/4/1060 1689/4/1279
f 1760/4/1110 1750/4/278 1758/4/587
f 1509/5/1224 1811/5/1284 1807/5/1285
f 1512/5/1226 1806/5/1195 1811/5/1284
f 1540/2/1245 1816/2/1217 1537/2/1216
f 1538/2/1246 1820/2/1291 1540/2/1245
f 1525/5/1238 1829/5/1298 1825/5/1194
f 1529/5/1239 1824/5/1213 1829/5/1298
f 1533/5/1241 1834/5/1304 1530/5/1212
f 1531/5/1220 1838/5/1302 1533/5/1241
f 1832/2/1198 1819/2/1289 1815/2/1196
f 1837/5/1301 1814/5/1290 1819/5/1289
f 1828/2/1297 1831/2/1202 1823/2/1204
f 1824/5/1213 1839/5/1303 1828/5/1297
f 1810/2/1283 1822/2/1295 1805/2/1205
f 1806/5/1195 1830/5/1293 1810/5/1283
f 1821/2/1292 1804/2/1215 1816/2/1217
f 1821/5/1292 1807/5/1285 1812/5/1280
f 1509/5/1224 1813/5/1286 1516/5/1229
f 1/1/1 2/1/1 4/1/1
f 9/1/2 14/1/2 8/1/2
f 8/1/3 6/1/3 5/1/3
f 15/1/4 20/1/4 2/1/4
f 7/1/5 5/1/1305 17/1/6
f 4/1/8 2/1/1306 20/1/9
f 8/1/11 14/1/1307 18/1/12
f 13/1/14 19/1/1308 18/1/15
f 12/1/17 20/1/1309 19/1/18
f 3/1/20 11/1/1310 15/1/21
f 11/1/23 10/1/1311 16/1/24
f 10/1/26 9/1/1312 17/1/27
f 6/1/4 18/1/4 17/1/4
f 17/1/29 18/1/29 19/1/29
f 19/1/31 20/1/31 15/1/31
f 4/1/32 12/1/32 11/1/32
f 11/1/2 12/1/2 13/1/2
f 10/1/33 13/1/33 14/1/33
f 21/1/34 22/1/34 24/1/34
f 29/1/4 34/1/4 28/1/4
f 28/1/35 26/1/35 25/1/35
f 50/1/2 46/1/2 22/1/2
f 29/1/36 27/1/1313 25/1/37
f 47/1/39 24/1/1314 22/1/40
f 34/1/42 38/1/1315 26/1/43
f 34/1/45 33/1/1316 39/1/46
f 32/1/48 40/1/1317 39/1/49
f 59/1/51 31/1/1318 35/1/52
f 31/1/54 30/1/1319 36/1/55
f 29/1/57 37/1/1320 36/1/58
f 26/1/2 38/1/2 37/1/2
f 38/1/60 39/1/60 36/1/60
f 36/1/61 39/1/61 40/1/61
f 59/1/4 55/1/4 32/1/4
f 31/1/4 32/1/4 33/1/4
f 30/1/4 33/1/4 34/1/4
f 24/1/4 47/1/4 43/1/4
f 47/1/62 48/1/62 42/1/62
f 48/1/63 49/1/63 41/1/63
f 43/1/64 50/1/1321 21/1/65
f 43/1/67 42/1/71 51/1/68
f 41/1/70 52/1/1322 51/1/68
f 49/1/72 44/1/1323 64/1/73
f 49/1/75 48/1/79 45/1/76
f 47/1/78 46/1/1324 45/1/76
f 56/1/2 64/1/2 44/1/2
f 44/1/80 45/1/80 51/1/80
f 51/1/81 45/1/81 46/1/81
f 40/1/2 62/1/2 58/1/2
f 62/1/2 63/1/2 57/1/2
f 63/1/2 64/1/2 56/1/2
f 55/1/82 62/1/1325 40/1/83
f 54/1/85 63/1/1326 62/1/86
f 54/1/88 53/1/1327 64/1/89
f 49/1/4 53/1/4 61/1/4
f 61/1/91 53/1/91 54/1/91
f 54/1/92 55/1/92 59/1/92
f 41/1/93 61/1/1328 56/1/94
f 60/1/96 57/1/1329 56/1/97
f 60/1/99 59/1/1330 58/1/100
f 67/1/102 68/1/102 66/1/102
f 115/1/4 71/1/4 72/1/4
f 71/1/103 69/1/103 70/1/103
f 94/1/2 65/1/2 66/1/2
f 115/1/104 114/1/1331 69/1/105
f 90/1/107 66/1/1332 68/1/108
f 109/1/110 120/1/1333 82/1/111
f 78/1/112 82/1/111 83/1/113
f 83/1/115 84/1/1334 76/1/116
f 103/1/118 102/1/1335 79/1/119
f 75/1/121 79/1/1336 80/1/122
f 80/1/124 81/1/167 73/1/125
f 81/1/2 82/1/2 120/1/2
f 80/1/127 83/1/61 82/1/127
f 79/1/128 84/1/128 83/1/128
f 75/1/4 76/1/4 99/1/4
f 75/1/4 74/1/4 77/1/4
f 74/1/4 73/1/4 78/1/4
f 87/1/4 91/1/4 68/1/4
f 86/1/4 92/1/4 91/1/4
f 85/1/4 93/1/4 92/1/4
f 67/1/129 65/1/1337 94/1/130
f 87/1/132 94/1/1338 95/1/133
f 95/1/133 96/1/152 85/1/135
f 97/1/136 108/1/149 88/1/137
f 93/1/138 88/1/137 89/1/139
f 89/1/139 90/1/1339 91/1/141
f 100/1/2 96/1/2 88/1/2
f 96/1/81 95/1/81 89/1/81
f 95/1/80 94/1/80 90/1/80
f 79/1/2 102/1/2 106/1/2
f 102/1/2 101/1/2 107/1/2
f 101/1/2 100/1/2 108/1/2
f 84/1/142 106/1/1340 99/1/143
f 106/1/145 107/1/1341 98/1/146
f 98/1/148 107/1/1342 108/1/149
f 105/1/4 97/1/4 93/1/4
f 104/1/150 98/1/150 97/1/150
f 103/1/151 99/1/151 98/1/151
f 96/1/152 100/1/154 105/1/153
f 100/1/154 101/1/1343 104/1/155
f 104/1/156 101/1/1344 102/1/157
f 114/1/2 118/1/2 70/1/2
f 113/1/159 119/1/159 118/1/159
f 112/1/160 120/1/160 119/1/160
f 70/1/161 118/1/1345 111/1/162
f 111/1/164 118/1/1346 119/1/165
f 119/1/165 120/1/1333 109/1/110
f 81/1/167 112/1/1347 117/1/168
f 117/1/168 112/1/1347 113/1/169
f 113/1/169 114/1/1348 115/1/171
f 73/1/4 117/1/4 109/1/4
f 117/1/4 116/1/4 110/1/4
f 116/1/4 115/1/4 111/1/4
f 121/1/172 122/1/172 124/1/172
f 129/1/4 134/1/4 128/1/4
f 128/1/173 126/1/173 125/1/173
f 150/1/2 146/1/2 122/1/2
f 127/1/174 125/1/1349 137/1/175
f 124/1/177 122/1/1350 146/1/178
f 128/1/180 134/1/1351 138/1/181
f 134/1/183 133/1/186 139/1/184
f 133/1/186 132/1/1352 140/1/187
f 141/1/188 131/1/1353 135/1/189
f 130/1/191 136/1/195 135/1/192
f 129/1/194 137/1/1354 136/1/195
f 126/1/2 138/1/2 137/1/2
f 137/1/196 138/1/196 139/1/196
f 139/1/197 140/1/197 135/1/197
f 149/1/4 132/1/4 131/1/4
f 132/1/198 133/1/198 130/1/198
f 130/1/199 133/1/199 134/1/199
f 124/1/4 147/1/4 143/1/4
f 147/1/4 148/1/4 142/1/4
f 148/1/4 149/1/4 141/1/4
f 123/1/200 143/1/1355 150/1/201
f 143/1/203 142/1/1356 151/1/204
f 141/1/205 152/1/1357 151/1/206
f 149/1/208 144/1/1358 140/1/209
f 149/1/211 148/1/1359 145/1/212
f 147/1/214 146/1/1360 145/1/215
f 135/1/2 140/1/2 144/1/2
f 152/1/217 144/1/217 145/1/217
f 145/1/218 146/1/218 150/1/218
f 154/1/219 156/1/219 155/1/219
f 161/1/4 166/1/4 160/1/4
f 160/1/220 158/1/220 157/1/220
f 182/1/2 178/1/2 154/1/2
f 159/1/221 157/1/1361 169/1/222
f 156/1/224 154/1/1362 178/1/225
f 160/1/227 166/1/1363 170/1/228
f 166/1/230 165/1/1364 171/1/231
f 164/1/233 172/1/1365 171/1/234
f 173/1/236 163/1/1366 167/1/237
f 163/1/239 162/1/1367 168/1/240
f 161/1/242 169/1/1368 168/1/243
f 158/1/2 170/1/2 169/1/2
f 169/1/196 170/1/196 171/1/196
f 171/1/197 172/1/197 167/1/197
f 173/1/4 181/1/4 164/1/4
f 163/1/4 164/1/4 165/1/4
f 162/1/4 165/1/4 166/1/4
f 156/1/4 179/1/4 175/1/4
f 179/1/4 180/1/4 174/1/4
f 174/1/4 180/1/4 181/1/4
f 155/1/245 175/1/1369 182/1/246
f 175/1/248 174/1/252 183/1/249
f 173/1/251 184/1/1370 183/1/249
f 181/1/253 176/1/1371 172/1/254
f 181/1/256 180/1/260 177/1/257
f 179/1/259 178/1/1372 177/1/257
f 172/1/2 176/1/2 184/1/2
f 184/1/217 176/1/217 177/1/217
f 177/1/218 178/1/218 182/1/218
f 186/1/261 188/1/261 187/1/261
f 188/1/262 190/1/262 189/1/262
f 190/1/263 192/1/263 191/1/263
f 192/1/264 194/1/264 193/1/264
f 194/1/265 196/1/265 195/1/265
f 196/1/266 198/1/266 197/1/266
f 198/1/267 200/1/267 199/1/267
f 200/1/268 202/1/268 201/1/268
f 202/1/269 204/1/269 203/1/269
f 204/1/270 206/1/270 205/1/270
f 206/1/271 208/1/271 207/1/271
f 208/1/272 210/1/272 209/1/272
f 210/1/273 212/1/273 211/1/273
f 212/1/274 214/1/274 213/1/274
f 194/1/275 192/1/276 220/1/276
f 214/1/277 216/1/277 215/1/277
f 215/1/278 216/1/278 186/1/278
f 189/1/279 299/1/280 298/1/280
f 218/1/269 234/1/269 233/1/269
f 202/1/281 225/1/281 226/1/282
f 214/1/283 212/1/284 230/1/284
f 190/1/285 188/1/286 217/1/286
f 198/1/287 223/1/287 224/1/288
f 210/1/289 208/1/290 228/1/290
f 194/1/275 221/1/275 222/1/291
f 204/1/282 226/1/282 227/1/292
f 214/1/283 231/1/283 232/1/293
f 190/1/285 219/1/285 220/1/276
f 202/1/281 200/1/288 224/1/288
f 186/1/294 218/1/294 217/1/286
f 210/1/289 229/1/289 230/1/284
f 198/1/287 196/1/291 222/1/291
f 206/1/292 227/1/292 228/1/290
f 186/1/294 216/1/293 232/1/293
f 232/1/268 248/1/268 234/1/268
f 225/1/261 241/1/261 242/1/261
f 217/1/270 233/1/270 235/1/270
f 226/1/262 242/1/262 243/1/262
f 219/1/271 235/1/271 236/1/271
f 227/1/263 243/1/263 244/1/263
f 220/1/272 236/1/272 237/1/272
f 228/1/264 244/1/264 245/1/264
f 221/1/273 237/1/273 238/1/273
f 229/1/265 245/1/265 246/1/265
f 222/1/274 238/1/274 239/1/274
f 230/1/266 246/1/266 247/1/266
f 223/1/277 239/1/277 240/1/277
f 231/1/267 247/1/267 248/1/267
f 224/1/278 240/1/278 241/1/278
f 308/1/295 324/1/354 323/1/296
f 199/1/298 304/1/299 303/1/299
f 207/1/300 209/1/300 309/1/301
f 195/1/302 302/1/303 301/1/303
f 205/1/304 307/1/297 306/1/305
f 215/1/306 312/1/307 311/1/307
f 191/1/308 300/1/309 299/1/309
f 199/1/310 201/1/310 305/1/311
f 187/1/312 298/1/313 297/1/313
f 211/1/314 310/1/315 309/1/315
f 195/1/316 197/1/316 303/1/317
f 205/1/304 207/1/1373 308/1/295
f 215/1/318 185/1/318 297/1/319
f 191/1/320 193/1/320 301/1/321
f 203/1/322 306/1/323 305/1/323
f 213/1/324 311/1/325 310/1/325
f 328/1/326 313/1/326 329/1/327
f 300/1/321 301/1/321 317/1/328
f 308/1/301 309/1/301 325/1/330
f 302/1/303 318/1/331 317/1/331
f 310/1/315 326/1/332 325/1/332
f 302/1/317 303/1/317 319/1/333
f 310/1/325 311/1/325 327/1/334
f 304/1/299 320/1/335 319/1/335
f 312/1/307 328/1/336 327/1/336
f 304/1/311 305/1/311 321/1/337
f 298/1/313 314/1/338 313/1/338
f 312/1/319 297/1/319 313/1/326
f 306/1/323 322/1/339 321/1/339
f 298/1/280 299/1/280 315/1/340
f 306/1/341 307/1/341 323/1/341
f 300/1/309 316/1/342 315/1/342
f 342/1/343 343/1/344 359/1/344
f 322/1/345 338/1/345 337/1/346
f 314/1/347 315/1/348 331/1/348
f 322/1/345 323/1/349 339/1/349
f 316/1/350 332/1/350 331/1/348
f 323/1/296 324/1/354 340/1/351
f 317/1/328 333/1/357 332/1/353
f 324/1/354 325/1/355 341/1/355
f 318/1/356 334/1/356 333/1/357
f 326/1/358 342/1/358 341/1/355
f 318/1/356 319/1/359 335/1/359
f 326/1/358 327/1/360 343/1/360
f 319/1/359 320/1/361 336/1/361
f 328/1/362 344/1/363 343/1/363
f 320/1/361 321/1/364 337/1/364
f 314/1/338 330/1/365 329/1/365
f 336/1/366 352/1/366 351/1/367
f 344/1/363 360/1/368 359/1/368
f 336/1/366 337/1/369 353/1/369
f 330/1/370 346/1/370 345/1/371
f 344/1/372 329/1/371 345/1/371
f 338/1/373 354/1/373 353/1/374
f 331/1/375 347/1/375 346/1/376
f 339/1/377 355/1/377 354/1/373
f 331/1/375 332/1/378 348/1/378
f 340/1/379 356/1/379 355/1/377
f 332/1/378 333/1/380 349/1/380
f 340/1/379 341/1/381 357/1/381
f 334/1/382 350/1/382 349/1/380
f 342/1/343 358/1/343 357/1/381
f 335/1/367 351/1/367 350/1/382
f 360/1/383 345/1/383 346/1/383
f 346/1/383 347/1/383 348/1/383
f 348/1/383 349/1/383 350/1/383
f 350/1/383 351/1/383 352/1/383
f 352/1/383 353/1/383 354/1/383
f 354/1/383 355/1/383 356/1/383
f 356/1/383 357/1/383 358/1/383
f 358/1/383 359/1/383 360/1/383
f 360/1/383 346/1/383 348/1/383
f 348/1/383 350/1/383 352/1/383
f 352/1/383 354/1/383 356/1/383
f 356/1/383 358/1/383 360/1/383
f 360/1/383 348/1/383 352/1/383
f 238/1/384 254/1/385 255/1/385
f 259/1/386 275/1/387 276/1/387
f 246/1/388 262/1/389 263/1/389
f 240/1/390 239/1/390 255/1/391
f 248/1/392 247/1/392 263/1/393
f 241/1/394 240/1/394 256/1/395
f 234/1/396 250/1/397 249/1/397
f 234/1/398 248/1/398 264/1/399
f 242/1/400 241/1/400 257/1/401
f 233/1/402 249/1/403 251/1/403
f 243/1/404 242/1/404 258/1/405
f 236/1/406 235/1/406 251/1/407
f 244/1/408 243/1/408 259/1/386
f 237/1/409 236/1/409 252/1/410
f 245/1/411 244/1/411 260/1/412
f 237/1/413 253/1/414 254/1/414
f 245/1/415 261/1/416 262/1/416
f 265/1/417 266/1/1374 282/1/418
f 252/1/410 268/1/419 269/1/419
f 260/1/412 276/1/1375 277/1/420
f 253/1/414 269/1/421 270/1/421
f 262/1/416 261/1/416 277/1/422
f 254/1/385 270/1/423 271/1/423
f 262/1/389 278/1/424 279/1/424
f 255/1/391 271/1/425 272/1/425
f 264/1/393 263/1/393 279/1/426
f 256/1/395 272/1/1376 273/1/427
f 250/1/397 266/1/1374 265/1/417
f 264/1/399 280/1/434 266/1/428
f 258/1/401 257/1/401 273/1/429
f 249/1/403 265/1/430 267/1/430
f 258/1/405 274/1/431 275/1/431
f 252/1/407 251/1/407 267/1/432
f 283/1/433 281/1/433 282/1/433
f 282/1/433 296/1/433 295/1/433
f 295/1/433 294/1/433 293/1/433
f 293/1/433 292/1/433 291/1/433
f 291/1/433 290/1/433 289/1/433
f 289/1/433 288/1/433 287/1/433
f 287/1/433 286/1/433 285/1/433
f 285/1/433 284/1/433 283/1/433
f 283/1/433 282/1/433 295/1/433
f 295/1/433 293/1/433 291/1/433
f 291/1/433 289/1/433 287/1/433
f 287/1/433 285/1/433 283/1/433
f 283/1/433 295/1/433 291/1/433
f 280/1/434 296/1/435 282/1/435
f 274/1/429 273/1/429 289/1/436
f 267/1/430 265/1/430 281/1/437
f 275/1/431 274/1/431 290/1/438
f 267/1/432 283/1/439 284/1/439
f 275/1/387 291/1/440 292/1/440
f 268/1/419 284/1/441 285/1/441
f 277/1/420 276/1/1375 292/1/442
f 270/1/421 269/1/421 285/1/443
f 278/1/422 277/1/422 293/1/444
f 271/1/423 270/1/423 286/1/445
f 279/1/424 278/1/424 294/1/446
f 271/1/425 287/1/447 288/1/447
f 279/1/426 295/1/448 296/1/448
f 273/1/427 272/1/1376 288/1/449
f 505/1/4 506/1/4 508/1/4
f 512/1/450 516/1/450 513/1/450
f 512/1/2 510/1/2 509/1/2
f 510/1/433 506/1/433 505/1/433
f 511/1/451 509/1/451 505/1/451
f 508/1/452 506/1/452 510/1/452
f 516/1/453 532/1/453 529/1/453
f 507/1/4 508/1/4 513/1/4
f 511/1/2 515/1/2 516/1/2
f 507/1/454 514/1/454 515/1/454
f 514/1/4 513/1/4 529/1/4
f 515/1/2 531/1/2 532/1/2
f 514/1/455 530/1/455 531/1/455
f 517/1/4 519/1/4 520/1/4
f 525/1/456 528/1/456 524/1/456
f 521/1/2 522/1/2 524/1/2
f 517/1/433 518/1/433 522/1/433
f 517/1/457 521/1/457 523/1/457
f 522/1/458 518/1/458 520/1/458
f 529/1/459 532/1/459 528/1/459
f 519/1/4 526/1/4 525/1/4
f 528/1/2 527/1/2 523/1/2
f 527/1/460 526/1/460 519/1/460
f 526/1/4 530/1/4 529/1/4
f 532/1/2 531/1/2 527/1/2
f 531/1/461 530/1/461 526/1/461
f 533/1/4 534/1/4 536/1/4
f 540/1/450 544/1/450 541/1/450
f 540/1/2 538/1/2 537/1/2
f 538/1/433 534/1/433 533/1/433
f 535/1/451 539/1/462 537/1/462
f 536/1/452 534/1/452 538/1/452
f 544/1/453 560/1/453 557/1/453
f 535/1/4 536/1/4 541/1/4
f 539/1/2 543/1/2 544/1/2
f 535/1/454 542/1/454 543/1/454
f 542/1/4 541/1/4 557/1/4
f 543/1/2 559/1/2 560/1/2
f 542/1/455 558/1/455 559/1/455
f 545/1/4 547/1/4 548/1/4
f 553/1/456 556/1/456 552/1/456
f 549/1/2 550/1/2 552/1/2
f 545/1/433 546/1/433 550/1/433
f 545/1/457 549/1/457 551/1/457
f 550/1/458 546/1/458 548/1/458
f 557/1/459 560/1/459 556/1/459
f 547/1/4 554/1/4 553/1/4
f 556/1/2 555/1/2 551/1/2
f 555/1/460 554/1/460 547/1/460
f 554/1/4 558/1/4 557/1/4
f 560/1/2 559/1/2 555/1/2
f 559/1/461 558/1/461 554/1/461
f 362/1/463 364/1/463 363/1/463
f 364/1/464 366/1/464 365/1/464
f 366/1/465 368/1/465 367/1/465
f 368/1/466 370/1/466 369/1/466
f 370/1/467 368/1/467 376/1/467
f 370/1/469 372/1/469 371/1/469
f 372/1/470 362/1/470 361/1/470
f 371/1/383 361/1/383 363/1/383
f 363/1/383 365/1/383 367/1/383
f 367/1/383 369/1/383 371/1/383
f 375/1/433 373/1/433 374/1/433
f 374/1/433 378/1/433 377/1/433
f 377/1/433 376/1/433 375/1/433
f 364/1/471 373/1/1377 375/1/472
f 370/1/473 377/1/1378 378/1/474
f 364/1/475 362/1/475 374/1/475
f 366/1/477 375/1/1379 376/1/477
f 372/1/478 378/1/1380 374/1/478
f 380/1/479 382/1/479 381/1/479
f 382/1/480 384/1/480 383/1/480
f 384/1/481 386/1/481 385/1/481
f 386/1/482 388/1/482 387/1/482
f 386/1/483 394/1/1381 395/1/483
f 388/1/484 390/1/484 389/1/484
f 390/1/485 380/1/485 379/1/485
f 389/1/383 379/1/383 381/1/383
f 381/1/383 383/1/383 385/1/383
f 385/1/383 387/1/383 389/1/383
f 393/1/433 391/1/433 392/1/433
f 392/1/433 396/1/433 395/1/433
f 395/1/433 394/1/433 393/1/433
f 382/1/486 391/1/486 393/1/486
f 388/1/487 395/1/487 396/1/487
f 380/1/489 392/1/517 391/1/489
f 384/1/490 393/1/521 394/1/490
f 390/1/491 396/1/491 392/1/491
f 398/1/492 400/1/492 399/1/492
f 400/1/2 402/1/2 401/1/2
f 402/1/493 404/1/493 403/1/493
f 404/1/494 406/1/494 405/1/494
f 406/1/495 404/1/495 412/1/495
f 405/1/4 406/1/4 408/1/4
f 408/1/497 398/1/497 397/1/497
f 407/1/383 397/1/383 399/1/383
f 399/1/383 401/1/383 403/1/383
f 403/1/383 405/1/383 407/1/383
f 411/1/433 409/1/433 410/1/433
f 410/1/433 414/1/433 413/1/433
f 413/1/433 412/1/433 411/1/433
f 400/1/498 409/1/523 411/1/498
f 406/1/499 413/1/499 414/1/500
f 400/1/501 398/1/501 410/1/501
f 402/1/502 411/1/502 412/1/502
f 408/1/503 414/1/1382 410/1/503
f 416/1/504 418/1/504 417/1/504
f 418/1/505 420/1/505 419/1/505
f 420/1/506 422/1/506 421/1/506
f 422/1/507 424/1/507 423/1/507
f 424/1/508 422/1/508 430/1/508
f 424/1/509 426/1/509 425/1/509
f 426/1/510 416/1/510 415/1/510
f 425/1/383 415/1/383 417/1/383
f 417/1/383 419/1/383 421/1/383
f 421/1/383 423/1/383 425/1/383
f 429/1/433 427/1/433 428/1/433
f 428/1/433 432/1/433 431/1/433
f 431/1/433 430/1/433 429/1/433
f 418/1/511 427/1/511 429/1/511
f 424/1/512 431/1/512 432/1/512
f 416/1/513 428/1/524 427/1/513
f 422/1/514 420/1/514 429/1/514
f 426/1/516 432/1/516 428/1/516
f 434/1/482 436/1/482 435/1/482
f 436/1/484 438/1/484 437/1/484
f 438/1/485 440/1/485 439/1/485
f 440/1/479 442/1/479 441/1/479
f 442/1/517 440/1/517 448/1/517
f 442/1/480 444/1/480 443/1/480
f 444/1/518 434/1/518 433/1/518
f 443/1/383 433/1/383 435/1/383
f 435/1/383 437/1/383 439/1/383
f 439/1/383 441/1/383 443/1/383
f 447/1/433 445/1/433 446/1/433
f 446/1/433 450/1/433 449/1/433
f 449/1/433 448/1/433 447/1/433
f 436/1/487 445/1/487 447/1/487
f 444/1/519 442/1/519 449/1/519
f 436/1/483 434/1/483 446/1/483
f 440/1/520 438/1/520 447/1/520
f 434/1/521 444/1/521 450/1/521
f 452/1/494 454/1/494 453/1/494
f 453/1/4 454/1/4 456/1/4
f 456/1/497 458/1/497 457/1/497
f 458/1/492 460/1/492 459/1/492
f 460/1/501 458/1/501 466/1/501
f 460/1/2 462/1/2 461/1/2
f 462/1/493 452/1/493 451/1/493
f 461/1/383 451/1/383 453/1/383
f 453/1/383 455/1/383 457/1/383
f 457/1/383 459/1/383 461/1/383
f 465/1/433 463/1/433 464/1/433
f 464/1/433 468/1/433 467/1/433
f 467/1/433 466/1/433 465/1/433
f 456/1/499 454/1/499 463/1/499
f 460/1/498 467/1/498 468/1/523
f 454/1/495 452/1/495 464/1/495
f 456/1/503 465/1/503 466/1/503
f 462/1/502 468/1/1383 464/1/502
f 470/1/507 472/1/507 471/1/507
f 472/1/509 474/1/509 473/1/509
f 474/1/510 476/1/510 475/1/510
f 476/1/504 478/1/504 477/1/504
f 478/1/524 476/1/524 484/1/524
f 478/1/505 480/1/505 479/1/505
f 480/1/506 470/1/506 469/1/506
f 479/1/383 469/1/383 471/1/383
f 471/1/383 473/1/383 475/1/383
f 475/1/383 477/1/383 479/1/383
f 483/1/433 481/1/433 482/1/433
f 482/1/433 486/1/433 485/1/433
f 485/1/433 484/1/433 483/1/433
f 474/1/525 472/1/525 481/1/525
f 480/1/526 478/1/526 485/1/526
f 472/1/527 470/1/527 482/1/527
f 476/1/528 474/1/528 483/1/528
f 470/1/515 480/1/515 486/1/515
f 488/1/466 490/1/466 489/1/466
f 490/1/469 492/1/469 491/1/469
f 492/1/470 494/1/470 493/1/470
f 494/1/463 496/1/463 495/1/463
f 496/1/475 494/1/475 502/1/475
f 496/1/464 498/1/464 497/1/464
f 498/1/465 488/1/465 487/1/465
f 497/1/383 487/1/383 489/1/383
f 489/1/383 491/1/383 493/1/383
f 493/1/383 495/1/383 497/1/383
f 501/1/433 499/1/433 500/1/433
f 500/1/433 504/1/433 503/1/433
f 503/1/433 502/1/433 501/1/433
f 490/1/473 499/1/473 501/1/474
f 496/1/471 503/1/471 504/1/472
f 490/1/467 488/1/467 500/1/467
f 492/1/478 501/1/478 502/1/478
f 498/1/477 504/1/477 500/1/477
f 683/2/529 597/2/587 563/2/530
f 685/3/532 610/3/595 605/3/533
f 719/3/535 583/3/576 575/3/536
f 568/2/538 720/2/636 701/2/539
f 709/3/541 604/3/592 584/3/542
f 611/3/544 684/3/622 703/3/531
f 691/2/529 653/2/587 619/2/530
f 693/3/532 666/3/610 661/3/533
f 673/3/535 639/3/602 631/3/536
f 624/2/538 674/2/616 728/2/539
f 736/3/541 660/3/592 640/3/542
f 667/3/544 692/3/622 730/3/546
f 603/3/548 612/3/599 576/3/549
f 590/2/551 710/2/632 721/2/552
f 652/2/554 647/2/605 625/2/555
f 694/2/557 738/2/640 645/2/558
f 682/2/557 711/2/634 589/2/558
f 659/3/548 668/3/599 632/3/549
f 646/2/551 737/2/632 675/2/552
f 561/2/560 564/2/563 565/2/561
f 562/2/540 566/2/564 565/2/561
f 563/2/530 567/2/562 565/2/561
f 568/2/538 571/2/568 572/2/565
f 569/2/567 573/2/569 572/2/565
f 570/2/553 574/2/566 572/2/565
f 575/3/536 578/3/572 579/3/570
f 576/3/549 580/3/573 579/3/570
f 577/3/545 581/3/571 579/3/570
f 582/3/550 585/3/577 586/3/574
f 583/3/576 587/3/578 586/3/574
f 584/3/542 588/3/575 586/3/574
f 589/2/558 592/2/581 593/2/579
f 590/2/551 594/2/583 593/2/579
f 591/2/582 595/2/580 593/2/579
f 596/2/584 599/2/588 600/2/585
f 597/2/587 601/2/589 600/2/585
f 598/2/559 602/2/586 600/2/585
f 603/3/548 606/3/593 607/3/590
f 604/3/592 608/3/594 607/3/590
f 605/3/533 609/3/591 607/3/590
f 610/3/595 613/3/598 614/3/596
f 611/3/544 615/3/600 614/3/596
f 612/3/599 616/3/597 614/3/596
f 617/2/556 620/2/563 621/2/561
f 618/2/540 622/2/564 621/2/561
f 619/2/530 623/2/562 621/2/561
f 624/2/538 627/2/568 628/2/565
f 625/2/555 629/2/569 628/2/565
f 626/2/553 630/2/566 628/2/565
f 631/3/536 634/3/572 635/3/570
f 632/3/549 636/3/573 635/3/570
f 633/3/545 637/3/571 635/3/570
f 638/3/550 641/3/577 642/3/574
f 639/3/602 643/3/603 642/3/574
f 640/3/542 644/3/601 642/3/574
f 645/2/558 648/2/604 649/2/579
f 646/2/551 650/2/606 649/2/579
f 647/2/605 651/2/580 649/2/579
f 652/2/554 655/2/588 656/2/585
f 653/2/587 657/2/608 656/2/585
f 654/2/559 658/2/607 656/2/585
f 659/3/548 662/3/593 663/3/590
f 660/3/592 664/3/609 663/3/590
f 661/3/533 665/3/591 663/3/590
f 666/3/610 669/3/612 670/3/596
f 667/3/544 671/3/600 670/3/596
f 668/3/599 672/3/611 670/3/596
f 677/3/613 678/3/1384 681/3/614
f 679/2/615 678/2/1384 677/2/613
f 680/2/617 678/2/1384 679/2/615
f 681/3/614 678/3/1384 680/3/617
f 686/2/618 687/2/1385 690/2/619
f 688/2/620 687/2/1385 686/2/618
f 689/3/621 687/3/1385 688/3/620
f 690/3/619 687/3/1385 689/3/621
f 695/2/620 696/2/1386 699/2/623
f 697/3/621 696/3/1386 695/3/620
f 698/3/624 696/3/1386 697/3/621
f 699/2/623 696/2/1386 698/2/624
f 700/2/531 704/2/627 705/2/625
f 706/2/626 705/2/625 704/2/627
f 707/3/628 705/3/625 706/3/626
f 703/3/531 708/3/531 705/3/625
f 713/3/629 714/3/1387 717/3/630
f 715/2/631 714/2/1387 713/2/629
f 716/2/633 714/2/1387 715/2/631
f 717/3/630 714/3/1387 716/3/633
f 722/3/635 723/3/1388 726/3/543
f 724/3/613 723/3/1388 722/3/635
f 725/2/615 723/2/1388 724/2/613
f 726/2/543 723/2/1388 725/2/615
f 731/2/637 732/2/1389 735/2/546
f 733/2/626 732/2/1389 731/2/637
f 734/3/638 732/3/1389 733/3/626
f 735/3/546 732/3/1389 734/3/638
f 740/3/629 741/3/1390 744/3/630
f 742/2/639 741/2/1390 740/2/629
f 743/2/633 741/2/1390 742/2/639
f 744/3/630 741/3/1390 743/3/633
f 562/2/540 564/2/563 571/2/568
f 564/2/563 561/2/560 569/2/567
f 576/3/549 578/3/572 585/3/577
f 578/3/572 575/3/536 583/3/576
f 584/3/542 587/3/578 722/3/635
f 587/3/578 583/3/576 719/3/535
f 563/2/530 566/2/564 704/2/627
f 566/2/564 562/2/540 701/2/539
f 596/2/584 602/2/586 595/2/580
f 602/2/586 598/2/559 589/2/558
f 610/3/595 616/3/597 609/3/591
f 616/3/597 612/3/599 603/3/548
f 605/3/533 608/3/594 717/3/630
f 608/3/594 604/3/592 709/3/541
f 598/2/559 601/2/589 686/2/618
f 601/2/589 597/2/587 683/2/529
f 604/3/592 606/3/593 588/3/575
f 606/3/593 603/3/548 582/3/550
f 590/2/551 570/2/553 573/2/569
f 573/2/569 569/2/567 591/2/582
f 561/2/560 567/2/562 599/2/588
f 567/2/562 563/2/530 597/2/587
f 577/3/545 580/3/573 615/3/600
f 580/3/573 576/3/549 612/3/599
f 618/2/540 620/2/563 627/2/568
f 620/2/563 617/2/556 625/2/555
f 632/3/549 634/3/572 641/3/577
f 634/3/572 631/3/536 639/3/602
f 640/3/542 643/3/603 681/3/614
f 643/3/603 639/3/602 673/3/535
f 619/2/530 622/2/564 731/2/637
f 622/2/564 618/2/540 728/2/539
f 652/2/554 658/2/607 651/2/580
f 658/2/607 654/2/559 645/2/558
f 666/3/610 672/3/611 665/3/591
f 672/3/611 668/3/599 659/3/548
f 661/3/533 664/3/609 744/3/630
f 664/3/609 660/3/592 736/3/541
f 654/2/559 657/2/608 699/2/623
f 657/2/608 653/2/587 691/2/529
f 660/3/592 662/3/593 644/3/601
f 662/3/593 659/3/548 638/3/550
f 626/2/553 629/2/569 650/2/606
f 629/2/569 625/2/555 647/2/605
f 617/2/556 623/2/562 655/2/588
f 623/2/562 619/2/530 653/2/587
f 633/3/545 636/3/573 671/3/600
f 636/3/573 632/3/549 668/3/599
f 675/2/552 679/2/615 630/2/566
f 679/2/615 674/2/616 624/2/538
f 685/3/532 689/3/621 613/3/598
f 689/3/621 684/3/622 611/3/544
f 693/3/532 697/3/621 669/3/612
f 697/3/621 692/3/622 667/3/544
f 703/3/531 707/3/628 581/3/571
f 707/3/628 702/3/537 575/3/536
f 711/2/634 715/2/631 592/2/581
f 715/2/631 710/2/632 590/2/551
f 721/2/552 725/2/615 574/2/566
f 725/2/615 720/2/636 568/2/538
f 730/3/546 734/3/638 637/3/571
f 734/3/638 729/3/537 631/3/536
f 738/2/640 742/2/639 648/2/604
f 742/2/639 737/2/632 646/2/551
f 720/2/636 724/2/613 706/2/626
f 724/3/613 719/3/535 702/3/537
f 739/3/534 743/3/633 698/3/624
f 743/2/633 738/2/640 694/2/557
f 684/3/622 688/3/620 708/3/531
f 688/2/620 683/2/529 700/2/531
f 712/3/534 716/3/633 690/3/619
f 716/2/633 711/2/634 682/2/557
f 737/2/632 740/2/629 680/2/617
f 740/3/629 736/3/541 676/3/547
f 710/2/632 713/2/629 726/2/543
f 713/3/629 709/3/541 718/3/543
f 674/2/616 677/2/613 733/2/626
f 677/3/613 673/3/535 729/3/537
f 692/3/622 695/3/620 735/3/546
f 695/2/620 691/2/529 727/2/546
f 596/2/584 591/2/582 569/2/567
f 747/2/641 781/2/682 867/2/642
f 789/3/643 794/3/689 869/3/534
f 759/3/644 767/3/675 903/3/537
f 885/2/646 904/2/720 752/2/540
f 768/3/648 788/3/686 893/3/649
f 887/3/650 868/3/632 795/3/651
f 911/2/652 803/2/694 837/2/653
f 845/3/654 850/3/702 877/3/534
f 815/3/655 823/3/695 857/3/537
f 912/2/656 858/2/707 808/2/540
f 824/3/648 844/3/686 920/3/649
f 914/3/657 876/3/632 851/3/651
f 760/3/658 796/3/692 787/3/659
f 905/2/660 894/2/622 774/2/661
f 809/2/662 831/2/698 836/2/663
f 829/2/664 922/2/723 878/2/665
f 773/2/664 895/2/717 866/2/665
f 816/3/658 852/3/692 843/3/659
f 859/2/667 921/2/622 830/2/661
f 745/2/567 751/2/569 749/2/565
f 746/2/647 748/2/668 749/2/565
f 747/2/641 750/2/566 749/2/565
f 752/2/540 758/2/671 756/2/561
f 753/2/670 755/2/669 756/2/561
f 754/2/530 757/2/562 756/2/561
f 759/3/644 765/3/673 763/3/574
f 760/3/658 762/3/672 763/3/574
f 761/3/542 764/3/575 763/3/574
f 766/3/549 772/3/573 770/3/570
f 767/3/675 769/3/674 770/3/570
f 768/3/648 771/3/676 770/3/570
f 773/2/664 779/2/679 777/2/585
f 774/2/661 776/2/677 777/2/585
f 775/2/584 778/2/678 777/2/585
f 780/2/680 786/2/684 784/2/579
f 781/2/682 783/2/681 784/2/579
f 782/2/666 785/2/683 784/2/579
f 787/3/659 793/3/688 791/3/596
f 788/3/686 790/3/685 791/3/596
f 789/3/643 792/3/687 791/3/596
f 794/3/689 800/3/693 798/3/590
f 795/3/651 797/3/690 798/3/590
f 796/3/692 799/3/691 798/3/590
f 801/2/555 807/2/569 805/2/565
f 802/2/647 804/2/668 805/2/565
f 803/2/694 806/2/566 805/2/565
f 808/2/540 814/2/564 812/2/561
f 809/2/662 811/2/669 812/2/561
f 810/2/530 813/2/562 812/2/561
f 815/3/655 821/3/578 819/3/574
f 816/3/658 818/3/672 819/3/574
f 817/3/542 820/3/575 819/3/574
f 822/3/549 828/3/573 826/3/570
f 823/3/695 825/3/674 826/3/570
f 824/3/648 827/3/696 826/3/570
f 829/2/664 835/2/679 833/2/585
f 830/2/661 832/2/697 833/2/585
f 831/2/698 834/2/678 833/2/585
f 836/2/663 842/2/684 840/2/579
f 837/2/653 839/2/681 840/2/579
f 838/2/666 841/2/683 840/2/579
f 843/3/659 849/3/701 847/3/596
f 844/3/686 846/3/699 847/3/596
f 845/3/654 848/3/700 847/3/596
f 850/3/702 856/3/704 854/3/590
f 851/3/651 853/3/690 854/3/590
f 852/3/692 855/3/703 854/3/590
f 865/3/705 862/3/1389 861/3/537
f 861/2/537 862/2/1389 863/2/706
f 863/2/706 862/2/1389 864/2/546
f 864/3/546 862/3/1389 865/3/705
f 874/2/633 871/2/1387 870/2/708
f 870/2/708 871/2/1387 872/2/709
f 872/3/709 871/3/1387 873/3/710
f 873/3/710 871/3/1387 874/3/633
f 883/2/631 880/2/1390 879/2/709
f 879/3/709 880/3/1390 881/3/710
f 881/3/710 880/3/1390 882/3/534
f 882/2/534 880/2/1390 883/2/631
f 884/2/543 892/2/714 889/2/711
f 888/2/712 889/2/711 890/2/645
f 890/3/645 889/3/711 891/3/713
f 887/3/650 891/3/713 889/3/711
f 901/3/715 898/3/1385 897/3/649
f 897/2/649 898/2/1385 899/2/716
f 899/2/716 898/2/1385 900/2/619
f 900/3/619 898/3/1385 901/3/715
f 910/3/718 907/3/1391 906/3/719
f 906/3/719 907/3/1391 908/3/537
f 908/2/537 907/2/1391 909/2/706
f 909/2/706 907/2/1391 910/2/718
f 919/2/617 916/2/1384 915/2/721
f 915/2/721 916/2/1384 917/2/645
f 917/3/645 916/3/1384 918/3/614
f 918/3/614 916/3/1384 919/3/617
f 928/3/715 925/3/1386 924/3/649
f 924/2/649 925/2/1386 926/2/722
f 926/2/722 925/2/1386 927/2/619
f 927/3/619 925/3/1386 928/3/715
f 755/2/669 748/2/668 746/2/647
f 753/2/670 745/2/567 748/2/668
f 769/3/674 762/3/672 760/3/658
f 767/3/675 759/3/644 762/3/672
f 906/3/719 771/3/676 768/3/648
f 903/3/537 767/3/675 771/3/676
f 888/2/712 750/2/566 747/2/641
f 885/2/646 746/2/647 750/2/566
f 779/2/679 786/2/684 780/2/680
f 773/2/664 782/2/666 786/2/684
f 793/3/688 800/3/693 794/3/689
f 787/3/659 796/3/692 800/3/693
f 901/3/715 792/3/687 789/3/643
f 893/3/649 788/3/686 792/3/687
f 870/2/708 785/2/683 782/2/666
f 867/2/642 781/2/682 785/2/683
f 772/3/573 790/3/685 788/3/686
f 766/3/549 787/3/659 790/3/685
f 778/2/678 757/2/562 754/2/530
f 775/2/584 753/2/670 757/2/562
f 783/2/681 751/2/569 745/2/567
f 781/2/682 747/2/641 751/2/569
f 799/3/691 764/3/575 761/3/542
f 796/3/692 760/3/658 764/3/575
f 811/2/669 804/2/668 802/2/647
f 809/2/662 801/2/555 804/2/668
f 825/3/674 818/3/672 816/3/658
f 823/3/695 815/3/655 818/3/672
f 865/3/705 827/3/696 824/3/648
f 857/3/537 823/3/695 827/3/696
f 915/2/721 806/2/566 803/2/694
f 912/2/656 802/2/647 806/2/566
f 835/2/679 842/2/684 836/2/663
f 829/2/664 838/2/666 842/2/684
f 849/3/701 856/3/704 850/3/702
f 843/3/659 852/3/692 856/3/704
f 928/3/715 848/3/700 845/3/654
f 920/3/649 844/3/686 848/3/700
f 883/2/631 841/2/683 838/2/666
f 875/2/642 837/2/653 841/2/683
f 828/3/573 846/3/699 844/3/686
f 822/3/549 843/3/659 846/3/699
f 834/2/678 813/2/562 810/2/530
f 831/2/698 809/2/662 813/2/562
f 839/2/681 807/2/569 801/2/555
f 837/2/653 803/2/694 807/2/569
f 855/3/703 820/3/575 817/3/542
f 852/3/692 816/3/658 820/3/575
f 814/2/564 863/2/706 859/2/667
f 808/2/540 858/2/707 863/2/706
f 797/3/690 873/3/710 869/3/534
f 795/3/651 868/3/632 873/3/710
f 853/3/690 881/3/710 877/3/534
f 851/3/651 876/3/632 881/3/710
f 765/3/673 891/3/713 887/3/650
f 759/3/644 886/3/645 891/3/713
f 773/2/664 776/2/677 899/2/716
f 774/2/661 894/2/622 899/2/716
f 758/2/671 909/2/706 905/2/660
f 752/2/540 904/2/720 909/2/706
f 821/3/578 918/3/614 914/3/657
f 815/3/655 913/3/645 918/3/614
f 832/2/697 926/2/722 922/2/723
f 830/2/661 921/2/622 926/2/722
f 890/2/645 908/2/537 904/2/720
f 886/3/645 903/3/537 908/3/537
f 882/3/534 927/3/619 923/3/619
f 878/2/665 922/2/723 927/2/619
f 892/3/714 872/3/709 868/3/632
f 884/2/543 867/2/642 872/2/709
f 874/3/633 900/3/619 896/3/619
f 866/2/665 895/2/717 900/2/619
f 864/2/546 924/2/649 921/2/622
f 860/3/531 920/3/649 924/3/649
f 910/2/718 897/2/649 894/2/622
f 902/3/531 893/3/649 897/3/649
f 917/2/645 861/2/537 858/2/707
f 913/3/645 857/3/537 861/3/537
f 919/3/617 879/3/709 876/3/632
f 911/2/652 875/2/642 879/2/709
f 753/2/670 775/2/584 780/2/680
f 930/4/724 979/4/787 1002/4/725
f 953/4/727 1001/4/801 1013/4/728
f 954/4/730 967/4/777 942/4/731
f 966/4/733 1015/4/818 990/4/734
f 991/4/736 1014/4/815 1003/4/737
f 932/4/739 934/4/743 933/4/740
f 936/4/742 937/4/746 934/4/743
f 935/4/744 937/4/746 936/4/742
f 935/4/744 939/4/748 940/4/745
f 938/4/747 940/4/745 939/4/748
f 933/4/740 934/4/743 940/4/745
f 944/4/749 946/4/753 945/4/750
f 944/4/749 948/4/755 949/4/752
f 947/4/754 949/4/752 948/4/755
f 951/4/756 952/4/758 949/4/752
f 950/4/757 952/4/758 951/4/756
f 950/4/757 945/4/750 946/4/753
f 956/4/759 958/4/762 957/4/760
f 956/4/759 960/4/764 961/4/761
f 959/4/763 961/4/761 960/4/764
f 963/4/765 964/4/767 961/4/761
f 962/4/766 964/4/767 963/4/765
f 962/4/766 957/4/760 958/4/762
f 968/4/768 970/4/771 969/4/769
f 972/4/770 973/4/774 970/4/771
f 971/4/772 973/4/774 972/4/770
f 971/4/772 975/4/776 976/4/773
f 974/4/775 976/4/773 975/4/776
f 969/4/769 970/4/771 976/4/773
f 980/4/778 982/4/782 981/4/779
f 980/4/778 984/4/784 985/4/781
f 983/4/783 985/4/781 984/4/784
f 987/4/785 988/4/788 985/4/781
f 986/4/786 988/4/788 987/4/785
f 986/4/786 981/4/779 982/4/782
f 992/4/789 994/4/793 993/4/790
f 996/4/792 997/4/796 994/4/793
f 995/4/794 997/4/796 996/4/792
f 995/4/794 999/4/798 1000/4/795
f 998/4/797 1000/4/795 999/4/798
f 993/4/790 994/4/793 1000/4/795
f 1004/4/799 1006/4/803 1005/4/800
f 1008/4/802 1009/4/806 1006/4/803
f 1007/4/804 1009/4/806 1008/4/802
f 1007/4/804 1011/4/808 1012/4/805
f 1010/4/807 1012/4/805 1011/4/808
f 1005/4/800 1006/4/803 1012/4/805
f 1016/4/809 1018/4/812 1017/4/810
f 1016/4/809 1020/4/814 1021/4/811
f 1019/4/813 1021/4/811 1020/4/814
f 1023/4/816 1024/4/819 1021/4/811
f 1022/4/817 1024/4/819 1023/4/816
f 1022/4/817 1017/4/810 1018/4/812
f 942/4/731 948/4/755 938/4/747
f 948/4/755 944/4/749 933/4/740
f 944/4/749 941/4/751 929/4/741
f 965/4/729 969/4/769 956/4/759
f 969/4/769 974/4/775 960/4/764
f 960/4/764 974/4/775 967/4/777
f 943/4/735 951/4/756 971/4/772
f 951/4/756 947/4/754 975/4/776
f 947/4/754 942/4/731 967/4/777
f 955/4/726 963/4/765 935/4/744
f 963/4/765 959/4/763 939/4/748
f 959/4/763 954/4/730 931/4/732
f 989/4/791 993/4/790 980/4/778
f 993/4/790 998/4/797 984/4/784
f 998/4/797 991/4/736 978/4/738
f 1014/4/815 1020/4/814 1010/4/807
f 1020/4/814 1016/4/809 1005/4/800
f 1016/4/809 1013/4/728 1001/4/801
f 991/4/736 999/4/798 1019/4/813
f 999/4/798 995/4/794 1023/4/816
f 995/4/794 990/4/734 1015/4/818
f 1003/4/737 1011/4/808 983/4/783
f 1011/4/808 1007/4/804 987/4/785
f 1007/4/804 1002/4/725 979/4/787
f 1013/4/728 1017/4/810 968/4/768
f 1017/4/810 1022/4/817 972/4/770
f 1022/4/817 1015/4/818 966/4/733
f 941/4/751 945/4/750 992/4/789
f 945/4/750 950/4/757 996/4/792
f 950/4/757 943/4/735 990/4/734
f 930/4/724 936/4/742 986/4/786
f 936/4/742 932/4/739 981/4/779
f 932/4/739 929/4/741 977/4/780
f 953/4/727 957/4/760 1004/4/799
f 957/4/760 962/4/766 1008/4/802
f 1008/4/802 962/4/766 955/4/726
f 929/4/741 941/4/751 989/4/791
f 1026/5/820 1432/5/1148 1451/5/821
f 1069/2/823 1054/2/955 1441/2/824
f 1068/2/826 1076/2/972 1061/2/827
f 1074/2/829 1067/2/964 1457/2/830
f 1081/2/832 1108/2/988 1101/2/550
f 1431/2/834 1062/2/962 1075/2/835
f 1083/2/836 1568/2/587 1123/2/530
f 1370/2/264 1365/2/265 1134/2/833
f 1092/2/837 1115/2/991 1573/2/556
f 1110/2/839 1122/2/994 1117/2/647
f 1088/2/841 1103/2/986 1116/2/553
f 1145/2/843 1164/2/1015 1786/2/269
f 1200/4/844 1207/4/692 1172/4/845
f 1372/2/261 1382/2/278 1583/2/846
f 1150/2/847 1375/2/272 1380/2/273
f 1364/2/268 1376/2/269 1152/2/653
f 1135/2/849 1151/2/1009 1157/2/850
f 1209/4/852 1222/4/1033 1188/4/850
f 1241/4/854 1656/4/1042 1229/4/855
f 1174/4/857 1187/4/587 1195/4/530
f 1216/4/858 1201/4/602 1181/4/856
f 1215/4/859 1223/4/682 1208/4/651
f 1221/4/860 1214/4/991 1193/4/861
f 1233/4/863 1249/4/261 1667/4/2
f 1268/4/864 1685/4/1188 1273/4/663
f 1669/4/866 1296/4/1074 1703/4/867
f 1228/4/869 1665/4/265 1250/4/264
f 1649/4/871 1266/4/994 1261/4/647
f 1278/4/265 1303/4/692 1707/4/659
f 1655/4/872 1263/4/1015 1272/4/653
f 1663/4/265 1279/4/265 1693/4/264
f 1668/4/874 1277/4/587 1267/4/530
f 1654/4/876 1677/4/4 1244/4/268
f 1701/4/4 1309/4/1083 1304/4/651
f 1659/4/261 1694/4/261 1297/4/878
f 1253/4/879 1690/4/1009 1684/4/850
f 1674/4/269 1289/4/1065 1696/4/268
f 1720/4/881 1326/4/1085 1738/4/882
f 1322/4/883 1350/4/988 1769/4/550
f 1284/4/261 1708/4/686 1313/4/885
f 1295/4/886 1727/4/1098 1319/4/887
f 1339/4/278 1773/4/1122 1351/4/545
f 1702/4/890 1318/4/1094 1327/4/642
f 1305/4/892 1311/4/1085 1715/4/893
f 1315/4/894 1739/4/1190 1726/4/895
f 1352/4/897 1774/4/994 1776/4/647
f 1743/4/898 1762/4/1192 1343/4/850
f 1733/4/899 1346/4/986 1356/4/553
f 1334/4/272 1775/4/1116 1772/4/556
f 1403/4/900 1400/4/1006 1390/4/833
f 1732/4/4 1335/4/269 1764/4/653
f 1331/4/901 1758/4/587 1750/4/278
f 1749/4/273 1344/4/698 1763/4/663
f 1140/2/902 1576/2/1006 1363/2/265
f 1141/2/903 1168/2/994 1162/2/647
f 1785/2/272 1163/2/991 1582/2/556
f 1128/2/904 1158/2/587 1383/2/278
f 1093/2/905 1096/2/982 1082/2/853
f 1472/5/907 1492/5/1180 1488/5/908
f 1389/4/909 1408/4/1132 1414/4/850
f 1402/4/910 1425/4/1140 1419/4/647
f 1416/4/911 1801/4/1142 1404/4/545
f 1410/4/913 1420/4/1116 1426/4/556
f 1421/4/914 1409/4/1134 1791/4/651
f 1450/5/915 1460/5/1167 1046/5/916
f 1053/2/918 1060/2/958 1430/2/919
f 1459/5/921 1440/5/1155 1034/5/922
f 1027/5/924 1040/5/946 1048/5/925
f 1467/5/927 1489/5/986 1852/5/553
f 1494/5/928 1850/5/1185 1500/5/929
f 1477/5/930 1499/5/991 1505/5/556
f 1844/5/931 1483/5/1176 1473/5/853
f 1482/5/933 1849/5/1122 1493/5/545
f 1025/5/934 1028/5/937 1029/5/935
f 1026/5/820 1030/5/938 1029/5/935
f 1027/5/924 1031/5/936 1029/5/935
f 1032/5/939 1035/5/942 1036/5/940
f 1033/5/926 1037/5/943 1036/5/940
f 1034/5/922 1038/5/941 1036/5/940
f 1039/5/917 1042/5/947 1043/5/944
f 1040/5/946 1044/5/948 1043/5/944
f 1041/5/822 1045/5/945 1043/5/944
f 1046/5/916 1049/5/951 1050/5/949
f 1047/5/923 1051/5/952 1050/5/949
f 1048/5/925 1052/5/950 1050/5/949
f 1053/2/918 1056/2/956 1057/2/953
f 1054/2/955 1058/2/957 1057/2/953
f 1055/2/828 1059/2/954 1057/2/953
f 1060/2/958 1063/2/961 1064/2/959
f 1061/2/827 1065/2/963 1064/2/959
f 1062/2/962 1066/2/960 1064/2/959
f 1067/2/964 1070/2/967 1071/2/965
f 1068/2/826 1072/2/968 1071/2/965
f 1069/2/823 1073/2/966 1071/2/965
f 1074/2/829 1077/2/971 1078/2/969
f 1075/2/835 1079/2/973 1078/2/969
f 1076/2/972 1080/2/970 1078/2/969
f 1081/2/832 1084/2/975 1085/2/596
f 1082/2/853 1086/2/976 1085/2/596
f 1083/2/836 1567/2/974 1085/2/596
f 1087/2/833 1089/2/593 1090/2/590
f 1088/2/841 1091/2/978 1090/2/590
f 1565/2/906 1566/2/977 1090/2/590
f 1092/2/837 1572/2/979 1570/2/579
f 1093/2/905 1571/2/980 1570/2/579
f 1569/2/842 1094/2/681 1570/2/579
f 1095/2/838 1097/2/588 1098/2/585
f 1568/2/587 1099/2/983 1098/2/585
f 1096/2/982 1100/2/981 1098/2/585
f 1101/2/550 1104/2/985 1105/2/574
f 1102/2/840 1106/2/987 1105/2/574
f 1103/2/986 1107/2/984 1105/2/574
f 1108/2/988 1111/2/573 1112/2/570
f 1109/2/545 1113/2/990 1112/2/570
f 1110/2/839 1114/2/989 1112/2/570
f 1115/2/991 1118/2/569 1119/2/565
f 1116/2/553 1120/2/993 1119/2/565
f 1117/2/647 1121/2/992 1119/2/565
f 1573/2/556 1124/2/995 1574/2/561
f 1122/2/994 1125/2/996 1574/2/561
f 1123/2/530 1126/2/562 1574/2/561
f 1127/2/851 1130/2/998 1131/2/596
f 1128/2/904 1132/2/600 1131/2/596
f 1129/2/659 1133/2/997 1131/2/596
f 1134/2/833 1136/2/593 1137/2/590
f 1575/2/848 1138/2/1000 1137/2/590
f 1135/2/849 1139/2/999 1137/2/590
f 1140/2/902 1142/2/1002 1143/2/570
f 1578/2/545 1144/2/1003 1143/2/570
f 1141/2/903 1579/2/1001 1143/2/570
f 1577/2/840 1146/2/1005 1147/2/574
f 1145/2/843 1148/2/1007 1147/2/574
f 1576/2/1006 1149/2/1004 1147/2/574
f 1150/2/847 1153/2/979 1154/2/579
f 1151/2/1009 1155/2/1010 1154/2/579
f 1152/2/653 1156/2/1008 1154/2/579
f 1157/2/850 1159/2/1012 1160/2/585
f 1580/2/838 1581/2/588 1160/2/585
f 1158/2/587 1161/2/1011 1160/2/585
f 1162/2/647 1165/2/1014 1585/2/565
f 1163/2/991 1166/2/1016 1585/2/565
f 1164/2/1015 1167/2/1013 1585/2/565
f 1582/2/556 1169/2/1017 1584/2/561
f 1168/2/994 1170/2/671 1584/2/561
f 1583/2/846 1171/2/562 1584/2/561
f 1172/4/845 1175/4/1018 1176/4/596
f 1173/4/853 1177/4/1019 1176/4/596
f 1174/4/857 1178/4/685 1176/4/596
f 1179/4/549 1182/4/573 1183/4/570
f 1180/4/545 1184/4/1021 1183/4/570
f 1181/4/856 1185/4/1020 1183/4/570
f 1186/4/862 1189/4/588 1190/4/585
f 1187/4/587 1191/4/1023 1190/4/585
f 1188/4/850 1192/4/1022 1190/4/585
f 1193/4/861 1196/4/1025 1197/4/561
f 1194/4/540 1198/4/1026 1197/4/561
f 1195/4/530 1199/4/1024 1197/4/561
f 1200/4/844 1203/4/1027 1204/4/574
f 1201/4/602 1205/4/1028 1204/4/574
f 1202/4/542 1206/4/575 1204/4/574
f 1207/4/692 1210/4/593 1211/4/590
f 1208/4/651 1212/4/1030 1211/4/590
f 1209/4/852 1213/4/1029 1211/4/590
f 1214/4/991 1217/4/569 1218/4/565
f 1215/4/859 1219/4/1032 1218/4/565
f 1216/4/858 1220/4/1031 1218/4/565
f 1221/4/860 1224/4/1034 1225/4/579
f 1222/4/1033 1226/4/1035 1225/4/579
f 1223/4/682 1227/4/681 1225/4/579
f 1228/4/869 1231/4/1037 1646/4/574
f 1229/4/855 1647/4/1038 1646/4/574
f 1230/4/877 1645/4/1036 1646/4/574
f 1232/4/870 1644/4/573 1234/4/570
f 1233/4/863 1643/4/1040 1234/4/570
f 1642/4/856 1235/4/1039 1234/4/570
f 1237/4/1041 1238/4/1388 1657/4/543
f 1239/4/613 1238/4/1388 1237/4/1041
f 1240/4/1043 1238/4/1388 1239/4/613
f 1657/4/543 1238/4/1388 1240/4/1043
f 1653/4/718 1651/4/1391 1243/4/1044
f 1242/4/626 1651/4/1391 1652/4/625
f 1243/4/1044 1651/4/1391 1242/4/626
f 1245/4/265 1246/4/509 1248/4/509
f 1666/4/509 1246/4/509 1245/4/265
f 1247/4/268 1246/4/509 1666/4/509
f 1248/4/509 1246/4/509 1247/4/268
f 1662/4/480 1251/4/480 1252/4/264
f 1661/4/261 1251/4/480 1662/4/480
f 1660/4/480 1251/4/480 1661/4/261
f 1252/4/264 1251/4/480 1660/4/480
f 1680/4/1045 1254/4/1392 1678/4/1046
f 1255/4/1047 1254/4/1392 1680/4/1045
f 1256/4/1048 1254/4/1392 1255/4/1047
f 1679/4/1049 1254/4/1392 1256/4/1048
f 1678/4/1046 1254/4/1392 1679/4/1049
f 1673/4/1050 1671/4/1393 1670/4/1051
f 1259/4/1052 1671/4/1393 1673/4/1050
f 1260/4/1053 1671/4/1393 1259/4/1052
f 1672/4/1054 1671/4/1393 1260/4/1053
f 1261/4/647 1683/4/1056 1682/4/565
f 1262/4/865 1264/4/569 1682/4/565
f 1263/4/1015 1265/4/1055 1682/4/565
f 1266/4/994 1269/4/1058 1270/4/561
f 1267/4/530 1271/4/1059 1270/4/561
f 1268/4/864 1681/4/1057 1270/4/561
f 1690/4/1009 1274/4/1061 1275/4/579
f 1272/4/653 1276/4/606 1275/4/579
f 1273/4/663 1691/4/1060 1275/4/579
f 1277/4/587 1686/4/1189 1687/4/585
f 1698/4/265 1281/4/509 1283/4/509
f 1282/4/509 1281/4/509 1698/4/265
f 1697/4/268 1281/4/509 1282/4/509
f 1283/4/509 1281/4/509 1697/4/268
f 1285/4/480 1286/4/480 1288/4/264
f 1695/4/261 1286/4/480 1285/4/480
f 1287/4/480 1286/4/480 1695/4/261
f 1288/4/264 1286/4/480 1287/4/480
f 1291/4/1063 1705/4/1394 1706/4/1064
f 1292/4/1066 1705/4/1394 1291/4/1063
f 1293/4/1067 1705/4/1394 1292/4/1066
f 1704/4/1068 1705/4/1394 1293/4/1067
f 1700/4/1069 1298/4/1395 1302/4/1070
f 1299/4/1071 1298/4/1395 1700/4/1069
f 1300/4/1072 1298/4/1395 1299/4/1071
f 1301/4/1073 1298/4/1395 1300/4/1072
f 1302/4/1070 1298/4/1395 1301/4/1073
f 1303/4/692 1306/4/1076 1713/4/590
f 1304/4/651 1714/4/1077 1713/4/590
f 1305/4/892 1712/4/1075 1713/4/590
f 1707/4/659 1711/4/1079 1307/4/596
f 1709/4/851 1308/4/1080 1307/4/596
f 1708/4/686 1710/4/1078 1307/4/596
f 1724/4/1081 1722/4/1390 1721/4/1082
f 1312/4/1084 1722/4/1390 1724/4/1081
f 1723/4/633 1722/4/1390 1312/4/1084
f 1721/4/1082 1722/4/1390 1723/4/633
f 1719/4/1086 1716/4/1386 1316/4/1087
f 1717/4/1088 1716/4/1386 1718/4/619
f 1316/4/1087 1716/4/1386 1717/4/1088
f 1737/4/1089 1734/4/1396 1321/4/1090
f 1320/4/1091 1734/4/1396 1736/4/1092
f 1735/4/1093 1734/4/1396 1320/4/1091
f 1321/4/1090 1734/4/1396 1735/4/1093
f 1324/4/1095 1729/4/1397 1728/4/1096
f 1731/4/1097 1729/4/1397 1324/4/1095
f 1325/4/1099 1729/4/1397 1731/4/1097
f 1730/4/1100 1729/4/1397 1325/4/1099
f 1747/4/633 1328/4/1390 1329/4/1101
f 1746/4/1102 1328/4/1390 1747/4/633
f 1745/4/1081 1328/4/1390 1746/4/1102
f 1329/4/1101 1328/4/1390 1745/4/1081
f 1332/4/1103 1740/4/1386 1333/4/619
f 1742/4/1104 1740/4/1386 1332/4/1103
f 1333/4/619 1740/4/1386 1741/4/1105
f 1336/4/272 1756/4/484 1338/4/484
f 1757/4/484 1756/4/484 1336/4/272
f 1337/4/269 1756/4/484 1757/4/484
f 1338/4/484 1756/4/484 1337/4/269
f 1748/4/273 1753/4/505 1751/4/505
f 1340/4/278 1751/4/505 1753/4/505
f 1752/4/505 1751/4/505 1340/4/278
f 1749/4/273 1341/4/273 1751/4/505
f 1764/4/653 1342/4/1107 1766/4/579
f 1763/4/663 1765/4/1191 1766/4/579
f 1343/4/850 1761/4/1109 1345/4/585
f 1344/4/698 1760/4/1110 1345/4/585
f 1758/4/587 1759/4/1108 1345/4/585
f 1769/4/550 1771/4/1112 1347/4/574
f 1770/4/855 1348/4/1113 1347/4/574
f 1346/4/986 1349/4/1111 1347/4/574
f 1350/4/988 1353/4/1114 1354/4/570
f 1351/4/545 1355/4/1115 1354/4/570
f 1352/4/897 1768/4/1039 1354/4/570
f 1775/4/1116 1778/4/1118 1357/4/565
f 1356/4/553 1777/4/1119 1357/4/565
f 1776/4/647 1358/4/1117 1357/4/565
f 1772/4/556 1359/4/1121 1360/4/561
f 1774/4/994 1361/4/1123 1360/4/561
f 1773/4/1122 1362/4/1120 1360/4/561
f 1784/2/509 1366/2/509 1369/2/265
f 1367/2/268 1366/2/509 1784/2/509
f 1368/2/509 1366/2/509 1367/2/268
f 1369/2/265 1366/2/509 1368/2/509
f 1373/2/480 1780/2/480 1782/2/264
f 1781/2/261 1780/2/480 1373/2/480
f 1374/2/480 1780/2/480 1781/2/261
f 1782/2/264 1780/2/480 1374/2/480
f 1787/2/272 1377/2/484 1379/2/484
f 1378/2/484 1377/2/484 1787/2/272
f 1788/2/269 1377/2/484 1378/2/484
f 1379/2/484 1377/2/484 1788/2/269
f 1384/2/273 1385/2/505 1388/2/505
f 1386/2/505 1385/2/505 1384/2/273
f 1387/2/278 1385/2/505 1386/2/505
f 1388/2/505 1385/2/505 1387/2/278
f 1389/4/909 1793/4/1125 1391/4/590
f 1390/4/833 1392/4/1126 1391/4/590
f 1791/4/651 1792/4/1124 1391/4/590
f 1393/4/851 1395/4/976 1396/4/596
f 1394/4/912 1790/4/600 1396/4/596
f 1789/4/845 1397/4/1127 1396/4/596
f 1398/4/840 1797/4/987 1401/4/574
f 1399/4/877 1796/4/1129 1401/4/574
f 1400/4/1006 1795/4/1128 1401/4/574
f 1402/4/910 1794/4/1131 1405/4/570
f 1403/4/900 1406/4/573 1405/4/570
f 1404/4/545 1407/4/1130 1405/4/570
f 1408/4/1132 1800/4/980 1411/4/579
f 1409/4/1134 1412/4/606 1411/4/579
f 1410/4/913 1413/4/1133 1411/4/579
f 1414/4/850 1799/4/1136 1798/4/585
f 1415/4/838 1417/4/588 1798/4/585
f 1416/4/911 1418/4/1135 1798/4/585
f 1419/4/647 1422/4/1138 1803/4/565
f 1420/4/1116 1423/4/1139 1803/4/565
f 1421/4/914 1424/4/1137 1803/4/565
f 1425/4/1140 1427/4/996 1802/4/561
f 1801/4/1142 1428/4/1059 1802/4/561
f 1426/4/556 1429/4/1141 1802/4/561
f 1434/2/1143 1435/2/1145 1438/2/1144
f 1431/2/834 1436/2/1147 1435/2/1145
f 1437/5/1146 1435/5/1145 1436/5/1147
f 1433/5/1149 1438/5/1144 1435/5/1145
f 1439/5/1150 1443/5/1154 1444/5/1151
f 1445/5/1153 1444/5/1151 1443/5/1154
f 1441/2/824 1446/2/1156 1444/2/1151
f 1447/2/1152 1444/2/1151 1446/2/1156
f 1452/2/1157 1453/2/1159 1456/2/1158
f 1449/2/831 1454/2/1161 1453/2/1159
f 1455/5/1160 1453/5/1159 1454/5/1161
f 1451/5/821 1456/5/1158 1453/5/1159
f 1457/2/830 1461/2/1165 1462/2/1162
f 1463/2/1164 1462/2/1162 1461/2/1165
f 1459/5/921 1464/5/1166 1462/5/1162
f 1465/5/1163 1462/5/1162 1464/5/1166
f 1466/5/833 1469/5/1076 1842/5/590
f 1467/5/927 1470/5/1169 1842/5/590
f 1468/5/932 1471/5/1168 1842/5/590
f 1472/5/907 1475/5/1170 1841/5/596
f 1473/5/853 1476/5/1171 1841/5/596
f 1474/5/912 1840/5/1078 1841/5/596
f 1477/5/930 1845/5/1173 1479/5/579
f 1844/5/931 1480/5/1174 1479/5/579
f 1478/5/653 1481/5/1172 1479/5/579
f 1843/5/862 1484/5/1175 1485/5/585
f 1482/5/933 1486/5/1177 1485/5/585
f 1483/5/1176 1487/5/586 1485/5/585
f 1488/5/908 1490/5/1178 1848/5/574
f 1846/5/855 1491/5/1179 1848/5/574
f 1489/5/986 1847/5/1111 1848/5/574
f 1492/5/1180 1495/5/1002 1496/5/570
f 1493/5/545 1497/5/1181 1496/5/570
f 1494/5/928 1498/5/674 1496/5/570
f 1499/5/991 1501/5/1016 1502/5/565
f 1852/5/553 1503/5/1183 1502/5/565
f 1500/5/929 1504/5/1182 1502/5/565
f 1505/5/556 1851/5/1186 1506/5/561
f 1850/5/1185 1507/5/1187 1506/5/561
f 1849/5/1122 1508/5/1184 1506/5/561
f 1025/5/934 1031/5/936 1035/5/942
f 1035/5/942 1031/5/936 1027/5/924
f 1040/5/946 1042/5/947 1052/5/950
f 1042/5/947 1039/5/917 1046/5/916
f 1033/5/926 1048/5/925 1051/5/952
f 1037/5/943 1051/5/952 1047/5/923
f 1027/5/924 1030/5/938 1044/5/948
f 1030/5/938 1026/5/820 1041/5/822
f 1061/2/827 1063/2/961 1059/2/954
f 1063/2/961 1060/2/958 1053/2/918
f 1074/2/829 1080/2/970 1070/2/967
f 1080/2/970 1076/2/972 1068/2/826
f 1054/2/955 1069/2/823 1072/2/968
f 1058/2/957 1072/2/968 1068/2/826
f 1062/2/962 1065/2/963 1079/2/973
f 1065/2/963 1061/2/827 1076/2/972
f 1430/2/919 1060/2/958 1066/2/960
f 1434/2/1143 1066/2/960 1062/2/962
f 1032/5/939 1038/5/941 1443/5/1154
f 1038/5/941 1034/5/922 1440/5/1155
f 1448/2/821 1075/2/835 1077/2/971
f 1452/2/1157 1077/2/971 1074/2/829
f 1067/2/964 1073/2/966 1461/2/1165
f 1073/2/966 1069/2/823 1458/2/825
f 1082/2/853 1084/2/975 1566/2/977
f 1084/2/975 1081/2/832 1087/2/833
f 1095/2/838 1100/2/981 1572/2/979
f 1100/2/981 1096/2/982 1093/2/905
f 1096/2/982 1099/2/983 1086/2/976
f 1099/2/983 1568/2/587 1083/2/836
f 1565/2/906 1091/2/978 1571/2/980
f 1091/2/978 1088/2/841 1569/2/842
f 1108/2/988 1114/2/989 1104/2/985
f 1114/2/989 1110/2/839 1102/2/840
f 1122/2/994 1124/2/995 1121/2/992
f 1124/2/995 1573/2/556 1115/2/991
f 1123/2/530 1125/2/996 1113/2/990
f 1125/2/996 1122/2/994 1110/2/839
f 1103/2/986 1106/2/987 1120/2/993
f 1106/2/987 1102/2/840 1117/2/647
f 1127/2/851 1133/2/997 1139/2/999
f 1133/2/997 1129/2/659 1134/2/833
f 1140/2/902 1579/2/1001 1149/2/1004
f 1579/2/1001 1141/2/903 1577/2/840
f 1576/2/1006 1148/2/1007 1784/2/509
f 1148/2/1007 1145/2/843 1783/2/268
f 1129/2/659 1132/2/600 1373/2/480
f 1132/2/600 1128/2/904 1371/2/261
f 1580/2/838 1159/2/1012 1153/2/979
f 1159/2/1012 1157/2/850 1151/2/1009
f 1168/2/994 1169/2/1017 1165/2/1014
f 1169/2/1017 1582/2/556 1163/2/991
f 1164/2/1015 1166/2/1016 1379/2/484
f 1166/2/1016 1163/2/991 1785/2/272
f 1158/2/587 1581/2/588 1388/2/505
f 1581/2/588 1580/2/838 1380/2/273
f 1583/2/846 1170/2/671 1144/2/1003
f 1170/2/671 1168/2/994 1141/2/903
f 1145/2/843 1146/2/1005 1167/2/1013
f 1146/2/1005 1577/2/840 1162/2/647
f 1135/2/849 1138/2/1000 1155/2/1010
f 1138/2/1000 1575/2/848 1152/2/653
f 1128/2/904 1130/2/998 1161/2/1011
f 1130/2/998 1127/2/851 1157/2/850
f 1179/4/549 1172/4/845 1178/4/685
f 1178/4/685 1174/4/857 1180/4/545
f 1187/4/587 1189/4/588 1199/4/1024
f 1189/4/588 1186/4/862 1193/4/861
f 1195/4/530 1198/4/1026 1184/4/1021
f 1198/4/1026 1194/4/540 1181/4/856
f 1174/4/857 1177/4/1019 1191/4/1023
f 1177/4/1019 1173/4/853 1188/4/850
f 1202/4/542 1208/4/651 1210/4/593
f 1210/4/593 1207/4/692 1200/4/844
f 1214/4/991 1221/4/860 1227/4/681
f 1227/4/681 1223/4/682 1215/4/859
f 1216/4/858 1219/4/1032 1205/4/1028
f 1219/4/1032 1215/4/859 1202/4/542
f 1209/4/852 1212/4/1030 1226/4/1035
f 1212/4/1030 1208/4/651 1223/4/682
f 1207/4/692 1213/4/1029 1175/4/1018
f 1213/4/1029 1209/4/852 1173/4/853
f 1179/4/549 1185/4/1020 1203/4/1027
f 1185/4/1020 1181/4/856 1201/4/602
f 1222/4/1033 1224/4/1034 1192/4/1022
f 1224/4/1034 1221/4/860 1186/4/862
f 1214/4/991 1220/4/1031 1196/4/1025
f 1220/4/1031 1216/4/858 1194/4/540
f 1232/4/870 1235/4/1039 1231/4/1037
f 1235/4/1039 1642/4/856 1229/4/855
f 1230/4/877 1647/4/1038 1237/4/1041
f 1647/4/1038 1229/4/855 1656/4/1042
f 1648/4/546 1243/4/1044 1643/4/1040
f 1243/4/1044 1241/4/854 1642/4/856
f 1241/4/854 1242/4/626 1239/4/613
f 1242/4/626 1649/4/871 1236/4/645
f 1658/4/264 1252/4/264 1245/4/265
f 1252/4/264 1250/4/264 1665/4/265
f 1664/4/268 1247/4/268 1680/4/1045
f 1247/4/268 1244/4/268 1677/4/4
f 1257/4/278 1670/4/1051 1661/4/261
f 1670/4/1051 1667/4/2 1249/4/261
f 1258/4/880 1259/4/1052 1679/4/1049
f 1259/4/1052 1669/4/866 1675/4/868
f 1244/4/268 1666/4/509 1645/4/1036
f 1666/4/509 1665/4/265 1228/4/869
f 1233/4/863 1644/4/573 1660/4/480
f 1644/4/573 1232/4/870 1250/4/264
f 1654/4/876 1657/4/543 1255/4/1047
f 1657/4/543 1655/4/872 1676/4/873
f 1266/4/994 1681/4/1057 1683/4/1056
f 1681/4/1057 1268/4/864 1262/4/865
f 1685/4/1188 1689/4/1279 1691/4/1060
f 1277/4/587 1688/4/1062 1271/4/1059
f 1688/4/1062 1685/4/1188 1268/4/864
f 1263/4/1015 1264/4/569 1276/4/606
f 1264/4/569 1262/4/865 1273/4/663
f 1272/4/653 1274/4/1061 1256/4/1048
f 1274/4/1061 1690/4/1009 1253/4/879
f 1668/4/874 1260/4/1053 1686/4/1189
f 1260/4/1053 1258/4/880 1684/4/850
f 1650/4/875 1267/4/530 1269/4/1058
f 1269/4/1058 1266/4/994 1649/4/871
f 1655/4/872 1240/4/1043 1265/4/1055
f 1240/4/1043 1236/4/645 1261/4/647
f 1692/4/264 1288/4/264 1698/4/265
f 1288/4/264 1693/4/264 1279/4/265
f 1280/4/268 1697/4/268 1706/4/1064
f 1697/4/268 1696/4/268 1289/4/1065
f 1294/4/2 1302/4/1070 1695/4/261
f 1302/4/1070 1297/4/878 1694/4/261
f 1296/4/1074 1300/4/1072 1292/4/1066
f 1300/4/1072 1295/4/886 1290/4/888
f 1297/4/878 1301/4/1073 1673/4/1050
f 1301/4/1073 1296/4/1074 1669/4/866
f 1674/4/269 1678/4/1046 1291/4/1063
f 1678/4/1046 1675/4/868 1703/4/867
f 1279/4/265 1663/4/265 1248/4/509
f 1248/4/509 1664/4/268 1696/4/268
f 1693/4/264 1287/4/480 1662/4/480
f 1287/4/480 1694/4/261 1659/4/261
f 1709/4/851 1711/4/1079 1712/4/1075
f 1711/4/1079 1707/4/659 1303/4/692
f 1305/4/892 1714/4/1077 1721/4/1082
f 1714/4/1077 1304/4/651 1309/4/1083
f 1715/4/893 1719/4/1086 1308/4/1080
f 1719/4/1086 1313/4/885 1708/4/686
f 1314/4/619 1718/4/619 1723/4/633
f 1718/4/619 1715/4/893 1311/4/1085
f 1304/4/651 1306/4/1076 1283/4/509
f 1306/4/1076 1303/4/692 1278/4/265
f 1284/4/261 1285/4/480 1710/4/1078
f 1285/4/480 1692/4/264 1707/4/659
f 1313/4/885 1316/4/1087 1700/4/1069
f 1316/4/1087 1315/4/894 1699/4/896
f 1701/4/4 1704/4/1068 1724/4/1081
f 1704/4/1068 1702/4/890 1310/4/891
f 1727/4/1098 1324/4/1095 1321/4/1090
f 1324/4/1095 1322/4/883 1317/4/884
f 1330/4/619 1333/4/619 1747/4/633
f 1333/4/619 1738/4/882 1326/4/1085
f 1739/4/1190 1742/4/1104 1325/4/1099
f 1742/4/1104 1331/4/901 1323/4/2
f 1318/4/1094 1320/4/1091 1745/4/1081
f 1320/4/1091 1732/4/4 1744/4/891
f 1327/4/642 1746/4/1102 1312/4/1084
f 1746/4/1102 1326/4/1085 1720/4/881
f 1315/4/894 1717/4/1088 1741/4/1105
f 1717/4/1088 1314/4/619 1738/4/882
f 1726/4/895 1731/4/1097 1299/4/1071
f 1731/4/1097 1727/4/1098 1295/4/886
f 1702/4/890 1293/4/1067 1735/4/1093
f 1293/4/1067 1290/4/888 1319/4/887
f 1748/4/273 1341/4/273 1336/4/272
f 1341/4/273 1749/4/273 1755/4/272
f 1344/4/698 1761/4/1109 1765/4/1191
f 1761/4/1109 1343/4/850 1762/4/1192
f 1760/4/1110 1344/4/698 1749/4/273
f 1335/4/269 1757/4/484 1342/4/1107
f 1757/4/484 1755/4/272 1763/4/663
f 1343/4/850 1759/4/1108 1332/4/1103
f 1759/4/1108 1758/4/587 1331/4/901
f 1725/4/889 1730/4/1100 1340/4/278
f 1730/4/1100 1323/4/2 1750/4/278
f 1732/4/4 1736/4/1092 1337/4/269
f 1736/4/1092 1733/4/899 1754/4/269
f 1743/4/898 1329/4/1101 1767/4/1106
f 1329/4/1101 1744/4/891 1764/4/653
f 1350/4/988 1768/4/1039 1771/4/1112
f 1768/4/1039 1352/4/897 1770/4/855
f 1774/4/994 1359/4/1121 1358/4/1117
f 1359/4/1121 1772/4/556 1775/4/1116
f 1352/4/897 1355/4/1115 1361/4/1123
f 1355/4/1115 1351/4/545 1773/4/1122
f 1346/4/986 1348/4/1113 1777/4/1119
f 1348/4/1113 1770/4/855 1776/4/647
f 1772/4/556 1362/4/1120 1753/4/505
f 1362/4/1120 1773/4/1122 1339/4/278
f 1322/4/883 1728/4/1096 1353/4/1114
f 1728/4/1096 1725/4/889 1351/4/545
f 1733/4/899 1737/4/1089 1349/4/1111
f 1737/4/1089 1317/4/884 1769/4/550
f 1334/4/272 1338/4/484 1778/4/1118
f 1338/4/484 1754/4/269 1356/4/553
f 1365/2/265 1368/2/509 1136/2/593
f 1368/2/509 1364/2/268 1575/2/848
f 1779/2/264 1374/2/480 1142/2/1002
f 1374/2/480 1372/2/261 1578/2/545
f 1376/2/269 1378/2/484 1156/2/1008
f 1378/2/484 1375/2/272 1150/2/847
f 1382/2/278 1386/2/505 1171/2/562
f 1386/2/505 1381/2/273 1582/2/556
f 1383/2/278 1387/2/278 1781/2/261
f 1387/2/278 1382/2/278 1372/2/261
f 1786/2/269 1788/2/269 1367/2/268
f 1788/2/269 1376/2/269 1364/2/268
f 1381/2/273 1384/2/273 1787/2/272
f 1384/2/273 1380/2/273 1375/2/272
f 1363/2/265 1369/2/265 1782/2/264
f 1369/2/265 1365/2/265 1370/2/264
f 1087/2/833 1101/2/550 1107/2/984
f 1107/2/984 1103/2/986 1088/2/841
f 1092/2/837 1094/2/681 1118/2/569
f 1094/2/681 1569/2/842 1116/2/553
f 1568/2/587 1097/2/588 1126/2/562
f 1097/2/588 1095/2/838 1573/2/556
f 1081/2/832 1567/2/974 1111/2/573
f 1567/2/974 1083/2/836 1109/2/545
f 1393/4/851 1397/4/1127 1793/4/1125
f 1397/4/1127 1789/4/845 1390/4/833
f 1403/4/900 1794/4/1131 1795/4/1128
f 1794/4/1131 1402/4/910 1398/4/840
f 1400/4/1006 1796/4/1129 1392/4/1126
f 1392/4/1126 1796/4/1129 1399/4/877
f 1789/4/845 1790/4/600 1406/4/573
f 1790/4/600 1394/4/912 1404/4/545
f 1415/4/838 1799/4/1136 1413/4/1133
f 1799/4/1136 1414/4/850 1408/4/1132
f 1425/4/1140 1429/4/1141 1422/4/1138
f 1429/4/1141 1426/4/556 1420/4/1116
f 1409/4/1134 1421/4/914 1423/4/1139
f 1423/4/1139 1420/4/1116 1410/4/913
f 1416/4/911 1417/4/588 1428/4/1059
f 1417/4/588 1415/4/838 1426/4/556
f 1389/4/909 1792/4/1124 1800/4/980
f 1792/4/1124 1791/4/651 1409/4/1134
f 1419/4/647 1424/4/1137 1797/4/987
f 1424/4/1137 1421/4/914 1399/4/877
f 1394/4/912 1395/4/976 1418/4/1135
f 1395/4/976 1393/4/851 1414/4/850
f 1402/4/910 1407/4/1130 1427/4/996
f 1407/4/1130 1404/4/545 1801/4/1142
f 1025/5/934 1433/5/1149 1437/5/1146
f 1028/5/937 1437/5/1146 1432/5/1148
f 1442/2/920 1446/2/1156 1056/2/956
f 1446/2/1156 1441/2/824 1054/2/955
f 1041/5/822 1451/5/821 1455/5/1160
f 1045/5/945 1455/5/1160 1450/5/915
f 1460/5/1167 1464/5/1166 1049/5/951
f 1464/5/1166 1459/5/921 1047/5/923
f 1458/2/825 1441/2/824 1445/2/1153
f 1463/5/1164 1445/5/1153 1440/5/1155
f 1457/2/830 1465/2/1163 1454/2/1161
f 1465/5/1163 1460/5/1167 1450/5/915
f 1448/2/821 1456/2/1158 1436/2/1147
f 1456/5/1158 1451/5/821 1432/5/1148
f 1430/2/919 1438/2/1144 1447/2/1152
f 1438/5/1144 1433/5/1149 1439/5/1150
f 1473/5/853 1475/5/1170 1471/5/1168
f 1475/5/1170 1472/5/907 1466/5/833
f 1843/5/862 1487/5/586 1845/5/1173
f 1487/5/586 1483/5/1176 1844/5/931
f 1483/5/1176 1486/5/1177 1476/5/1171
f 1486/5/1177 1482/5/933 1474/5/912
f 1468/5/932 1470/5/1169 1480/5/1174
f 1470/5/1169 1467/5/927 1478/5/653
f 1492/5/1180 1498/5/674 1490/5/1178
f 1498/5/674 1494/5/928 1846/5/855
f 1850/5/1185 1851/5/1186 1504/5/1182
f 1851/5/1186 1505/5/556 1499/5/991
f 1849/5/1122 1507/5/1187 1497/5/1181
f 1507/5/1187 1850/5/1185 1494/5/928
f 1489/5/986 1491/5/1179 1503/5/1183
f 1491/5/1179 1846/5/855 1500/5/929
f 1852/5/553 1501/5/1016 1481/5/1172
f 1501/5/1016 1499/5/991 1477/5/930
f 1482/5/933 1484/5/1175 1508/5/1184
f 1484/5/1175 1843/5/862 1505/5/556
f 1472/5/907 1840/5/1078 1495/5/1002
f 1840/5/1078 1474/5/912 1493/5/545
f 1489/5/986 1467/5/927 1469/5/1076
f 1847/5/1111 1469/5/1076 1466/5/833
f 1439/5/1150 1433/5/1149 1025/5/934
f 1510/5/1193 1525/5/1238 1825/5/1194
f 1815/2/1196 1538/2/1246 1553/2/1197
f 1539/2/1199 1545/2/1252 1560/2/1200
f 1831/2/1202 1551/2/1255 1558/2/1203
f 1805/2/1205 1822/2/1295 1559/2/1206
f 1586/4/1208 1621/4/599 1614/4/549
f 1602/4/1209 1636/4/1176 1623/4/853
f 1609/4/859 1601/4/682 1588/4/651
f 1595/4/1210 1615/4/695 1630/4/540
f 1622/4/857 1637/4/1277 1629/4/530
f 1607/4/1211 1628/4/1274 1635/4/838
f 1530/5/1212 1834/5/1304 1824/5/1213
f 1804/2/1215 1544/2/1249 1537/2/1216
f 1518/5/1218 1814/5/1290 1833/5/1219
f 1532/5/1221 1524/5/1236 1511/5/1222
f 1509/5/1224 1515/5/1228 1513/5/1225
f 1510/5/1193 1512/5/1226 1513/5/1225
f 1511/5/1222 1514/5/1227 1513/5/1225
f 1516/5/1229 1522/5/1233 1520/5/1230
f 1517/5/1223 1519/5/1231 1520/5/1230
f 1518/5/1218 1521/5/1232 1520/5/1230
f 1523/5/1214 1529/5/1239 1527/5/1234
f 1524/5/1236 1526/5/1235 1527/5/1234
f 1525/5/1238 1528/5/1237 1527/5/1234
f 1530/5/1212 1536/5/1243 1534/5/1240
f 1531/5/1220 1533/5/1241 1534/5/1240
f 1532/5/1221 1535/5/1242 1534/5/1240
f 1537/2/1216 1543/2/1248 1541/2/1244
f 1538/2/1246 1540/2/1245 1541/2/1244
f 1539/2/1199 1542/2/1247 1541/2/1244
f 1544/2/1249 1550/2/1254 1548/2/1250
f 1545/2/1252 1547/2/1251 1548/2/1250
f 1546/2/1207 1549/2/1253 1548/2/1250
f 1551/2/1255 1557/2/1259 1555/2/1256
f 1552/2/1201 1554/2/1257 1555/2/1256
f 1553/2/1197 1556/2/1258 1555/2/1256
f 1558/2/1203 1564/2/1263 1562/2/1260
f 1559/2/1206 1561/2/1261 1562/2/1260
f 1560/2/1200 1563/2/1262 1562/2/1260
f 1586/4/1208 1592/4/593 1590/4/590
f 1587/4/932 1589/4/1264 1590/4/590
f 1588/4/651 1591/4/1265 1590/4/590
f 1593/4/550 1599/4/1267 1597/4/574
f 1594/4/542 1596/4/575 1597/4/574
f 1595/4/1210 1598/4/1266 1597/4/574
f 1600/4/663 1606/4/1034 1604/4/579
f 1601/4/682 1603/4/1268 1604/4/579
f 1602/4/1209 1605/4/1269 1604/4/579
f 1607/4/1211 1613/4/569 1611/4/565
f 1608/4/647 1610/4/1031 1611/4/565
f 1609/4/859 1612/4/1137 1611/4/565
f 1614/4/549 1620/4/573 1618/4/570
f 1615/4/695 1617/4/1270 1618/4/570
f 1616/4/545 1619/4/1271 1618/4/570
f 1621/4/599 1627/4/1273 1625/4/596
f 1622/4/857 1624/4/685 1625/4/596
f 1623/4/853 1626/4/1272 1625/4/596
f 1628/4/1274 1634/4/1025 1632/4/561
f 1629/4/530 1631/4/562 1632/4/561
f 1630/4/540 1633/4/1275 1632/4/561
f 1635/4/838 1641/4/1278 1639/4/585
f 1636/4/1176 1638/4/1022 1639/4/585
f 1637/4/1277 1640/4/1276 1639/4/585
f 1652/4/625 1651/4/1391 1653/4/718
f 1670/4/1051 1671/4/1393 1672/4/1054
f 1684/4/850 1689/4/1279 1687/4/585
f 1685/4/1188 1688/4/1062 1687/4/585
f 1706/4/1064 1705/4/1394 1704/4/1068
f 1718/4/619 1716/4/1386 1719/4/1086
f 1728/4/1096 1729/4/1397 1730/4/1100
f 1736/4/1092 1734/4/1396 1737/4/1089
f 1741/4/1105 1740/4/1386 1742/4/1104
f 1762/4/1192 1767/4/1106 1766/4/579
f 1812/2/1280 1809/2/1282 1808/2/1281
f 1805/2/1205 1808/2/1281 1809/2/1282
f 1810/5/1283 1809/5/1282 1811/5/1284
f 1807/5/1285 1811/5/1284 1809/5/1282
f 1813/5/1286 1821/5/1292 1818/5/1287
f 1817/5/1288 1818/5/1287 1819/5/1289
f 1815/2/1196 1819/2/1289 1818/2/1287
f 1820/2/1291 1818/2/1287 1821/2/1292
f 1830/2/1293 1827/2/1296 1826/2/1294
f 1823/2/1204 1826/2/1294 1827/2/1296
f 1828/5/1297 1827/5/1296 1829/5/1298
f 1825/5/1194 1829/5/1298 1827/5/1296
f 1831/2/1202 1839/2/1303 1836/2/1299
f 1835/2/1300 1836/2/1299 1837/2/1301
f 1833/5/1219 1837/5/1301 1836/5/1299
f 1838/5/1302 1836/5/1299 1839/5/1303
f 1519/5/1231 1515/5/1228 1509/5/1224
f 1517/5/1223 1511/5/1222 1515/5/1228
f 1532/5/1221 1536/5/1243 1526/5/1235
f 1536/5/1243 1530/5/1212 1523/5/1214
f 1517/5/1223 1521/5/1232 1535/5/1242
f 1521/5/1232 1518/5/1218 1531/5/1220
f 1528/5/1237 1514/5/1227 1511/5/1222
f 1525/5/1238 1510/5/1193 1514/5/1227
f 1543/2/1248 1547/2/1251 1545/2/1252
f 1537/2/1216 1544/2/1249 1547/2/1251
f 1554/2/1257 1564/2/1263 1558/2/1203
f 1552/2/1201 1560/2/1200 1564/2/1263
f 1538/2/1246 1542/2/1247 1556/2/1258
f 1542/2/1247 1539/2/1199 1552/2/1201
f 1563/2/1262 1549/2/1253 1546/2/1207
f 1560/2/1200 1545/2/1252 1549/2/1253
f 1804/2/1215 1808/2/1281 1550/2/1254
f 1808/2/1281 1805/2/1205 1546/2/1207
f 1817/5/1288 1522/5/1233 1516/5/1229
f 1814/5/1290 1518/5/1218 1522/5/1233
f 1822/2/1295 1826/2/1294 1561/2/1261
f 1826/2/1294 1823/2/1204 1558/2/1203
f 1835/2/1300 1557/2/1259 1551/2/1255
f 1832/2/1198 1553/2/1197 1557/2/1259
f 1593/4/550 1596/4/575 1592/4/593
f 1594/4/542 1588/4/651 1592/4/593
f 1613/4/569 1603/4/1268 1601/4/682
f 1607/4/1211 1600/4/663 1603/4/1268
f 1594/4/542 1598/4/1266 1612/4/1137
f 1595/4/1210 1608/4/647 1612/4/1137
f 1605/4/1269 1591/4/1265 1588/4/651
f 1602/4/1209 1587/4/932 1591/4/1265
f 1616/4/545 1620/4/573 1624/4/685
f 1614/4/549 1621/4/599 1624/4/685
f 1628/4/1274 1631/4/562 1641/4/1278
f 1629/4/530 1637/4/1277 1641/4/1278
f 1619/4/1271 1633/4/1275 1630/4/540
f 1616/4/545 1629/4/530 1633/4/1275
f 1640/4/1276 1626/4/1272 1623/4/853
f 1637/4/1277 1622/4/857 1626/4/1272
f 1589/4/1264 1627/4/1273 1621/4/599
f 1587/4/932 1623/4/853 1627/4/1273
f 1617/4/1270 1599/4/1267 1593/4/550
f 1615/4/695 1595/4/1210 1599/4/1267
f 1606/4/1034 1638/4/1022 1636/4/1176
f 1600/4/663 1635/4/838 1638/4/1022
f 1610/4/1031 1634/4/1025 1628/4/1274
f 1608/4/647 1630/4/540 1634/4/1025
f 1672/4/1054 1653/4/718 1648/4/546
f 1668/4/874 1650/4/875 1653/4/718
f 1684/4/850 1690/4/1009 1691/4/1060
f 1760/4/1110 1752/4/505 1750/4/278
f 1509/5/1224 1512/5/1226 1811/5/1284
f 1512/5/1226 1510/5/1193 1806/5/1195
f 1540/2/1245 1820/2/1291 1816/2/1217
f 1538/2/1246 1815/2/1196 1820/2/1291
f 1525/5/1238 1529/5/1239 1829/5/1298
f 1529/5/1239 1523/5/1214 1824/5/1213
f 1533/5/1241 1838/5/1302 1834/5/1304
f 1531/5/1220 1833/5/1219 1838/5/1302
f 1832/2/1198 1837/2/1301 1819/2/1289
f 1837/5/1301 1833/5/1219 1814/5/1290
f 1828/2/1297 1839/2/1303 1831/2/1202
f 1824/5/1213 1834/5/1304 1839/5/1303
f 1810/2/1283 1830/2/1293 1822/2/1295
f 1806/5/1195 1825/5/1194 1830/5/1293
f 1821/2/1292 1812/2/1280 1804/2/1215
f 1821/5/1292 1813/5/1286 1807/5/1285
f 1509/5/1224 1807/5/1285 1813/5/1286
